idx,t_rel_s,latency_s,status,ttft_s,avg_tbt_s,worst_tbt_s
0,0.016822397999931127,0.9016163900014362,ok,0.05715608596801758,0.017552728238313095,0.08714675903320312
1,1.0019536620002327,0.5637023269991914,ok,0.022874116897583008,0.020173274553739108,0.09436869621276855
2,2.001138534000347,0.8045076220005285,ok,0.06578636169433594,0.018065768480300903,0.09218859672546387
3,2.50236582099933,0.8612751549990207,ok,0.3454718589782715,0.020511080821355183,0.08675336837768555
4,3.0010775179998745,0.9453787339989503,ok,0.33987998962402344,0.011506983574400557,0.011806249618530273
5,3.3341174889992544,0.6835123140008363,ok,0.044307708740234375,0.011720703198359562,0.014580249786376953
6,3.6683826589996897,0.8204412560007768,ok,0.36678338050842285,0.01422566572825114,0.014508724212646484
7,4.251077934999557,0.8689024440009234,ok,0.28079938888549805,0.018254910745928363,0.0871591567993164
8,4.500941749000049,0.952737244000673,ok,0.3953995704650879,0.01224928010593761,0.01441502571105957
9,4.750728204000552,0.5066017440003634,ok,0.1279134750366211,0.01149732271830241,0.012133598327636719
10,5.200181537999015,0.8965044159995159,ok,0.2949347496032715,0.016528892517089843,0.08456587791442871
11,5.40159031300027,0.6835174019997794,ok,0.09451580047607422,0.01667669941397274,0.08456587791442871
12,5.60028088999934,0.9651292850012396,ok,0.38759684562683105,0.013091058958144415,0.026856660842895508
13,6.0007205290003185,0.8856734699984372,ok,0.38973474502563477,0.011488829340253557,0.012017488479614258
14,6.168849665999005,0.5573612930002128,ok,0.21108269691467285,0.011507298265184675,0.012017488479614258
15,6.333254511999257,0.6262381510005071,ok,0.05675101280212402,0.01181784081966319,0.027152538299560547
16,6.500661993999529,0.5623332349987322,ok,0.39372849464416504,0.011514590336726261,0.011955022811889648
17,6.6676058110006124,0.6237585100006982,ok,0.22132468223571777,0.01146770968581691,0.011955022811889648
18,6.833443535999322,0.591896600999462,ok,0.06085991859436035,0.012186987059456962,0.026631832122802734
19,7.000647339998977,0.8593927849997272,ok,0.38449931144714355,0.011458122730255127,0.012043237686157227
20,7.168234961000053,0.9393803169987223,ok,0.21262574195861816,0.011764319737752278,0.026535987854003906
21,7.333537749000243,0.5380467260001751,ok,0.042386770248413086,0.011458106157256336,0.012043237686157227
22,7.500543444999494,0.9240096970006562,ok,0.39514660835266113,0.011924649393835734,0.026331424713134766
23,7.833445385000232,0.5136947959999816,ok,0.06334805488586426,0.01145923137664795,0.012048482894897461
24,8.000520589999724,0.8075057030000607,ok,0.38579702377319336,0.011563151223318918,0.014250755310058594
25,8.14477017399986,0.6215437970004132,ok,0.2363109588623047,0.01141277700662613,0.011902332305908203
26,8.42972809099956,0.7881563650007593,ok,0.40300583839416504,0.011473581194877625,0.011830568313598633
27,8.571448955999585,0.6883037620009418,ok,0.2550525665283203,0.011562073931974523,0.014482498168945312
28,8.857745491999594,0.8444471610000619,ok,0.3847782611846924,0.011981790130202835,0.026968717575073242
29,9.001250502000403,0.6777720339996449,ok,0.2361307144165039,0.011991051265171596,0.026968717575073242
30,9.125965900000665,0.6350425799992081,ok,0.10977411270141602,0.011943181355794271,0.026968717575073242
31,9.250989435999145,0.7524756149996392,ok,0.39535021781921387,0.011607646942138672,0.012095928192138672
32,9.375958381999226,0.7196772940005758,ok,0.26831841468811035,0.01160316853909879,0.012095928192138672
33,9.500306382999042,0.6070971400004055,ok,0.14161157608032227,0.011601441784908897,0.012095928192138672
34,9.625350158999936,0.6181069140002364,ok,0.02635645866394043,0.01201459268728892,0.026391983032226562
35,9.75034589399911,1.1362799430007726,ok,0.39020776748657227,0.011864990484519083,0.026937484741210938
36,9.875240871000642,0.7140628080014721,ok,0.2629818916320801,0.011541514783292203,0.011853456497192383
37,10.000645743999485,0.5196242279998842,ok,0.14768552780151367,0.011539751483548072,0.011853456497192383
38,10.223984345000645,1.0860419280015776,ok,0.3870091438293457,0.011917515804893091,0.027374744415283203
39,10.333671430998947,0.6568557779992261,ok,0.28292202949523926,0.011615791628437658,0.012029886245727539
40,10.445005764999223,0.7130780949992186,ok,0.16769003868103027,0.011977450414137407,0.027374744415283203
41,10.556781485000101,0.6949362170016684,ok,0.05225372314453125,0.011935009406163143,0.027374744415283203
42,10.66729669400047,0.7122050620000664,ok,0.3860037326812744,0.011709011518038236,0.012430429458618164
43,10.77870787699976,0.9421570810009143,ok,0.28164124488830566,0.011958422484221283,0.026779890060424805
44,10.889800372000536,0.6673249650011712,ok,0.16506505012512207,0.012047159671783447,0.026779890060424805
45,11.000683358999595,0.6502395790012088,ok,0.0494694709777832,0.011992638309796652,0.026779890060424805
46,11.100974019000205,0.9381810419999965,ok,0.38722920417785645,0.012019683014262806,0.02678084373474121
47,11.200231528000586,0.5672389530009241,ok,0.29352760314941406,0.01171233437278054,0.012150049209594727
48,11.300865064999016,0.7502183619999414,ok,0.1881999969482422,0.01201239162021213,0.02678084373474121
49,11.400671978999526,0.7788423970014264,ok,0.09524750709533691,0.011955584798540388,0.02678084373474121
50,11.5005615329992,1.0203827929999534,ok,0.38771653175354004,0.011981650894763423,0.026547670364379883
51,11.600284546999319,0.7455789979994734,ok,0.29386353492736816,0.012105537785424126,0.026547670364379883
52,11.701080724000349,0.536539073998938,ok,0.1887812614440918,0.01170814037322998,0.012005329132080078
53,11.800626239999474,0.8024797990001389,ok,0.08409714698791504,0.011951582185153303,0.026547670364379883
54,11.900968349000323,0.91565484900093,ok,0.38863515853881836,0.012038741792951311,0.026961565017700195
55,12.000300956999126,0.7928315660010412,ok,0.29502248764038086,0.012050658464431763,0.026961565017700195
56,12.091238650999003,0.8186981309991097,ok,0.20098543167114258,0.011986422538757324,0.026961565017700195
57,12.182681651000166,0.6221350800005894,ok,0.10733222961425781,0.012038986857344464,0.026961565017700195
58,12.365046154000083,0.7764331449998281,ok,0.3877682685852051,0.011647842824459076,0.012072563171386719
59,12.545450413999788,0.7508516159996361,ok,0.20075225830078125,0.011979319832541725,0.026669025421142578
60,12.63627508799982,0.7419563260009454,ok,0.10741591453552246,0.011944181778851677,0.026669025421142578
61,12.727646608000214,0.650531545999911,ok,0.02642679214477539,0.011944181778851677,0.026669025421142578
62,12.81878788100039,0.8848384599987185,ok,0.3861241340637207,0.011659628007470108,0.012026548385620117
63,12.910008511998967,0.7587273329991149,ok,0.2928335666656494,0.011660789188585784,0.012026548385620117
64,13.000320281000313,0.5294913699999597,ok,0.2119128704071045,0.011672661854670597,0.012026548385620117
65,13.091954329000146,0.7410363420003705,ok,0.11936235427856445,0.012126879692077637,0.027269840240478516
66,13.182646413999464,0.3819920309997542,ok,0.026417255401611328,0.011676771887417498,0.012026548385620117
67,13.364491451999129,0.7014575940011127,ok,0.3841409683227539,0.011676645278930664,0.012046575546264648
68,13.4553850960001,1.0048202839989244,ok,0.3023388385772705,0.012036101859912537,0.02672123908996582
69,13.545174868999311,0.5440054239988967,ok,0.20902729034423828,0.011682271957397461,0.012046575546264648
70,13.637835838999308,0.5328246119988762,ok,0.11615920066833496,0.011670905001023236,0.012046575546264648
71,13.727793269999893,0.4428341909988376,ok,0.029338836669921875,0.011670905001023236,0.012046575546264648
72,13.819379828999445,1.0187576440002886,ok,0.3816096782684326,0.012004436231126972,0.027729511260986328
73,13.909195881000414,0.8705351019998488,ok,0.29968953132629395,0.012040599532749342,0.027729511260986328
74,14.000552341000002,0.6344678920013394,ok,0.20660781860351562,0.011686297825404576,0.011964559555053711
75,14.085108805000345,0.5382393800009595,ok,0.1249384880065918,0.011687615338493796,0.011964559555053711
76,14.167381966999528,0.5075964110001223,ok,0.043564796447753906,0.012126458657754434,0.027729511260986328
77,14.250499132000186,0.8701315449998219,ok,0.3895442485809326,0.012057166350515265,0.02734851837158203
78,14.417923312999847,0.48977631199886673,ok,0.2258591651916504,0.011698109763009208,0.012241601943969727
79,14.50036588399962,0.6321418389998144,ok,0.14372706413269043,0.012046734491984049,0.02734851837158203
80,14.66718482000033,0.7552232989983167,ok,0.3873457908630371,0.011632498105367024,0.011948347091674805
81,14.833897176000391,0.623191010001392,ok,0.22380900382995605,0.011635057853929924,0.011948347091674805
82,14.917862995000178,0.7421289930007333,ok,0.13062500953674316,0.011970529750901826,0.027687788009643555
83,15.07775026499985,0.8313687589998153,ok,0.38742876052856445,0.0121128967830113,0.027133703231811523
84,15.231661241999973,0.4984830920002423,ok,0.23585081100463867,0.011694590250651041,0.012169837951660156
85,15.308887013999993,0.600287240000398,ok,0.15472722053527832,0.0121128967830113,0.027133703231811523
86,15.385111412999322,0.5478063840000686,ok,0.08517336845397949,0.01209924672100995,0.027133703231811523
87,15.462217784999666,1.2533662740006548,ok,0.3858978748321533,0.012196407999311175,0.027329206466674805
88,15.53849841400006,0.7127713240006415,ok,0.30666208267211914,0.01168927550315857,0.012070417404174805
89,15.617062514998906,0.4676404050005658,ok,0.22493839263916016,0.01172059460690147,0.012070417404174805
90,15.692164894000598,0.7129920209990814,ok,0.15476179122924805,0.012055804994371202,0.026924848556518555
91,15.76930648599955,0.7178233329996146,ok,0.07321500778198242,0.012022463174966665,0.026924848556518555
92,15.846236429999408,0.8460103229990636,ok,0.39087796211242676,0.012240793969896104,0.027329206466674805
93,15.923326042000554,0.7210664579997683,ok,0.30684971809387207,0.012278907001018524,0.027329206466674805
94,16.0010947690007,0.6672905619998346,ok,0.2247006893157959,0.012257968678193934,0.027329206466674805
95,16.14488973600055,0.5832710440008668,ok,0.08466744422912598,0.012215626545441456,0.027329206466674805
96,16.214215969999714,0.9856949219993112,ok,0.3958470821380615,0.012073983537389877,0.027517318725585938
97,16.286449110999456,0.889768377001019,ok,0.3215758800506592,0.012082730399237738,0.027517318725585938
98,16.429329714999767,0.5776650670013623,ok,0.18012261390686035,0.01172707974910736,0.012173891067504883
99,16.501294947000133,0.7457840030001535,ok,0.10921335220336914,0.01205592996933881,0.027517318725585938
100,16.644042173000344,0.6851468309996562,ok,0.3902163505554199,0.01179015118142833,0.012139320373535156
101,16.714401698000074,0.6974631029988814,ok,0.3184940814971924,0.011780039469401041,0.012139320373535156
102,16.786309540999355,0.687748210000791,ok,0.24842071533203125,0.011770143228418687,0.012139320373535156
103,16.858556651999606,0.5532259200008411,ok,0.17865729331970215,0.011780039469401041,0.012139320373535156
104,16.93089097200027,0.5430841999987024,ok,0.10888791084289551,0.011770143228418687,0.012139320373535156
105,17.0002192259999,0.4116113549989677,ok,0.03915286064147949,0.011780039469401041,0.012139320373535156
106,17.067374046000623,0.9256218949994945,ok,0.3918919563293457,0.012077786201654478,0.02804112434387207
107,17.13369793399943,0.8242035340008442,ok,0.32144999504089355,0.012096583843231201,0.02804112434387207
108,17.467822759999763,0.7230029709990049,ok,0.3860316276550293,0.011823742477982133,0.014356374740600586
109,17.600629983000545,0.5552386740000657,ok,0.24683237075805664,0.01183794935544332,0.014356374740600586
110,17.668965355000182,0.8089173739990656,ok,0.18899106979370117,0.012108078002929687,0.028020143508911133
111,17.800328010000158,0.5007534319993283,ok,0.05030393600463867,0.012247725895472935,0.028020143508911133
112,17.867124843000056,0.8991273629999341,ok,0.3921070098876953,0.01221587061882019,0.028784990310668945
113,17.933545898999,0.591396588999487,ok,0.319108247756958,0.011805750074840728,0.012253046035766602
114,18.000159963999977,0.8131101110011514,ok,0.25995922088623047,0.012183118950236927,0.028784990310668945
115,18.062864379999155,0.5440542720007215,ok,0.1903090476989746,0.011793485709599085,0.012253046035766602
116,18.125177329000508,0.7350139360005414,ok,0.13223838806152344,0.012149815758069357,0.028784990310668945
117,18.189036026000394,0.718802463999964,ok,0.07383918762207031,0.012127023476820726,0.028784990310668945
118,18.25061714000003,1.1507599390006362,ok,0.39397263526916504,0.01209720770517985,0.028567790985107422
119,18.31225643399921,0.7182832779999444,ok,0.3222792148590088,0.011827532450358074,0.012530803680419922
120,18.37555795499975,0.8786121440007264,ok,0.2634248733520508,0.012148453264820332,0.028567790985107422
121,18.438836286999503,0.5630785520006611,ok,0.20459485054016113,0.011830749182865537,0.012530803680419922
122,18.501046796000082,0.6710451099988859,ok,0.13376164436340332,0.012215018272399902,0.028567790985107422
123,18.56344268400062,0.8094312789999094,ok,0.07489228248596191,0.012102466518596068,0.028567790985107422
124,18.626076491000276,0.904966494999826,ok,0.38704705238342285,0.012224197387695312,0.028130054473876953
125,18.68982861800032,0.9119725000000471,ok,0.3228764533996582,0.012170010424674825,0.028130054473876953
126,18.750529839999217,0.7209439170001133,ok,0.26397228240966797,0.012279046906365288,0.028130054473876953
127,18.875350836000507,0.46178812899961486,ok,0.13381552696228027,0.011820041216336764,0.012464761734008789
128,18.93899677399895,0.4742981409999629,ok,0.07468724250793457,0.012355919807187973,0.028130054473876953
129,19.000331369999913,1.1724837370002206,ok,0.38602375984191895,0.012065447866916656,0.028463125228881836
130,19.12610880899956,0.8565544769990083,ok,0.2521781921386719,0.012126112977663675,0.028463125228881836
131,19.18825030900007,0.865900402999614,ok,0.1931469440460205,0.01209364997016059,0.028463125228881836
132,19.250599266999416,0.6024673510000866,ok,0.13470458984375,0.011768160639582453,0.012230634689331055
133,19.31233914099903,0.72983260699948,ok,0.06340813636779785,0.012099266052246094,0.028463125228881836
134,19.438466846000665,1.0111385279997194,ok,0.39173030853271484,0.01219940185546875,0.028784513473510742
135,19.500625045999186,0.6843595050013391,ok,0.3327012062072754,0.011879018374851771,0.012527942657470703
136,19.562544708000132,0.7108422459987196,ok,0.27359628677368164,0.012377416386323817,0.028784513473510742
137,19.625969697999608,0.48729059799916286,ok,0.20294833183288574,0.011884288354353472,0.012527942657470703
138,19.688261766999858,0.8209876669989171,ok,0.1445024013519287,0.012178213508040816,0.028784513473510742
139,19.750543935999303,0.5111912989996199,ok,0.08599138259887695,0.01239482561747233,0.028784513473510742
140,19.8128283749993,0.843287871000939,ok,0.3887917995452881,0.011821208681379045,0.0124359130859375
141,19.875233573000514,0.8519628920003015,ok,0.3247361183166504,0.012249748881270246,0.028735876083374023
142,19.93852966399936,0.7412667749995308,ok,0.2658257484436035,0.012287384754902608,0.028735876083374023
143,20.00191246400027,0.4834894279993023,ok,0.20662593841552734,0.011849013241854582,0.0124359130859375
144,20.059312691999367,0.7150941510008124,ok,0.14696407318115234,0.012212965223524306,0.028735876083374023
145,20.118419316000654,0.34308693500133813,ok,0.08751440048217773,0.0118255615234375,0.0124359130859375
146,20.176978133999,0.5146365220007283,ok,0.028298377990722656,0.012274378224423057,0.028735876083374023
147,20.23581052999907,1.0268250629997056,ok,0.39396071434020996,0.012145495414733887,0.028692245483398438
148,20.29455500699987,0.7911072520000744,ok,0.33454346656799316,0.012290252958025251,0.028692245483398438
149,20.35486230099923,0.8246277180005563,ok,0.2757141590118408,0.012196063995361328,0.028692245483398438
150,20.471668599999248,0.561264525000297,ok,0.15748333930969238,0.011811107397079468,0.012438535690307617
151,20.529412665000564,0.5035476689990901,ok,0.10984563827514648,0.011811107397079468,0.012438535690307617
152,20.59012502599944,0.6960106520000409,ok,0.03964948654174805,0.012137513894301195,0.028692245483398438
153,20.64792861999922,0.6263304020012583,ok,0.3935410976409912,0.011836700969272189,0.012343645095825195
154,20.765358945000116,0.7369105799989484,ok,0.27462100982666016,0.012231157885657417,0.028280258178710938
155,20.82457668799907,0.4380102959985379,ok,0.21561551094055176,0.011837664772482479,0.012343645095825195
156,20.882869228000345,0.49627774600048724,ok,0.1569812297821045,0.011806823589183666,0.012343645095825195
157,20.941145507998954,0.28527079099876573,ok,0.09837031364440918,0.011827656200953893,0.012343645095825195
158,21.00142953300019,0.6059067019996291,ok,0.03975677490234375,0.012131516138712566,0.028280258178710938
159,21.059447296000144,0.9431047730013233,ok,0.39205360412597656,0.012207979379698287,0.028849363327026367
160,21.118823636999878,0.7125369719997252,ok,0.33303236961364746,0.01180254618326823,0.012291669845581055
161,21.177107518000412,0.966521547999946,ok,0.2856276035308838,0.012111416730013761,0.028849363327026367
162,21.236574088999987,0.7185507829999551,ok,0.214918851852417,0.012241767002986027,0.028849363327026367
163,21.294296443998974,0.4308216520003043,ok,0.1670684814453125,0.011797484897431872,0.012291669845581055
164,21.354631477999646,0.6359634650016233,ok,0.09737515449523926,0.012218407222202845,0.028849363327026367
165,21.41231196300032,0.359849992000818,ok,0.039157867431640625,0.011803789138793945,0.012291669845581055
166,21.471456567000132,0.731560049998734,ok,0.39378809928894043,0.011834886338975694,0.012470245361328125
167,21.52947413899892,0.8551050360001682,ok,0.3348076343536377,0.012217986874464081,0.028789997100830078
168,21.588160956000138,0.974194186999739,ok,0.27637457847595215,0.012120459760938371,0.028789997100830078
169,21.64749133800069,0.5318547659990145,ok,0.21716737747192383,0.011825189590454102,0.012470245361328125
170,21.70780251299948,0.7124121910001122,ok,0.15831589698791504,0.012199813669378107,0.028789997100830078
171,21.765240439999616,0.6075321789994632,ok,0.09924960136413574,0.012227791547775268,0.028789997100830078
172,21.825331676000133,0.5474923319998197,ok,0.03993797302246094,0.012227791547775268,0.028789997100830078
173,21.941585358999873,0.9559495610010345,ok,0.3934307098388672,0.01220215992494063,0.028287887573242188
174,22.0007587529999,0.9432943009996961,ok,0.33353614807128906,0.012174899379412333,0.028287887573242188
175,22.119068908999907,0.8843715049988532,ok,0.21651840209960938,0.012138654600899175,0.028287887573242188
176,22.176786343999993,0.8384480469994742,ok,0.16872453689575195,0.012131271538911042,0.028287887573242188
177,22.23516875399946,0.6624227250013064,ok,0.10984659194946289,0.01220215992494063,0.028287887573242188
178,22.29545553800017,0.4837320950009598,ok,0.03962445259094238,0.012313127517700195,0.028287887573242188
179,22.354052356000466,0.7898593699992489,ok,0.3936879634857178,0.011817246675491333,0.01237344741821289
180,22.471359961000417,0.5908327899996948,ok,0.2750396728515625,0.011853981018066406,0.01237344741821289
181,22.529740971000138,0.854563638999025,ok,0.21587777137756348,0.012119311912387026,0.028483867645263672
182,22.589516009000363,0.6886446480002633,ok,0.15670466423034668,0.01218569278717041,0.028483867645263672
183,22.64783307899961,0.35565659500025504,ok,0.09803390502929688,0.011853790283203125,0.01237344741821289
184,22.70614214899979,0.44964082400110783,ok,0.03932905197143555,0.01181189219156901,0.01237344741821289
185,22.824357256999065,0.9172468049982854,ok,0.39301443099975586,0.012166052329831006,0.027916431427001953
186,22.88270221699895,0.5957172409998748,ok,0.3340024948120117,0.01179049015045166,0.0121002197265625
187,22.941744470999765,0.6535420849995717,ok,0.2864980697631836,0.011769119898478191,0.0121002197265625
188,23.00022003000049,0.5369733440002165,ok,0.2275846004486084,0.01178457260131836,0.0121002197265625
189,23.0622701100001,0.7733914199998253,ok,0.15638184547424316,0.012104010095401687,0.027916431427001953
190,23.12558302099933,0.49325325899917516,ok,0.09822654724121094,0.011770173907279968,0.0121002197265625
191,23.25043416600056,0.9420988689998921,ok,0.39218854904174805,0.012132547118447044,0.028011322021484375
192,23.312323727999683,0.8801778970009764,ok,0.3213465213775635,0.012132547118447044,0.028011322021484375
193,23.37563149900052,0.9107000559997687,ok,0.2624328136444092,0.012078344821929932,0.028011322021484375
194,23.438519532999635,0.6132436719999532,ok,0.20347332954406738,0.012273788452148438,0.028011322021484375
195,23.50057629299954,0.5631653379987256,ok,0.13294076919555664,0.012258399616588245,0.028011322021484375
196,23.62600654400012,0.9730197040007624,ok,0.39584970474243164,0.012174642604330311,0.02863788604736328
197,23.688742799000465,0.9226866509998217,ok,0.3326582908630371,0.012165592071857858,0.02863788604736328
198,23.813795172000027,0.6191395259993442,ok,0.20299673080444336,0.012307561933994293,0.02863788604736328
199,23.875815703000626,0.6641692709999916,ok,0.1441359519958496,0.012207479011721728,0.02863788604736328
200,23.939107504000276,0.5889620939997258,ok,0.07394814491271973,0.012217384576797486,0.02863788604736328
201,24.000392220999856,0.9939526489997661,ok,0.39690732955932617,0.012202770151990526,0.028577327728271484
202,24.062278991999847,0.8844408630011458,ok,0.3330519199371338,0.012234543645104696,0.028577327728271484
203,24.125923100000364,0.9752116870004102,ok,0.2746446132659912,0.012152382305690221,0.028577327728271484
204,24.18822499899943,0.50568229000055,ok,0.21621918678283691,0.01188424359197202,0.012299537658691406
205,24.25069806600004,0.4431538740009273,ok,0.14541220664978027,0.01188424359197202,0.012299537658691406
206,24.313487839999652,0.5741859709996788,ok,0.08647489547729492,0.01228496275450054,0.028577327728271484
207,24.37575441899935,0.6419166359992232,ok,0.027986526489257812,0.012194643215257294,0.028577327728271484
208,24.439105319999726,0.7088870080006018,ok,0.3944544792175293,0.011881418228149414,0.012478113174438477
209,24.500429765999797,0.724040236998917,ok,0.3353860378265381,0.011852399508158366,0.012478113174438477
210,24.562495755999407,0.7440628799995466,ok,0.2639632225036621,0.012313172623917863,0.029057741165161133
211,24.625589388000662,0.6221701719987323,ok,0.20445942878723145,0.012397952377796173,0.029057741165161133
212,24.688890908999383,0.6296152519989846,ok,0.14555954933166504,0.01229619352441085,0.029057741165161133
213,24.75107544799903,0.35002970900131913,ok,0.07457995414733887,0.01189489591689337,0.012478113174438477
214,24.81240676500056,0.9119086549999338,ok,0.3878500461578369,0.012226314079470751,0.02836322784423828
215,24.875299467999866,0.8134572220005793,ok,0.3239257335662842,0.01225788342325311,0.02836322784423828
216,24.938831076999122,0.6145411010002135,ok,0.26470136642456055,0.011809119156428747,0.012729406356811523
217,25.000507520999236,0.6291702760008775,ok,0.20502877235412598,0.012312527858849728,0.02836322784423828
218,25.067163104999054,0.598220930000025,ok,0.133897066116333,0.012275662687089708,0.02836322784423828
219,25.13327349300016,0.6500901610015717,ok,0.07479238510131836,0.012182976888573688,0.02836322784423828
220,25.20091032900018,0.9047670410000137,ok,0.39002323150634766,0.0122090723456406,0.028344392776489258
221,25.267915770999025,0.7152466860006825,ok,0.32170939445495605,0.011822819709777832,0.012425899505615234
222,25.333662462000575,0.830885154000498,ok,0.2507796287536621,0.012160648470339567,0.028344392776489258
223,25.401924292998956,0.5812846139997419,ok,0.18044066429138184,0.011822819709777832,0.012425899505615234
224,25.46711864899953,0.46906403899993165,ok,0.12174582481384277,0.011826327868870326,0.012425899505615234
225,25.533392756000467,0.6311112499988667,ok,0.05136561393737793,0.012160648470339567,0.028344392776489258
226,25.60015709899926,0.874537550000241,ok,0.393690824508667,0.012185460642764443,0.028115510940551758
227,25.667462047998924,0.8071860810014186,ok,0.322385311126709,0.012185460642764443,0.028115510940551758
228,25.73447458999908,0.7162475690001884,ok,0.251373291015625,0.012199600537618002,0.028115510940551758
229,25.800521777999165,0.48160954999912065,ok,0.19220852851867676,0.011778209520422894,0.012190580368041992
230,25.86886383899946,0.9008162019999872,ok,0.12186813354492188,0.01204152334304083,0.028115510940551758
231,25.933202021000398,0.26626243899954716,ok,0.06323552131652832,0.011792495846748352,0.012190580368041992
232,26.000355021998985,0.9861214980010118,ok,0.3914070129394531,0.012162071593264316,0.0280454158782959
233,26.06805232700026,1.0720196910006052,ok,0.3210256099700928,0.012084420522054036,0.0280454158782959
234,26.133837408000545,0.8169104239987064,ok,0.2620689868927002,0.012183314019983465,0.0280454158782959
235,26.200587561999782,0.6213007379992632,ok,0.1911458969116211,0.012328949841586027,0.0280454158782959
236,26.26884812299977,0.564994051001122,ok,0.12100481986999512,0.01231237018809599,0.0280454158782959
237,26.333311563999814,0.44873326899869426,ok,0.06254005432128906,0.011831014387069209,0.012182474136352539
238,26.400150266999844,0.8972394990014436,ok,0.3953073024749756,0.012190818786621094,0.027008533477783203
239,26.467868772000656,0.8414404699997249,ok,0.3234131336212158,0.012188585793099753,0.027008533477783203
240,26.601209469999958,0.6841943509989505,ok,0.19349026679992676,0.012201296977507763,0.027008533477783203
241,26.66750637699988,0.5471049820007465,ok,0.1224813461303711,0.011806892626213305,0.012227535247802734
242,26.733788023999296,0.4296311500002048,ok,0.05144190788269043,0.011809341112772624,0.012227535247802734
243,26.801211231999332,0.8393843550002202,ok,0.3925023078918457,0.012182419640677317,0.028037309646606445
244,26.867994745000033,0.6971005380000861,ok,0.3216376304626465,0.01170817216237386,0.012103557586669922
245,27.00063609800054,0.6756428379994759,ok,0.19213366508483887,0.012155595578645406,0.028037309646606445
246,27.14323502300067,0.44545549400027085,ok,0.05043649673461914,0.011713273823261261,0.012103557586669922
247,27.214390191000348,0.6847789460007334,ok,0.3903622627258301,0.011763240980065388,0.012115001678466797
248,27.286539642000207,1.0050179879999632,ok,0.31937360763549805,0.012048443880948154,0.027594566345214844
249,27.357457161999264,0.9341395070005092,ok,0.2488875389099121,0.012048443880948154,0.027594566345214844
250,27.43074281400004,0.7667200989999401,ok,0.17919301986694336,0.012097434794649165,0.027594566345214844
251,27.50101169899972,0.5549001510007656,ok,0.10950541496276855,0.011748238972255161,0.012115001678466797
252,27.571495213000162,0.4969158179992519,ok,0.03946709632873535,0.012188414732615152,0.027594566345214844
253,27.643761903000268,0.8774181439985114,ok,0.3909730911254883,0.012230164126345986,0.028583288192749023
254,27.714447435000693,0.7704155890005495,ok,0.32027482986450195,0.011781767436436245,0.01211857795715332
255,27.78784027599977,0.7797306360007497,ok,0.25002264976501465,0.012197977020626976,0.028583288192749023
256,27.857187678000628,0.6865955609991943,ok,0.1796708106994629,0.012212687730789184,0.028583288192749023
257,27.929326969000613,0.491068424000332,ok,0.10906076431274414,0.011786783895184916,0.01211857795715332
258,28.0016828480002,0.3016477590008435,ok,0.03894448280334473,0.011790695644560315,0.012083053588867188
259,28.071520516999954,0.742695647999426,ok,0.3924236297607422,0.01179206371307373,0.012357473373413086
260,28.14476458900026,0.8608568550007476,ok,0.3219921588897705,0.012128846589909044,0.027002811431884766
261,28.214618076999614,0.8976505850005196,ok,0.2512946128845215,0.012083755089686466,0.027002811431884766
262,28.28796580800008,0.7653012899991154,ok,0.18093085289001465,0.012112257328439267,0.027002811431884766
263,28.357491508999374,0.5155283320000308,ok,0.10995030403137207,0.011789589217214874,0.012357473373413086
264,28.430552153000463,0.6697877630012954,ok,0.02781820297241211,0.012090355742211435,0.027002811431884766
265,28.50102357600008,0.5284550289998151,ok,0.39169955253601074,0.011748719215393066,0.012153148651123047
266,28.571735068000635,0.72640627599867,ok,0.3202497959136963,0.011732159238873106,0.012153148651123047
267,28.64501535999989,0.5838559809999424,ok,0.24998974800109863,0.01175307344507288,0.012153148651123047
268,28.857367013999465,0.6730594170003315,ok,0.03878426551818848,0.012124388825659659,0.028259754180908203
269,28.929115958000693,0.8129742220007756,ok,0.39421916007995605,0.011779378442203297,0.012218952178955078
270,29.00140431699947,1.0181038030004856,ok,0.3240952491760254,0.012109262602669852,0.03073406219482422
271,29.071784330999435,0.6584222630008298,ok,0.2524838447570801,0.011782234365289862,0.012218952178955078
272,29.143432775999827,0.5986899439994886,ok,0.1817626953125,0.011779378442203297,0.012218952178955078
273,29.215775164999286,0.47866185100065195,ok,0.10046219825744629,0.011779395739237468,0.012218952178955078
274,29.286982612999054,0.4977212900012091,ok,0.030686140060424805,0.012310385704040527,0.03073406219482422
275,29.35780381299992,0.924644401000478,ok,0.3921473026275635,0.012214456285749162,0.02815699577331543
276,29.431105465000655,0.6003031710006326,ok,0.3214991092681885,0.011909582398154518,0.015238761901855469
277,29.5004601870005,0.758272703998955,ok,0.25081634521484375,0.012231910228729248,0.02815699577331543
278,29.57192477299941,0.8164155449994723,ok,0.1799941062927246,0.012140568564919865,0.02815699577331543
279,29.644267051999122,0.4806004860001849,ok,0.10967779159545898,0.011858518918355305,0.015238761901855469
280,29.786856366999928,0.7195085190014652,ok,0.3911607265472412,0.011799262120173527,0.012162923812866211
281,29.857203211000524,1.0171682389991474,ok,0.3208584785461426,0.012050207172121321,0.027858495712280273
282,29.930527731999973,0.4935612340013904,ok,0.2504732608795166,0.011818722674721166,0.012162923812866211
283,30.000875387000633,0.6617558550005924,ok,0.17998838424682617,0.012181614574633147,0.027858495712280273
284,30.07790789899991,0.5330732610000268,ok,0.09766912460327148,0.011763688496180943,0.012162923812866211
285,30.155032770000616,0.5075561530011328,ok,0.027581214904785156,0.012181614574633147,0.027858495712280273
286,30.231972211999164,0.8695900940001593,ok,0.3917350769042969,0.012181169108340615,0.0277554988861084
287,30.309601548999126,0.6703677580007934,ok,0.3089590072631836,0.011778889031245791,0.01211404800415039
288,30.385925836999377,0.7279082929999277,ok,0.23830962181091309,0.012168034529074645,0.0277554988861084
289,30.462237304000155,0.48260581999966234,ok,0.1556401252746582,0.011780876379746657,0.01211404800415039
290,30.538517052000316,0.8110727759994916,ok,0.08537054061889648,0.012045140993797172,0.0277554988861084
291,30.615133416999015,0.8208191890007583,ok,0.3900573253631592,0.012247190755956313,0.027456045150756836
292,30.692778153999825,0.7901362210013758,ok,0.3094654083251953,0.012198968937522486,0.027456045150756836
293,30.77007830399998,0.7838772900013282,ok,0.22723841667175293,0.012145524675195868,0.027456045150756836
294,30.84631735199946,0.707589473000553,ok,0.15662121772766113,0.012145524675195868,0.027456045150756836
295,30.923519321999265,0.7010910739991232,ok,0.07422900199890137,0.012101554870605468,0.027456045150756836
296,31.000126066999655,0.8037432139990415,ok,0.39757680892944336,0.012246198952198029,0.027910470962524414
297,31.154959014998894,0.707671782000034,ok,0.23906922340393066,0.012181069399859454,0.027910470962524414
298,31.23118645300019,0.7612442390000069,ok,0.15682339668273926,0.012091502547264099,0.027910470962524414
299,31.30841424299979,0.7430494330001238,ok,0.08603477478027344,0.012064780829087744,0.027910470962524414
300,31.38675598500049,0.786225571999239,ok,0.3905818462371826,0.011781207976802703,0.012291908264160156
301,31.463095021999834,0.5763844180000888,ok,0.30851030349731445,0.01181407201857794,0.012291908264160156
302,31.539053942000464,0.60545373900095,ok,0.23766851425170898,0.011786929766337077,0.012291908264160156
303,31.615418008999768,0.662084371999299,ok,0.1553051471710205,0.012162995338439942,0.028049707412719727
304,31.692809967998983,0.4802261679997173,ok,0.07365870475769043,0.011781207976802703,0.012291908264160156
305,31.769264573998953,0.7855467770004907,ok,0.38910341262817383,0.011609286972970673,0.012262582778930664
306,32.08399396899949,0.6029806780006766,ok,0.07382082939147949,0.011975887209870095,0.027467012405395508
307,32.16767756799891,1.0331392909993156,ok,0.39762043952941895,0.011901286932138296,0.027355670928955078
308,32.25022343599994,0.9039474809997046,ok,0.3159966468811035,0.011917745073636373,0.027355670928955078
309,32.58505592199981,0.9213214930005051,ok,0.39686155319213867,0.011982537451244536,0.027269363403320312
310,32.750268616999165,0.8954110180002317,ok,0.23441386222839355,0.011904597282409668,0.027269363403320312
311,33.00037179199899,1.1403459930006647,ok,0.39751386642456055,0.01193190402671939,0.028075456619262695
312,33.16833768499964,0.5122126639998896,ok,0.22329401969909668,0.01165951853213103,0.012026309967041016
313,33.33405876600045,0.5433318190007412,ok,0.06135702133178711,0.01162850260734558,0.012026309967041016
314,33.500504761999764,0.5932100749996607,ok,0.38724184036254883,0.011758506298065186,0.012354612350463867
315,33.58370205400024,0.7076460210009827,ok,0.3057076930999756,0.011710968884554777,0.012354612350463867
316,33.667824489999475,0.8267735589997756,ok,0.21253252029418945,0.01202618832490882,0.027723073959350586
317,33.75068801599991,0.5525421350012039,ok,0.13137412071228027,0.011708294644075282,0.012354612350463867
318,33.833933468000396,0.4693227329989895,ok,0.05055999755859375,0.011708294644075282,0.012354612350463867
319,33.917559347999486,0.7504937420017086,ok,0.38997697830200195,0.011647018893011686,0.012020587921142578
320,34.00090301899945,1.0466297020011552,ok,0.3079812526702881,0.01194543441136678,0.02759099006652832
321,34.09159979300057,0.6861288799991598,ok,0.21365141868591309,0.01164320997289709,0.012020587921142578
322,34.27396775200032,0.5389080229997489,ok,0.039186954498291016,0.012053215503692627,0.02759099006652832
323,34.36441230799937,0.799207407000722,ok,0.38746023178100586,0.01172457319317442,0.012302875518798828
324,34.45582488599939,0.7425480839992815,ok,0.30577588081359863,0.011721286508772109,0.012302875518798828
325,34.545770585000355,0.8087993900007859,ok,0.21254491806030273,0.012032836675643921,0.02734684944152832
326,34.63644034900062,0.5271039159997599,ok,0.11988472938537598,0.01172457319317442,0.012302875518798828
327,34.72821617400041,0.2722470490007254,ok,0.026822566986083984,0.01175757458335475,0.012302875518798828
328,34.819051575999765,0.9936520000010205,ok,0.38915562629699707,0.011980976377214705,0.027860164642333984
329,34.90940014300031,0.6432078190009634,ok,0.2957191467285156,0.011668648038591658,0.01198124885559082
330,35.00051030299983,0.6558974679992389,ok,0.20170974731445312,0.011655697951445708,0.01198124885559082
331,35.09307415100011,0.4823789290003333,ok,0.10828495025634766,0.011674904823303222,0.01198124885559082
332,35.18278141299925,0.2537339049995353,ok,0.02691483497619629,0.011698974503411187,0.01198124885559082
333,35.27337542699934,0.9742294829993625,ok,0.38813185691833496,0.01199439231385576,0.027426958084106445
334,35.36473734500032,0.6798376189999544,ok,0.29431915283203125,0.011640233378256521,0.012264251708984375
335,35.45568934699986,0.6992364150009962,ok,0.21259474754333496,0.012050231297810873,0.027426958084106445
336,35.54602369299937,0.6088524890001281,ok,0.12003159523010254,0.012050231297810873,0.027426958084106445
337,35.728612859998975,0.8609894780001923,ok,0.3870673179626465,0.012086353803935804,0.02765059471130371
338,35.818875626999215,0.6375654829989799,ok,0.293475866317749,0.011665310178484236,0.01235508918762207
339,35.90921846399942,0.7151337889990828,ok,0.20079255104064941,0.012060560831209509,0.02765059471130371
340,36.000543981999726,0.4794314420014416,ok,0.10813021659851074,0.011669786771138509,0.01235508918762207
341,36.10109952699895,0.9741130530001101,ok,0.39195728302001953,0.012087862542335024,0.027523040771484375
342,36.20103437800026,0.6550681040007476,ok,0.282397985458374,0.01165006955464681,0.0123138427734375
343,36.400816609000685,0.3974152299997513,ok,0.08504700660705566,0.011657018661499024,0.0123138427734375
344,36.500151504000314,0.9528075510006602,ok,0.392897367477417,0.012003331714206271,0.02725529670715332
345,36.60077109899976,0.8521445970000059,ok,0.28773045539855957,0.012003331714206271,0.02725529670715332
346,36.80040750199987,0.6286885919998895,ok,0.09030485153198242,0.012007314105366552,0.02725529670715332
347,36.90055464099896,0.835388799001521,ok,0.3862919807434082,0.012134068352835519,0.02731490135192871
348,37.000881997999386,0.7112775890000194,ok,0.2935831546783447,0.011674693136504202,0.012156009674072266
349,37.10078711799906,0.6471262760005629,ok,0.1887352466583252,0.01212294234169854,0.02731490135192871
350,37.201149104999786,0.7216376069991384,ok,0.08450484275817871,0.012000808528825348,0.02731490135192871
351,37.30042000100002,0.9774868250005966,ok,0.38803648948669434,0.012051638136518763,0.02749180793762207
352,37.40082510699904,0.6613702440008637,ok,0.2941160202026367,0.011704834302266438,0.01233220100402832
353,37.501104465000026,0.7767470910002885,ok,0.1885678768157959,0.012051638136518763,0.02749180793762207
354,37.60081368700048,0.8058376909993967,ok,0.09594058990478516,0.011993165673880741,0.02749180793762207
355,37.70117317400036,1.0611816529999487,ok,0.3890347480773926,0.012032213034453216,0.027712345123291016
356,37.801087153999106,0.7505697479991795,ok,0.294536828994751,0.012188355127970377,0.027712345123291016
357,37.90046903899929,0.6749489950016141,ok,0.18955397605895996,0.012172680152089973,0.027712345123291016
358,38.00098868399982,0.4407233769998129,ok,0.09649658203125,0.011764679636274065,0.012259483337402344
359,38.11221895500057,0.720261987999038,ok,0.39078330993652344,0.011745324501624474,0.012225151062011719
360,38.22250067399909,0.7424063420003222,ok,0.2850532531738281,0.01170442501703898,0.012225151062011719
361,38.33407403199999,0.47485249700002896,ok,0.17919349670410156,0.011742750803629557,0.012225151062011719
362,38.444882265999695,0.6837500159999763,ok,0.06182265281677246,0.012019996643066405,0.02771782875061035
363,38.556831370999134,0.8041614840003604,ok,0.38895320892333984,0.011687201612135944,0.012361764907836914
364,38.667970782998964,0.8424251710002864,ok,0.2718174457550049,0.01214225557115343,0.027677297592163086
365,38.77845213999899,0.5241280070003995,ok,0.16646170616149902,0.011690501509041622,0.012361764907836914
366,38.8896341210002,0.38977336899915827,ok,0.05001258850097656,0.011685380229243526,0.012361764907836914
367,39.00206045199957,0.7748482749993855,ok,0.39388084411621094,0.011617822031820975,0.012174606323242188
368,39.111716415000046,0.595866069999829,ok,0.28884077072143555,0.011623497009277345,0.012174606323242188
369,39.22281828700034,0.7207706730005157,ok,0.17242217063903809,0.012236051781232967,0.027393341064453125
370,39.44481782299954,0.6260706699995353,ok,0.3972644805908203,0.011651489469740126,0.012161731719970703
371,39.55657690899898,0.5491656189988134,ok,0.28109121322631836,0.011656159446353004,0.012161731719970703
372,39.66725110399966,0.7217378950008424,ok,0.17672228813171387,0.011983649297194048,0.027392864227294922
373,39.779069541000354,0.656812148001336,ok,0.05780172348022461,0.011965264876683554,0.027392864227294922
374,39.88941782800066,0.9004300219985453,ok,0.3862471580505371,0.012056932216737329,0.027390480041503906
375,40.000766097999076,0.5395153549998213,ok,0.26985788345336914,0.011699528921218146,0.012166261672973633
376,40.11191235899969,0.7598316530002194,ok,0.16501164436340332,0.012015899022420248,0.027390480041503906
377,40.22224486699997,0.6377704679998715,ok,0.04974985122680664,0.012022814852126102,0.027390480041503906
378,40.333181879999756,0.806198016000053,ok,0.3881387710571289,0.011697152081657858,0.012146711349487305
379,40.44604202799928,0.7166215039997041,ok,0.2707817554473877,0.011704133616553413,0.012146711349487305
380,40.556492784999136,0.7502453390006849,ok,0.16608858108520508,0.01202182059592389,0.02726435661315918
381,40.66717486000016,0.3790934219996416,ok,0.04999995231628418,0.011713220522953914,0.012146711349487305
382,40.77898937600003,1.1416599829990446,ok,0.38921618461608887,0.011975569803206647,0.026807546615600586
383,40.89087537100022,0.6365530870007206,ok,0.28296375274658203,0.011641568151013604,0.011931657791137695
384,41.00112456900024,0.49135276500055625,ok,0.16699552536010742,0.011632580023545485,0.011924266815185547
385,41.12666504700064,0.7233616000012262,ok,0.03890275955200195,0.011996806751598012,0.026807546615600586
386,41.25087592499949,0.8361508079997293,ok,0.39818668365478516,0.011843490600585937,0.015783309936523438
387,41.375923166000575,0.6499888109992753,ok,0.2700541019439697,0.011873126029968262,0.015783309936523438
388,41.62594905900005,0.4465389190008864,ok,0.02635669708251953,0.011851387865403119,0.015783309936523438
389,41.75031323599978,0.8726676289988973,ok,0.3623952865600586,0.012014057578110113,0.02773308753967285
390,41.87515961899953,0.7944499480017839,ok,0.232896089553833,0.01198936038547092,0.02773308753967285
391,42.00079720499889,0.4196344420015521,ok,0.10387110710144043,0.011617259979248047,0.012043237686157227
392,42.12519600199994,0.9791752159999305,ok,0.3981363773345947,0.012000469451254986,0.027695894241333008
393,42.25059153999973,0.7257728810000117,ok,0.27051734924316406,0.012111120753818087,0.027695894241333008
394,42.37593687899971,0.5421096629997919,ok,0.14297699928283691,0.011663252307522682,0.012222051620483398
395,42.50062014300056,1.0266376710005716,ok,0.3923938274383545,0.011954312231026444,0.027681350708007812
396,42.625155497999,0.7508034530001169,ok,0.27090907096862793,0.012062242156580874,0.027681350708007812
397,42.876939767000295,0.6385715900014475,ok,0.3914191722869873,0.011680540285612407,0.012227773666381836
398,43.00049684999976,0.6192573330008599,ok,0.2702634334564209,0.01166633197239467,0.012227773666381836
399,43.14355529900058,0.6071280880005361,ok,0.1308588981628418,0.012368646827903954,0.02733922004699707
400,43.28690114500023,1.066055837998647,ok,0.3986020088195801,0.013242599915484992,0.027362346649169922
401,43.71474907099946,0.90704196599836,ok,0.3936910629272461,0.011915520923893625,0.026715517044067383
402,44.001066707000064,0.8293670599996403,ok,0.11433744430541992,0.011817564398555433,0.026715517044067383
403,44.143688018999455,0.8984933230003662,ok,0.39499592781066895,0.011960554122924804,0.026885986328125
404,44.43014015299923,0.6811311220008065,ok,0.11798596382141113,0.011908396430637526,0.026885986328125
405,44.571992391000094,1.2242795049987762,ok,0.3964078426361084,0.011783741522526396,0.026929616928100586
406,44.71496033999938,0.695825225999215,ok,0.24579310417175293,0.011552172738152582,0.012102127075195312
407,44.857610342000044,0.7652321370005666,ok,0.10660672187805176,0.011833186502809878,0.026929616928100586
408,45.143423841000185,0.8030945669997891,ok,0.3948049545288086,0.011594597031088436,0.012081623077392578
409,45.2878934979999,0.7671172320006008,ok,0.2450249195098877,0.011959251903352282,0.026880502700805664
410,45.42993849400045,0.6827708290002192,ok,0.10660338401794434,0.011920675318291846,0.026880502700805664
411,45.571948660999624,0.7825508690002607,ok,0.39720916748046875,0.011552780866622925,0.011885404586791992
412,45.715061789000174,0.6510879689994908,ok,0.24613666534423828,0.01155041925834887,0.011885404586791992
413,45.857467621999604,0.6536512689999654,ok,0.10734772682189941,0.011962381276217375,0.02705216407775879
414,46.00070523899922,0.7750362780006981,ok,0.38725996017456055,0.011521100997924805,0.012062549591064453
415,46.14388396600043,0.7465386639996723,ok,0.24817752838134766,0.011512319246927897,0.012062549591064453
416,46.287286192000465,0.8618176109994238,ok,0.0986173152923584,0.011968447316077447,0.02674698829650879
417,46.57129264499963,1.0520733850007673,ok,0.3954634666442871,0.011778734348438404,0.027228116989135742
418,46.71502865799994,0.6745410029998311,ok,0.25745391845703125,0.011501332691737583,0.012016534805297852
419,47.00050178899983,0.7610747279995849,ok,0.39425015449523926,0.011501320203145345,0.011923551559448242
420,47.14321871999891,0.8976918770003977,ok,0.255781888961792,0.01177373022403357,0.026769638061523438
421,47.286367327000335,0.8121646939998755,ok,0.10672926902770996,0.011758076733556288,0.026769638061523438
422,47.57185802799904,0.9275892799996655,ok,0.39386487007141113,0.012013551800750023,0.026656627655029297
423,47.714594469000076,0.6239206619993638,ok,0.24408888816833496,0.011487160959551412,0.011873245239257812
424,48.00084698399951,0.8633520270013832,ok,0.389481782913208,0.01234957978532121,0.026741981506347656
425,48.143904381999164,0.5722320919994672,ok,0.23951053619384766,0.011464348545780888,0.012051820755004883
426,48.42941878199963,0.6749796980002429,ok,0.38724756240844727,0.011481264363164488,0.011831998825073242
427,48.5726494190003,0.8234493039999506,ok,0.2496628761291504,0.011804854616205743,0.026714324951171875
428,48.714459295999404,0.7392683790003503,ok,0.11267709732055664,0.011780908474555382,0.026714324951171875
429,48.85758259400063,0.6873244300004444,ok,0.3926808834075928,0.011549750963846842,0.012107133865356445
430,49.000443573000666,0.669884667999213,ok,0.2434711456298828,0.012127486142245207,0.01425480842590332
431,49.14355957999942,0.29851841799973045,ok,0.10584187507629395,0.011577939987182618,0.012107133865356445
432,49.28795015799915,1.1122707069989701,ok,0.40908145904541016,0.011860974903764396,0.027198314666748047
433,49.57207466900036,0.5193600189995777,ok,0.11350560188293457,0.011490749590324633,0.011685371398925781
434,49.71450801199899,0.570042547000412,ok,0.3972930908203125,0.011663400209867038,0.01196432113647461
435,49.85891038899899,0.6404896099993493,ok,0.25944066047668457,0.012145407994588216,0.014510393142700195
436,50.143931061998956,0.9712676420003845,ok,0.3736610412597656,0.011938422918319702,0.02717137336730957
437,50.286724241999764,0.5920917129988084,ok,0.2340865135192871,0.01161123144215551,0.011840343475341797
438,50.429391822999605,0.6045560940001451,ok,0.0872948169708252,0.01198852934488436,0.02717137336730957
439,50.571586146999834,1.1513730159986153,ok,0.39798855781555176,0.011867088656271658,0.02747058868408203
440,50.71431071799998,0.8455830660004722,ok,0.25867652893066406,0.01193121075630188,0.02747058868408203
441,51.00169975300014,1.0853915170009714,ok,0.3973076343536377,0.011919681515012468,0.027440547943115234
442,51.1433715309995,0.7419546459987032,ok,0.25754213333129883,0.011643165349960327,0.012233734130859375
443,51.287837456999114,0.7180642059993261,ok,0.10747861862182617,0.011956049471485371,0.027440547943115234
444,51.57203959800063,0.6307618160008133,ok,0.3868558406829834,0.011650612479762026,0.01212763786315918
445,51.71466347900059,0.6611322359985934,ok,0.24723577499389648,0.011602338622598088,0.01212763786315918
446,51.85820094200062,0.7450503210002353,ok,0.1079246997833252,0.01194919072664701,0.02735137939453125
447,52.000567904999116,0.8102924039994832,ok,0.4003326892852783,0.011582444695865406,0.012128591537475586
448,52.14362213200002,0.7991300029989361,ok,0.24903154373168945,0.011943708766590466,0.02739548683166504
449,52.28699906700058,0.5751443560002372,ok,0.11034202575683594,0.012015478031055347,0.02739548683166504
450,52.42999989499913,1.076615355001195,ok,0.3968484401702881,0.01194587620821866,0.02628183364868164
451,52.57139351499973,0.7735769549999532,ok,0.2580723762512207,0.01153250627739485,0.01247859001159668
452,53.000910193999516,1.1182402649992582,ok,0.39052534103393555,0.012158961131654936,0.02722001075744629
453,53.14369397399969,0.6622961749999376,ok,0.2525641918182373,0.011534662807688993,0.011832714080810547
454,53.288112669999464,0.5525900439988618,ok,0.10318803787231445,0.011539626765895534,0.011832714080810547
455,53.57180520399925,0.6970770890002314,ok,0.3930699825286865,0.011550149917602538,0.012096405029296875
456,53.71451024399903,0.6957035200011887,ok,0.2431776523590088,0.011530730459425185,0.012096405029296875
457,53.857869039000434,0.6491925390000688,ok,0.09936141967773438,0.011867842890999535,0.02622246742248535
458,54.000192440998944,0.6568381689994567,ok,0.39441800117492676,0.011779512677873884,0.016228437423706055
459,54.14331813799981,0.7366988260000653,ok,0.2442333698272705,0.012058612627860827,0.02724742889404297
460,54.28803882200009,0.5186007430002064,ok,0.10598325729370117,0.011678618543288288,0.016228437423706055
461,54.42938160199992,0.8978892390005058,ok,0.3887336254119873,0.011483697004096453,0.011939525604248047
462,54.71419590699952,0.6692252590000862,ok,0.09562182426452637,0.011654158856006378,0.014444351196289062
463,55.000253530999544,0.8823655910000525,ok,0.40772438049316406,0.012013780443291915,0.027965545654296875
464,55.144013052000446,0.8207878590001201,ok,0.2586345672607422,0.01197191874186198,0.027965545654296875
465,55.287397046999104,0.6773543349991087,ok,0.12094688415527344,0.01197191874186198,0.027965545654296875
466,55.43087567099974,0.8863731299989013,ok,0.3977944850921631,0.012067709213648086,0.026839494705200195
467,55.57126434900056,0.6487784609998926,ok,0.2594928741455078,0.01167266070842743,0.012302637100219727
468,55.71493389100033,0.5790267029988172,ok,0.10846090316772461,0.01208278295156118,0.026839494705200195
469,55.85764444000051,0.8182765880010265,ok,0.3877568244934082,0.011602442605154854,0.011919498443603516
470,56.00195474700013,0.5468364380012645,ok,0.24708938598632812,0.011619091033935547,0.011919498443603516
471,56.143655115,0.5891313930005708,ok,0.10794234275817871,0.011810632852407603,0.014574050903320312
472,56.42947659099991,1.0995818589999544,ok,0.355548620223999,0.01619843906826443,0.0846245288848877
473,56.57191809200049,0.6887446140008251,ok,0.20473003387451172,0.01771987401522123,0.0846245288848877
474,57.001022562999424,1.0538525299998582,ok,0.4007117748260498,0.012163281440734863,0.027170896530151367
475,57.14385702099935,0.7300970060005056,ok,0.30222129821777344,0.01151925495692662,0.011889457702636719
476,57.28783789099907,0.46006770500025596,ok,0.1559758186340332,0.011533886194229126,0.011889457702636719
477,57.571231014999285,0.6668935659999988,ok,0.39850544929504395,0.01149838620966131,0.012098073959350586
478,57.714901727000324,0.6493796249997104,ok,0.24891304969787598,0.012157263294343025,0.014360666275024414
479,58.000245056000495,0.613992694999979,ok,0.386141300201416,0.011527922418382432,0.011847257614135742
480,58.143396151999696,0.7650418280009035,ok,0.24833941459655762,0.011937442279997327,0.02765035629272461
481,58.28629166000064,0.6570075239997095,ok,0.10034561157226562,0.011922539605034723,0.02765035629272461
482,58.429479854999954,0.7412832259997231,ok,0.3965027332305908,0.011819945441351997,0.014610528945922852
483,58.71478516500065,0.41325659500034817,ok,0.1193552017211914,0.01161534587542216,0.01217341423034668
484,58.85889948300064,0.9806487189998734,ok,0.33956480026245117,0.013922972149319118,0.026874303817749023
485,59.28694555099901,0.8906374819998746,ok,0.3991732597351074,0.011940259199876051,0.026543617248535156
486,59.572498507999626,0.6396772799998871,ok,0.11400794982910156,0.011922478675842285,0.026543617248535156
487,59.71457646199997,0.871676861999731,ok,0.3951878547668457,0.011990277390731009,0.027286767959594727
488,59.858728310000515,0.6074299760002759,ok,0.2560536861419678,0.011584191486753267,0.011902809143066406
489,60.002125872999386,0.5841801999995369,ok,0.10661673545837402,0.011990277390731009,0.027286767959594727
490,60.14351045299918,0.9537204010011919,ok,0.3968019485473633,0.011885839038425022,0.02727508544921875
491,60.429497495999385,0.5985313459987083,ok,0.11903834342956543,0.011931657791137695,0.02727508544921875
492,60.57136546199945,0.8420440459995007,ok,0.3945755958557129,0.011568705240885416,0.012220382690429688
493,60.71484750499985,0.8376377810000122,ok,0.24492478370666504,0.011909385522206625,0.027141332626342773
494,60.85824806799974,0.7060953029995289,ok,0.10689401626586914,0.01190319839788943,0.027141332626342773
495,61.00060329000007,0.8664655520005908,ok,0.39611339569091797,0.01191494339390805,0.014400243759155273
496,61.14475039699937,0.4891408629991929,ok,0.2455289363861084,0.01165955945065147,0.012061119079589844
497,61.28815759999998,0.49450066099961987,ok,0.10723447799682617,0.011584505438804626,0.012061119079589844
498,61.857856324999375,0.8144384829993214,ok,0.05329489707946777,0.017204739326654478,0.09224820137023926
499,62.000753712000005,1.0189990409999155,ok,0.3981592655181885,0.011810340664603493,0.026978015899658203
500,62.14345015099934,0.8417693060000602,ok,0.3112907409667969,0.011450558173947217,0.011939764022827148
501,62.57143268800064,0.9808552630001941,ok,0.3922452926635742,0.011824260155359903,0.026868820190429688
502,62.714513372999136,0.8608502249990124,ok,0.25450849533081055,0.011816949844360351,0.026868820190429688
503,62.858928027999355,0.6127119930006302,ok,0.10609817504882812,0.011869011855706936,0.026868820190429688
504,63.00038904699977,0.8499244310005452,ok,0.39307475090026855,0.011520730821709884,0.012049198150634766
505,63.14331812399905,0.6608223999992333,ok,0.2553694248199463,0.011523772688472973,0.012049198150634766
506,63.2877611290005,0.5766423189998022,ok,0.1064291000366211,0.01151740245330028,0.012049198150634766
507,63.571507389000544,0.9341723230008938,ok,0.3426179885864258,0.019200913111368813,0.08751177787780762
508,64.00073484600034,0.9924819400002889,ok,0.39050889015197754,0.011825113880391024,0.02664327621459961
509,64.1433172750003,0.8730444069988152,ok,0.21579384803771973,0.011820900673959769,0.02664327621459961
510,64.2877637599995,0.49349706700013485,ok,0.09903979301452637,0.01149921864271164,0.011806011199951172
511,64.43114635299935,0.7690910820001591,ok,0.39391589164733887,0.011559194134127709,0.012046575546264648
512,64.5718793369997,0.7096202420016198,ok,0.25586414337158203,0.012198474672105577,0.026719093322753906
513,64.71466173499903,0.47420944899931783,ok,0.10660147666931152,0.011560908953348796,0.012046575546264648
514,64.8574096329994,0.956574025000009,ok,0.3919637203216553,0.011844873428344727,0.026886701583862305
515,65.00039649899918,0.8486038200007897,ok,0.2529416084289551,0.011829512459891183,0.026886701583862305
516,65.14395245000014,0.5896919139995589,ok,0.10330796241760254,0.01189251435108674,0.026886701583862305
517,65.28668363799989,0.6198254949995317,ok,0.3932802677154541,0.011600136756896973,0.012162208557128906
518,65.4310815530007,0.7944312799991167,ok,0.24415087699890137,0.01168267461988661,0.014322757720947266
519,65.57148099999904,0.5979096779992688,ok,0.10643243789672852,0.011514093817734137,0.012162208557128906
520,65.85716763399978,0.8032010500010074,ok,0.39548611640930176,0.011546534650466022,0.011741161346435547
521,66.00071634599954,0.8500695370003086,ok,0.24645137786865234,0.011894834284879724,0.027347326278686523
522,66.14343304400063,0.742352032000781,ok,0.10920953750610352,0.011883510993077205,0.027347326278686523
523,66.28671702700012,0.7607884259996354,ok,0.3965296745300293,0.011617652575174968,0.012193918228149414
524,66.43109531200025,0.7441759670000465,ok,0.24672579765319824,0.012154175685002254,0.014530181884765625
525,66.57147979900037,0.4644216559991037,ok,0.10791945457458496,0.011619222575220568,0.012193918228149414
526,67.00103551199936,0.7602017690005596,ok,0.21606945991516113,0.017354893684387206,0.08460545539855957
527,67.14406112699908,0.5705899740005407,ok,0.08160066604614258,0.018233895301818848,0.08460545539855957
528,67.28623603899905,0.6828812830008246,ok,0.39222097396850586,0.011582561161207117,0.01187896728515625
529,67.43066681399978,0.7718034369991074,ok,0.1872262954711914,0.012196366379900677,0.02643442153930664
530,67.57208891200025,0.5006758179988537,ok,0.10645699501037598,0.011572062969207764,0.01187896728515625
531,67.71472779000032,0.7991556500001025,ok,0.38975048065185547,0.011705636978149414,0.017081737518310547
532,67.85745538799893,0.801919937999628,ok,0.25090503692626953,0.012080181728709827,0.026576519012451172
533,68.143295079999,0.6896482789998117,ok,0.3869025707244873,0.011581083138783773,0.011878728866577148
534,68.28666411300037,1.0036883270004182,ok,0.24837422370910645,0.01185591374674151,0.027402162551879883
535,68.43108324700006,0.9061336810009379,ok,0.11012005805969238,0.011848204063646721,0.027402162551879883
536,68.57197121999889,0.8846396910012118,ok,0.3967454433441162,0.01204375731639373,0.026396989822387695
537,68.71457874800035,0.8230550799999037,ok,0.2576291561126709,0.01197870399640954,0.026396989822387695
538,68.85811407999972,0.6913679839999531,ok,0.10724592208862305,0.011970185218973363,0.026396989822387695
539,69.00148850199912,0.885060908000014,ok,0.3875465393066406,0.012226061943249825,0.02643132209777832
540,69.28626868299943,0.4705436269996426,ok,0.10790443420410156,0.011578043301900228,0.011890649795532227
541,69.43004217199996,1.0961870120008825,ok,0.3953535556793213,0.011824850378365353,0.02644205093383789
542,69.57163763800054,0.7807446850001725,ok,0.24406218528747559,0.011902376662853152,0.02644205093383789
543,69.7152705389999,0.4138653959998919,ok,0.10607790946960449,0.0115594482421875,0.011898040771484375
544,69.85727687200051,0.7613447690000612,ok,0.39554476737976074,0.01161025365193685,0.011882543563842773
545,70.00076338299914,0.8982080830010091,ok,0.245192289352417,0.012082567581763634,0.02703857421875
546,70.14361058000031,0.4403951549993508,ok,0.10647892951965332,0.011608812544080947,0.011882543563842773
547,70.28684070300005,0.9171208320003643,ok,0.3964660167694092,0.011933116685776483,0.027105093002319336
548,70.42957789100001,0.8092499779995705,ok,0.2571117877960205,0.011919376585218642,0.027105093002319336
549,70.57139005499994,0.6905327610002132,ok,0.10646557807922363,0.011910940738434487,0.027105093002319336
550,70.71504732500034,0.9082689820006635,ok,0.3956797122955322,0.011957261620498285,0.02701592445373535
551,70.85846435699932,0.6109454220004409,ok,0.25717639923095703,0.011603116989135742,0.012217044830322266
552,71.00019034300021,0.6462491009988298,ok,0.11846303939819336,0.01194522547167401,0.02701592445373535
553,71.14465142600056,0.9308477119993768,ok,0.3964359760284424,0.011876438939294149,0.02659440040588379
554,71.4301731100004,0.6106012740001461,ok,0.11843347549438477,0.01189565658569336,0.02659440040588379
555,71.57193887500034,0.6761431939994509,ok,0.39385986328125,0.011546642883964207,0.01198887825012207
556,71.71462611300012,0.757693585999732,ok,0.24378085136413574,0.012510953805385491,0.014404535293579102
557,71.85901062700032,0.3774084939996101,ok,0.10628628730773926,0.011549570343711159,0.01198887825012207
558,72.14368048699907,0.8006753850004316,ok,0.34818577766418457,0.01157964886845769,0.011821508407592773
559,72.28623152599903,0.7272722870002326,ok,0.2134990692138672,0.011582757151404093,0.011916399002075195
560,72.43060078999952,0.8820823580008437,ok,0.05941486358642578,0.012071425264531916,0.02740168571472168
561,72.71558485800051,0.7824391190006281,ok,0.3906137943267822,0.011619508266448975,0.012238025665283203
562,72.85910104899995,0.696524380999108,ok,0.25146985054016113,0.011614909043183198,0.012238025665283203
563,73.00053099599972,0.5551424240002234,ok,0.10074925422668457,0.011614909043183198,0.012238025665283203
564,73.28648769599931,0.8662586440004816,ok,0.32041239738464355,0.018973989146096364,0.0873880386352539
565,73.57182606199967,0.8495792749999964,ok,0.3939816951751709,0.011940936784486513,0.027022123336791992
566,73.71447359900048,0.7529915920003987,ok,0.23138189315795898,0.011907187903799661,0.027022123336791992
567,74.00055694799994,0.7652060349992098,ok,0.3948543071746826,0.011517424737253496,0.01207876205444336
568,74.14495793199967,0.6208378409992292,ok,0.24487018585205078,0.011517424737253496,0.01207876205444336
569,74.57268554599978,0.9390031049988465,ok,0.2365875244140625,0.015482875433835116,0.08445215225219727
570,74.71440252100001,0.762565334998726,ok,0.09871578216552734,0.015761276570762078,0.08445215225219727
571,74.85788810200029,0.8149589990007371,ok,0.38789987564086914,0.011564772469656807,0.012087345123291016
572,75.14437429700047,0.6130503419990418,ok,0.10723876953125,0.011927779127911823,0.02671980857849121
573,75.28697871499935,1.0419546359989909,ok,0.39604854583740234,0.012346496769026214,0.026480913162231445
574,75.43037795599957,0.6727201789999526,ok,0.24586915969848633,0.011540392466953823,0.011833667755126953
575,75.57187237300059,0.49661511600061203,ok,0.1068577766418457,0.01153411716222763,0.011819839477539062
576,75.85764607400051,0.8054564539997955,ok,0.3985717296600342,0.011533498764038086,0.011870622634887695
577,76.00205925699993,0.6265629039990017,ok,0.24874448776245117,0.01152893804734753,0.011870622634887695
578,76.14326884599905,0.6650791080010094,ok,0.11367034912109375,0.01193600230746799,0.026921749114990234
579,76.28693953499896,1.0308093530002225,ok,0.3980252742767334,0.01179894575705895,0.026304244995117188
580,76.5722685389992,0.5958665579983062,ok,0.10994911193847656,0.011885398473495092,0.026304244995117188
581,76.71417544199903,0.6612833179988229,ok,0.39351367950439453,0.011560462770007905,0.011854171752929688
582,76.85750814399944,0.7976298749999842,ok,0.2551109790802002,0.011869869448921898,0.026418447494506836
583,77.00184727799933,0.5842038509999838,ok,0.10615777969360352,0.011917195822063246,0.026418447494506836
584,77.14404121799998,1.0565174090006622,ok,0.39458775520324707,0.011816002704479077,0.026228666305541992
585,77.2873339100006,0.866258480000397,ok,0.256103515625,0.011829729080200196,0.026228666305541992
586,77.42961680999906,0.5242113969998172,ok,0.11764931678771973,0.011521984549129711,0.011864662170410156
587,77.57249391500045,0.9088317719997576,ok,0.3945460319519043,0.011934373436904535,0.0271761417388916
588,77.71464918600032,0.7667751299995871,ok,0.2559354305267334,0.011934373436904535,0.0271761417388916
589,77.8590409999997,0.6223395159995562,ok,0.11805891990661621,0.011934373436904535,0.0271761417388916
590,78.0006606349998,0.6070005189994845,ok,0.39578771591186523,0.011595459545359892,0.012190580368041992
591,78.14506329799951,0.7105608660003782,ok,0.24548959732055664,0.01307676118962905,0.026059627532958984
592,78.28674054300063,0.27495992700096394,ok,0.10680317878723145,0.011614487721369816,0.012190580368041992
593,78.43115655600013,0.8637657280014537,ok,0.3975188732147217,0.011858933850338585,0.026183128356933594
594,78.57186292799997,0.8040884229994845,ok,0.24719715118408203,0.011817253960503472,0.026183128356933594
595,78.71417759799988,0.6617243040000176,ok,0.11198973655700684,0.011817253960503472,0.026183128356933594
596,78.8577990169997,0.8818750739992538,ok,0.39238810539245605,0.01300987270143297,0.025899171829223633
597,79.00219440000001,0.45393656399937754,ok,0.25484228134155273,0.01157824695110321,0.011918783187866211
598,79.1435494769994,0.26675913100007165,ok,0.10599136352539062,0.011601308981577555,0.011918783187866211
599,79.28660585000034,0.7951589539989072,ok,0.3989429473876953,0.011419498559200403,0.011724233627319336
600,79.42951982500017,0.8105743609994533,ok,0.25997447967529297,0.01158966707146686,0.014288902282714844
601,79.57133608799995,0.6130905699992582,ok,0.11154985427856445,0.011420556477137975,0.011724233627319336
602,80.1439630900004,0.8376028060010867,ok,0.14230656623840332,0.016932767629623414,0.08713293075561523
603,80.28733178099901,0.7973709650013916,ok,0.39881396293640137,0.01167764085711855,0.017541170120239258
604,80.43076025099981,0.8113518539994402,ok,0.20403528213500977,0.012047062979804145,0.02717304229736328
605,80.71441367799889,0.9016636460000882,ok,0.3916492462158203,0.011948416872722347,0.027585506439208984
606,80.85721997300061,1.0250895649987797,ok,0.24785518646240234,0.01181284710764885,0.027585506439208984
607,81.0007407030007,0.529177794998759,ok,0.10968327522277832,0.011546966007777623,0.012099027633666992
608,81.14395923499978,0.975228330000391,ok,0.39578676223754883,0.01195311039052111,0.027530193328857422
609,81.28627945399967,0.7748558229995979,ok,0.25707530975341797,0.011985841251554944,0.027530193328857422
610,81.4306675959997,0.7115959559996554,ok,0.10733866691589355,0.011944167468012596,0.027530193328857422
611,81.57208813299985,0.863015891998657,ok,0.39723896980285645,0.012016792555113096,0.026979684829711914
612,81.71457488099986,0.7557278140011476,ok,0.2582998275756836,0.011996334791183472,0.026979684829711914
613,81.85896666299959,0.634658777000368,ok,0.10787034034729004,0.01198428017752511,0.026979684829711914
614,82.00068887700036,0.954114367999864,ok,0.3968665599822998,0.01209690354087136,0.026836872100830078
615,82.14342510300048,0.6263633920007123,ok,0.2567143440246582,0.011593095461527507,0.012208223342895508
616,82.28716216099929,0.41366816200024914,ok,0.11862587928771973,0.01160485545794169,0.012208223342895508
617,82.42938879999929,0.9779001089991652,ok,0.3927488327026367,0.011837641398111979,0.026935815811157227
618,82.57181648900041,0.7092038839982706,ok,0.25325727462768555,0.01193185110349913,0.026935815811157227
619,82.71499601100004,0.29766203399958613,ok,0.10323596000671387,0.011566734313964844,0.011970281600952148
620,82.85799739399954,0.7221473010013142,ok,0.39429259300231934,0.011543353398640951,0.01213383674621582
621,83.00097288799952,0.9078772550001304,ok,0.24426794052124023,0.0123100051513085,0.026922941207885742
622,83.14390781200018,0.5392766940003639,ok,0.10640549659729004,0.011532300048404269,0.01213383674621582
623,83.42945308299932,0.8635061759996461,ok,0.3968076705932617,0.011940092653841586,0.026909351348876953
624,83.57286169299914,0.8933592789999238,ok,0.258713960647583,0.011839059682992788,0.026909351348876953
625,83.71435271900009,0.6365031410005031,ok,0.11282205581665039,0.011905914261227562,0.026909351348876953
626,83.85749920099988,0.9115698540008452,ok,0.39432215690612793,0.011927167574564615,0.026190996170043945
627,84.00105988999894,0.7336567580005067,ok,0.24442291259765625,0.011951293700780624,0.026190996170043945
628,84.1444918899997,0.5553948350006976,ok,0.10657811164855957,0.01157195700539483,0.012249469757080078
629,84.2866474500006,0.7346154099996056,ok,0.39555859565734863,0.011503721986498152,0.011836051940917969
630,84.43004807000034,0.8980868409998948,ok,0.24484634399414062,0.012089440455803504,0.027011632919311523
631,84.71506033500009,0.8932021499986149,ok,0.3976438045501709,0.011895084381103515,0.026775598526000977
632,84.85729169399929,0.7740197270013596,ok,0.25936388969421387,0.011885296730768113,0.026775598526000977
633,85.00177122599962,0.5718908339986228,ok,0.11060404777526855,0.01191395682257575,0.026775598526000977
634,85.14407384399965,0.8473520339994138,ok,0.39369940757751465,0.01152304146024916,0.011969327926635742
635,85.2868441390001,0.7161732570002641,ok,0.25591015815734863,0.011934415714160816,0.02674388885498047
636,85.42934686700028,0.769032137000977,ok,0.11795878410339355,0.01180320315890842,0.02674388885498047
637,85.57276480600012,0.7520922610001435,ok,0.39385056495666504,0.0115372476906612,0.012262582778930664
638,85.7148737869993,0.8561496130005253,ok,0.2553694248199463,0.011848298870787328,0.02722024917602539
639,85.85829005699998,0.632117384000594,ok,0.11769485473632812,0.011900101389203752,0.02722024917602539
640,86.00160271700042,0.8381181069999002,ok,0.394012451171875,0.011524057388305664,0.012114763259887695
641,86.14326492100008,0.7771390910002083,ok,0.2564573287963867,0.01189875602722168,0.026854515075683594
642,86.28657747199941,0.6684907760009082,ok,0.11830568313598633,0.011880768669976128,0.026854515075683594
643,86.43011590999959,0.9778428859990527,ok,0.3942248821258545,0.011863082647323608,0.026844501495361328
644,86.57110631899923,0.5907899329995416,ok,0.24398565292358398,0.011559775897434779,0.01225733757019043
645,86.71485711700007,0.7396559680000792,ok,0.10629487037658691,0.011844850503481351,0.026844501495361328
646,86.85889143199893,0.78128065799865,ok,0.3943758010864258,0.01154712587594986,0.01228189468383789
647,87.00023643799977,0.44254944199929014,ok,0.2440946102142334,0.011617898941040039,0.01228189468383789
648,87.14449988100023,0.48144567199960875,ok,0.10631799697875977,0.011551503212221207,0.01228189468383789
649,87.28619033399991,0.9121250769985636,ok,0.3797171115875244,0.011960778125496797,0.02760481834411621
650,87.42912785699991,1.0021348009995563,ok,0.22928476333618164,0.011867458858187236,0.02760481834411621
651,87.5717471629996,0.7660653490002005,ok,0.09127259254455566,0.011892895265059038,0.02760481834411621
652,87.71490005499982,0.8483358139983466,ok,0.397296667098999,0.01210319333606296,0.027126312255859375
653,87.8583671739998,0.7397100779999164,ok,0.24691462516784668,0.012074855657724233,0.027126312255859375
654,88.00169336399995,0.11343329800001811,ok,,0.0,0.0
655,88.14330249799968,0.6290014679998421,ok,0.38801050186157227,0.011652268861469469,0.011943340301513672
656,88.28652018899993,0.4742180590001226,ok,0.24808478355407715,0.01165661546919081,0.011943340301513672
657,88.43000013900019,0.4420244239991007,ok,0.09606122970581055,0.01226500364450308,0.01456904411315918
658,88.57140979399992,0.9706505800004379,ok,0.3525378704071045,0.016288679999274178,0.08667945861816406
659,88.71446435600046,0.9436250060007296,ok,0.20137476921081543,0.015302272553139545,0.08667945861816406
660,88.85746439899958,0.7774907769999118,ok,0.054875850677490234,0.015461100472344292,0.08667945861816406
661,89.00125896600002,0.9157168669989915,ok,0.39405202865600586,0.011985807191757928,0.027060985565185547
662,89.14458225599992,0.7256907680002769,ok,0.22238540649414062,0.012016691659626207,0.027060985565185547
663,89.28629705899948,0.641980684000373,ok,0.10704326629638672,0.011976674545642942,0.027060985565185547
664,89.43007849499918,1.1359062650008127,ok,0.39768028259277344,0.011805764964369476,0.02679610252380371
665,89.57123938299992,0.5186349249997875,ok,0.2578260898590088,0.011609111513410295,0.01205587387084961
666,89.71461119199921,0.562704293999559,ok,0.10707831382751465,0.011557863818274604,0.01205587387084961
667,89.85714483899937,0.5938072259996261,ok,0.39554309844970703,0.011592658360799153,0.012139320373535156
668,90.14404334699975,0.5063618519998272,ok,0.11790132522583008,0.011979095397457,0.014448165893554688
669,90.2874376460004,0.8976488799999061,ok,0.391387939453125,0.012003055432947671,0.02806878089904785
670,90.43090046500038,0.8009562389997882,ok,0.24166011810302734,0.01197595066494412,0.02806878089904785
671,90.57114972899944,0.527097018000859,ok,0.1003561019897461,0.011591911315917969,0.011807680130004883
672,90.7149315759998,0.6791517569999996,ok,0.3868379592895508,0.01167204069054645,0.012251138687133789
673,90.85833730500053,0.6167182539993519,ok,0.24770331382751465,0.011655203501383464,0.012251138687133789
674,91.00175103400034,0.6167890639990219,ok,0.10855245590209961,0.012313854694366456,0.0276491641998291
675,91.14341930699993,0.895534626000881,ok,0.39838314056396484,0.011985099315643311,0.026627779006958008
676,91.2870330349997,1.0190693629992893,ok,0.25823163986206055,0.011845982263958643,0.026627779006958008
677,91.4292024539991,0.47897699900022417,ok,0.1074209213256836,0.01161801020304362,0.012144327163696289
678,91.57115985500059,0.907943777001492,ok,0.39753055572509766,0.011587335949852354,0.011905193328857422
679,91.7150710499991,0.7640788310000062,ok,0.2581033706665039,0.011587335949852354,0.011905193328857422
680,92.14412471600008,0.9052667079995445,ok,0.355057954788208,0.011978859251195734,0.027756929397583008
681,92.28686059099891,0.8326346850008122,ok,0.21558737754821777,0.011949143409729003,0.027756929397583008
682,92.4293338970001,0.6787309600003937,ok,0.07691693305969238,0.011954910901128029,0.027756929397583008
683,92.5712008190003,1.1887116510006308,ok,0.398195743560791,0.012033190578222275,0.02751326560974121
684,92.7149534250002,0.9161158810002235,ok,0.2589602470397949,0.01209844283337863,0.02751326560974121
685,92.85834368399992,0.5861544260005758,ok,0.10817217826843262,0.01210096720102671,0.02751326560974121
686,93.00077897099982,0.8565412839998316,ok,0.38805484771728516,0.012320227093166776,0.02751898765563965
687,93.1436595239993,0.783671143999527,ok,0.24710583686828613,0.012232803163074311,0.02751898765563965
688,93.4298053069997,1.0602786529998411,ok,0.38876891136169434,0.011945609693174009,0.027838945388793945
689,93.57172979799907,0.7206744249997428,ok,0.24889755249023438,0.012085953274288692,0.027838945388793945
690,93.71542589399905,0.5651636729999154,ok,0.10831284523010254,0.012097133530510796,0.027838945388793945
691,93.85739223500059,0.8645589299994754,ok,0.3871738910675049,0.011639283253596379,0.012194395065307617
692,94.00050763599938,0.7215061379993131,ok,0.24756336212158203,0.011639283253596379,0.012194395065307617
693,94.14485719699951,0.4265226560000883,ok,0.10832953453063965,0.011668535379263071,0.012194395065307617
694,94.42968042099892,0.8114825520005979,ok,0.3348064422607422,0.017962856292724608,0.08670258522033691
695,94.57123680400036,0.6440126650013553,ok,0.19457483291625977,0.01850743915723718,0.08670258522033691
696,94.71467787300026,0.5123082230002183,ok,0.05600619316101074,0.01821717619895935,0.08670258522033691
697,94.85748911600058,0.889792228999795,ok,0.3638129234313965,0.01158733367919922,0.011828184127807617
698,95.00193492700055,0.8776139950005017,ok,0.26490139961242676,0.01191525936126709,0.027341604232788086
699,95.14326441199955,0.6899837189994287,ok,0.12617063522338867,0.011592979016511337,0.011955738067626953
700,95.42947175399968,0.6706120329999976,ok,0.3867490291595459,0.011644601821899414,0.012005329132080078
701,95.5728587729991,0.7323732509994443,ok,0.2359178066253662,0.01277435792459024,0.027561187744140625
702,95.714538446,0.3506965479991777,ok,0.09669876098632812,0.011641418933868409,0.012005329132080078
703,95.85743540799922,0.8407333880004444,ok,0.39018726348876953,0.011582426122716954,0.012166261672973633
704,96.00079436699889,0.5473727330008842,ok,0.25086021423339844,0.011595378319422403,0.012166261672973633
705,96.14324161299919,0.6683616499994969,ok,0.10062980651855469,0.011990610758463542,0.014554977416992188
706,96.42947879500025,0.8461576749996311,ok,0.4104790687561035,0.011576475415910994,0.011882781982421875
707,96.57133318600063,0.4916658570000436,ok,0.25986552238464355,0.011577314800686307,0.011675357818603516
708,96.71432903799905,0.6197318370013818,ok,0.11575675010681152,0.011982476711273194,0.0274808406829834
709,96.85888851699929,0.8221804249988054,ok,0.39719557762145996,0.011606884002685548,0.012201786041259766
710,97.00030985199919,0.5998651039990364,ok,0.25841259956359863,0.011612406798771449,0.012201786041259766
711,97.1682117649998,0.5840395510003873,ok,0.08455681800842285,0.011878257989883423,0.014622688293457031
712,97.50033651100057,0.8168991169986839,ok,0.2993919849395752,0.017813009875161306,0.0842885971069336
713,97.66834684400055,0.579271308000898,ok,0.12570881843566895,0.018796985799616032,0.0842885971069336
714,97.83448864099955,0.9188906750005117,ok,0.38770484924316406,0.01204801741100493,0.026572704315185547
715,98.16810909500055,0.5179893460008316,ok,0.061148881912231445,0.011555508563393041,0.012050867080688477
716,98.33339732899913,0.6623435769997741,ok,0.3892090320587158,0.011560396714643999,0.011847496032714844
717,98.50086752599964,0.7020125710005232,ok,0.2164623737335205,0.011542457342147826,0.011850118637084961
718,98.66734937100045,0.5771990839984937,ok,0.05507779121398926,0.011611841973804292,0.014497995376586914
719,98.83359068699974,0.8371227550014737,ok,0.3868269920349121,0.011548828434299779,0.012069940567016602
720,99.00091028499992,0.8085471619997406,ok,0.22490739822387695,0.01202935868121208,0.026308774948120117
721,99.16731803999937,0.4461081280005601,ok,0.05242300033569336,0.011547788977622986,0.012069940567016602
722,99.33375116500065,0.7406294020001951,ok,0.39166760444641113,0.011538201364977607,0.011822223663330078
723,99.50116227199942,0.5272381319991837,ok,0.21876883506774902,0.011534509658813476,0.011822223663330078
724,99.66758993700023,0.5336461999995663,ok,0.05725526809692383,0.012078153459649337,0.014435768127441406
725,99.83362679399943,0.9704132929982734,ok,0.3884596824645996,0.011900729321418925,0.027416467666625977
726,100.00104021100015,0.7910993810000946,ok,0.22723937034606934,0.011907639710799507,0.027416467666625977
727,100.16762020500028,0.26135594900006254,ok,0.0591731071472168,0.011541038751602173,0.011712789535522461
728,100.33365031299945,0.9071095059989602,ok,0.39734888076782227,0.011705334593610065,0.014542579650878906
729,100.66822928799957,0.5164246080003068,ok,0.06163811683654785,0.011569236454210784,0.012080907821655273
730,100.83319721499902,0.7652065150014096,ok,0.38979148864746094,0.011556194674584174,0.01201176643371582
731,101.00058788199931,0.6921054379999987,ok,0.21671581268310547,0.011847583871138724,0.014541864395141602
732,101.167904558999,0.453529267999329,ok,0.055330753326416016,0.011564565427375563,0.01201176643371582
733,101.50113086499914,0.9274268230001326,ok,0.2419874668121338,0.015558492305666902,0.08475041389465332
734,101.66759625899977,0.6231013380001968,ok,0.0691068172454834,0.01712315313277706,0.08475041389465332
735,101.83349893800005,0.894113598000331,ok,0.3949606418609619,0.011530748227747476,0.012176275253295898
736,102.00102359399898,0.7613194960013061,ok,0.22566819190979004,0.011534999717365612,0.012176275253295898
737,102.16748685799939,0.6651146320000407,ok,0.07222700119018555,0.01174265024613361,0.014389991760253906
738,102.50173682599961,0.8740099179995013,ok,0.3539621829986572,0.011597078900004542,0.014614582061767578
739,102.66816375000053,0.6790342309996049,ok,0.19289708137512207,0.01152402598683427,0.011757850646972656
740,103.00092555899937,0.8477328280005167,ok,0.39554548263549805,0.011594914101265572,0.011799335479736328
741,103.16735755399895,0.8254689539990068,ok,0.23389101028442383,0.011936619877815247,0.02739238739013672
742,103.33405693599889,0.7054840399996465,ok,0.06074953079223633,0.011918086272019606,0.02739238739013672
743,103.50102790600067,0.6425824809994083,ok,0.387073278427124,0.011652719974517823,0.011981964111328125
744,103.6673965609989,0.5801841470001818,ok,0.22459769248962402,0.011627172601634058,0.011981964111328125
745,103.83407087299929,0.7762265159999515,ok,0.06199479103088379,0.0129537096729985,0.026692867279052734
746,104.16776978400048,0.9981478579993563,ok,0.396669864654541,0.011814954329510125,0.02691483497619629
747,104.33379547199911,0.8788010080006643,ok,0.2274327278137207,0.011802691333698776,0.02691483497619629
748,104.66748996299975,0.8098481979995995,ok,0.3935070037841797,0.011565762407639447,0.012112617492675781
749,104.83403633600028,0.8466987740011973,ok,0.23285937309265137,0.012170947327905772,0.026581525802612305
750,105.00036647100023,0.3851159420009935,ok,0.06067466735839844,0.011583988483135518,0.012112617492675781
751,105.16807529499965,0.6393820749999577,ok,0.39904356002807617,0.011529671518426193,0.011990785598754883
752,105.33384378399933,0.6111262710001029,ok,0.23736858367919922,0.011510226034349012,0.011990785598754883
753,105.50048281599993,0.6071686720006255,ok,0.0707395076751709,0.012360686347598121,0.026910066604614258
754,105.66735132699978,0.8190122630003316,ok,0.39165353775024414,0.011498158318655832,0.012088537216186523
755,105.83462315399993,0.7584314759988047,ok,0.2302255630493164,0.01183935653331668,0.026120901107788086
756,106.00015410500055,0.6048484000002645,ok,0.05680537223815918,0.01183242147619074,0.026120901107788086
757,106.16782052899907,0.7233753649998107,ok,0.3932526111602783,0.011484949677078813,0.011782646179199219
758,106.33343065900044,0.9760896009993303,ok,0.23257970809936523,0.012772597764667711,0.026543617248535156
759,106.50053663799918,0.36759684000026027,ok,0.06015920639038086,0.011473398208618164,0.011782646179199219
760,106.83361426299962,1.0373091330002353,ok,0.39499974250793457,0.011896344331594614,0.026549816131591797
761,107.00042929399933,0.8705308120006521,ok,0.23706865310668945,0.011896344331594614,0.026549816131591797
762,107.16807052799959,0.4728889709986106,ok,0.056319475173950195,0.011452148942386402,0.011797189712524414
763,107.33369902800041,1.0189837890011404,ok,0.39176225662231445,0.012114844322204589,0.026702880859375
764,107.50112636399899,0.6794089960003475,ok,0.23174548149108887,0.011712409354544975,0.01903390884399414
765,107.66812851299983,0.5006411890008167,ok,0.06001639366149902,0.01171936591466268,0.01903390884399414
766,107.8339949809997,1.1144014170004084,ok,0.39037132263183594,0.012266025208590324,0.02672266960144043
767,108.000173385999,0.6271027519997006,ok,0.2293992042541504,0.011465809561989525,0.01206207275390625
768,108.40084048300014,0.9678986149992852,ok,0.3997001647949219,0.011903083842733631,0.026440858840942383
769,108.60024620299919,0.5533484799998405,ok,0.20523548126220703,0.011470942661680025,0.011993169784545898
770,108.80067828599931,0.8461006249999627,ok,0.39373087882995605,0.011862187772183804,0.026707172393798828
771,109.00158149399977,0.7024021110009926,ok,0.19068431854248047,0.011817920775640579,0.026707172393798828
772,109.20089417599957,0.7311761209984979,ok,0.3917713165283203,0.011445726667131697,0.012124061584472656
773,109.40091027100061,0.8426620130012452,ok,0.19685816764831543,0.012631368637084962,0.026612281799316406
774,109.8005340460004,0.8916435310002271,ok,0.39027976989746094,0.011786751630829602,0.02644205093383789
775,110.00026114399952,0.6919642140001088,ok,0.1810915470123291,0.011786751630829602,0.02644205093383789
776,110.20064449600068,0.7559649230006471,ok,0.39051175117492676,0.011440531412760416,0.012119293212890625
777,110.40085111999906,0.5417144109997025,ok,0.19645094871520996,0.01144148563516551,0.012119293212890625
778,110.60076950599978,1.0802309669998067,ok,0.3755075931549072,0.011760678784600619,0.02698969841003418
779,110.80079413199928,0.6723829889997432,ok,0.18104887008666992,0.011852008104324342,0.02698969841003418
780,111.00085513600061,0.9868282019997423,ok,0.39275288581848145,0.011935000618298849,0.026978015899658203
781,111.20033242600039,0.5611885559992515,ok,0.19858455657958984,0.011566567420959472,0.012006521224975586
782,111.40163554100036,0.8201232510000409,ok,0.3873589038848877,0.011967876979282924,0.026998519897460938
783,111.60043831599978,0.6789261760004592,ok,0.17952513694763184,0.011917662620544434,0.026998519897460938
784,111.80029550200015,0.9350307140011864,ok,0.39461374282836914,0.011906212026422674,0.014425516128540039
785,112.00186378499893,0.6209028089997446,ok,0.1867971420288086,0.011491768889957003,0.012170553207397461
786,112.50067868800033,1.0987043579989404,ok,0.28169775009155273,0.015638281317318186,0.08733177185058594
787,112.75048426600006,0.9271618759994453,ok,0.39606595039367676,0.012038275252941042,0.02672886848449707
788,113.00070043999949,0.5868932400007907,ok,0.10479211807250977,0.011553519480937236,0.012136220932006836
789,113.25032388,0.998441718000322,ok,0.38982677459716797,0.012134722300938197,0.02673506736755371
790,113.50086571099928,0.5556597590002639,ok,0.13584613800048828,0.011501720973423548,0.012064933776855469
791,113.75015474300017,0.8396613429995341,ok,0.3982086181640625,0.011994034903390067,0.014370918273925781
792,114.00067475499964,0.47680182799922477,ok,0.14563798904418945,0.011472834481133355,0.01183772087097168
793,114.500665218,0.7836045289986941,ok,0.13666319847106934,0.01852574769188376,0.08733105659484863
794,114.75048035500004,0.9452371600000333,ok,0.3997323513031006,0.01145936648050944,0.012106895446777344
795,115.0010214670001,0.736797581999781,ok,0.15573930740356445,0.011574377616246542,0.01441049575805664
796,115.66772304900041,0.8960853709995718,ok,0.11788725852966309,0.01770750866379849,0.08728814125061035
797,116.00022908599931,0.9403268089990888,ok,0.39577817916870117,0.011443573236465453,0.011869668960571289
798,116.33502928499911,0.7032617200002278,ok,0.12702488899230957,0.01177000492177111,0.01430964469909668
799,117.00074742499964,0.7266549430005398,ok,0.08052372932434082,0.0188644654823072,0.08726930618286133
800,117.33372783800041,1.0197364639989246,ok,0.40954136848449707,0.01291760868496365,0.014529705047607422
801,117.66834947799907,0.33122568699945987,ok,0.08659219741821289,0.011492013931274414,0.011701583862304688
802,118.00075241599916,0.786238996000975,ok,0.37001752853393555,0.01151140998391544,0.011799812316894531
803,118.3336172599993,0.6674211040008231,ok,0.04454922676086426,0.012305235376163405,0.01464986801147461
804,118.66785532299946,0.8936398990008456,ok,0.3611280918121338,0.011703523722561922,0.01467752456665039
805,119.0007880159992,0.5036883410011797,ok,0.03016829490661621,0.011507093906402588,0.011558055877685547
806,119.50093066499903,0.8505415119998361,ok,0.11064910888671875,0.01806650161743164,0.08757758140563965
807,120.0007897760006,0.7744294490003085,ok,0.3662564754486084,0.014056611944127965,0.0142669677734375
808,120.50146617000064,0.9493492819983658,ok,0.32227587699890137,0.01966497205918835,0.08740019798278809
809,121.00160914799926,0.7697840349992475,ok,0.39589834213256836,0.01376803716023763,0.01432657241821289
810,122.00102493099985,0.5710244520014385,ok,0.055267333984375,0.02082158128420512,0.0874168872833252
811,122.5010048389995,0.919500780000817,ok,0.10857224464416504,0.017697156861770983,0.0872030258178711
812,123.00062396099929,1.006962150999243,ok,0.3934609889984131,0.014140174502418154,0.020182132720947266
813,125.00052415299979,0.961659280999811,ok,0.08468317985534668,0.017219538688659667,0.08741021156311035
814,135.00121383399892,0.40323286700004246,ok,0.054871559143066406,0.027672231197357178,0.08735918998718262
815,136.00038603599933,0.9779788919986458,ok,0.1567840576171875,0.017504769822825558,0.08716225624084473
816,137.00048040000001,0.5490519209997728,ok,0.05190014839172363,0.020924340123715607,0.08734512329101562
817,137.50103803799902,0.8351617419994,ok,0.09222936630249023,0.018060344457626342,0.08722448348999023
818,138.00104153999928,0.9485479650011257,ok,0.35318875312805176,0.014294010400772095,0.026771068572998047
819,138.5008581639995,0.9895540159996017,ok,0.3960437774658203,0.01370956784202939,0.02646613121032715
820,139.0007732260001,1.008033357999011,ok,0.3926703929901123,0.013301997714572482,0.02623128890991211
821,139.50059096899895,1.057311294000101,ok,0.3896031379699707,0.013044686317443847,0.02602982521057129
822,140.00077803900058,0.8901658399990993,ok,0.38925909996032715,0.012950336610948717,0.014229059219360352
823,140.50042582199967,1.0815512290009792,ok,0.40867066383361816,0.013530378540356955,0.026720046997070312
824,141.00039073299922,0.9010131030008779,ok,0.3930959701538086,0.011435109515522802,0.012068033218383789
825,141.33335773,0.7482660639998358,ok,0.056427001953125,0.01193570223721591,0.014306068420410156
826,141.66718733000016,0.8642638759993133,ok,0.39600586891174316,0.011805377508464613,0.014280080795288086
827,142.00057655300043,0.4336881399995036,ok,0.05604290962219238,0.011405229568481445,0.012096166610717773
828,142.3332834009998,0.8199598399987735,ok,0.23831653594970703,0.01932690061371902,0.09026050567626953
829,142.6682591709996,0.9425455299988243,ok,0.3956456184387207,0.013495966007834986,0.014250993728637695
830,143.33385380599975,1.0729027460001817,ok,0.31659650802612305,0.016240236494276257,0.09211039543151855
831,143.6673950580007,0.8538333280012012,ok,0.3938148021697998,0.011484183763202867,0.01208806037902832
832,144.0005447120002,0.774238644999059,ok,0.05687737464904785,0.012102403138813219,0.026772022247314453
833,144.25109963700015,1.0469274629995198,ok,0.3907804489135742,0.012236480529491719,0.014254093170166016
834,144.50097988800007,0.5468816339998739,ok,0.1382155418395996,0.011430067174574909,0.01197195053100586
835,145.00032280199957,0.9569696620001196,ok,0.34847450256347656,0.01607255033544592,0.08471131324768066
836,145.25145374299973,0.8324175380002998,ok,0.09432005882263184,0.015026777982711792,0.08471131324768066
837,145.50084473700008,0.8005293229998642,ok,0.39501953125,0.011493603388468424,0.012151718139648438
838,145.75038232000043,0.7306056629986415,ok,0.1517033576965332,0.012144441189973251,0.02668452262878418
839,146.00046260899944,0.8133644200006529,ok,0.39683961868286133,0.011416639600481306,0.011817693710327148
840,146.2511655319995,0.5485840799992729,ok,0.14462757110595703,0.01141675780801212,0.011817693710327148
841,146.75038729699918,0.7501121860004787,ok,0.11201143264770508,0.01880397941126968,0.08590269088745117
842,147.252149730999,0.8123373480011651,ok,0.29032254219055176,0.020727028449376423,0.0873103141784668
843,147.75077088999933,0.6789371249997203,ok,0.34104418754577637,0.01153338806969779,0.011698246002197266
844,148.00149858300028,0.5843405220002751,ok,0.08652520179748535,0.012225823524670724,0.014576911926269531
845,148.20096281599945,0.8645055900014995,ok,0.4064204692840576,0.012076867951287163,0.014657735824584961
846,148.40077331700013,0.5505482819989993,ok,0.2100989818572998,0.011537117617470878,0.011889457702636719
847,148.80073293500027,1.134526507999908,ok,0.3075234889984131,0.016397914107964963,0.09456205368041992
848,149.20109991000027,1.0367592299990065,ok,0.3859729766845703,0.011804736390405772,0.02682018280029297
849,149.40189772200029,0.9164860529999714,ok,0.2393202781677246,0.011774471827915736,0.02682018280029297
850,149.60036538399982,0.3697126999995817,ok,0.04279923439025879,0.011518557866414389,0.012134313583374023
851,149.8001831040001,0.701334704999681,ok,0.3936278820037842,0.01151362419128418,0.012101173400878906
852,150.000245281999,0.7497665369992319,ok,0.1975693702697754,0.01218524846163663,0.026558399200439453
853,150.2006323179994,0.9874192339993897,ok,0.39737606048583984,0.011768467572270607,0.025941848754882812
854,150.40057504700053,0.6388938950003649,ok,0.19004607200622559,0.011869768301645914,0.025941848754882812
855,150.6002356079989,0.8081493390000105,ok,0.39217519760131836,0.011789053678512573,0.014274358749389648
856,150.8001666780001,0.5255021420016419,ok,0.19699501991271973,0.01147603988647461,0.011822700500488281
857,151.00067725199915,0.6816809619995183,ok,0.39389896392822266,0.011437426010767618,0.011804819107055664
858,151.20020923499942,0.5379263220002031,ok,0.18491458892822266,0.01171555689402989,0.014297008514404297
859,151.40019399300036,0.8538709329986887,ok,0.36007213592529297,0.01184380054473877,0.02633833885192871
860,151.60067835799964,0.6415883520003263,ok,0.1657700538635254,0.011851194577339368,0.02633833885192871
861,151.80092838400014,0.9639826710008492,ok,0.3931725025177002,0.011869067731110947,0.027074337005615234
862,152.00069023499964,0.7295109080005204,ok,0.19858074188232422,0.011885748353115348,0.027074337005615234
863,152.2011466189997,0.6439857629993639,ok,0.38822174072265625,0.011553866522652763,0.012018203735351562
864,152.40061517200047,0.5996723480002402,ok,0.1874227523803711,0.01235247403383255,0.01447296142578125
865,152.80207422700005,1.0690469479995954,ok,0.2418382167816162,0.016805867354075115,0.0874779224395752
866,153.2006129649999,0.8543116180007928,ok,0.397111177444458,0.01151418685913086,0.011844873428344727
867,153.40038039499996,0.9140027899993584,ok,0.25374484062194824,0.012291431427001953,0.026922941207885742
868,153.60091180900054,0.22409576499921968,ok,0.056653738021850586,0.01149749755859375,0.011722326278686523
869,153.8005181009994,0.6854670990014711,ok,0.39716124534606934,0.01149365176325259,0.01200246810913086
870,154.0003690600006,0.5834552270007407,ok,0.20129728317260742,0.011997389793395995,0.014331340789794922
871,154.20105001199954,0.9874111209992407,ok,0.4114971160888672,0.011969962018601437,0.02708745002746582
872,154.40058608400068,0.5468041700005415,ok,0.20830082893371582,0.011484180177961077,0.011668682098388672
873,154.60093502000018,0.8133006959997147,ok,0.3881711959838867,0.01277987418636199,0.01453542709350586
874,154.8003171629989,0.3303709430001618,ok,0.18170595169067383,0.01163892312483354,0.012316703796386719
875,155.00074991700058,0.9805152749995614,ok,0.3986799716949463,0.012613693873087565,0.026926279067993164
876,155.25063984500048,0.45075171899952693,ok,0.14216399192810059,0.011519527435302735,0.012121915817260742
877,155.5004484839992,0.9320648230004736,ok,0.39374327659606934,0.011832789941267534,0.02652263641357422
878,155.75057270099933,0.6704537390014593,ok,0.14156341552734375,0.011840970017189202,0.02652263641357422
879,156.0004452489993,1.0318743430016184,ok,0.39310193061828613,0.011763032877220298,0.026635408401489258
880,156.250994172,0.7009698750007374,ok,0.1408851146697998,0.01180043946141782,0.026635408401489258
881,156.5007302310005,1.0581451320013002,ok,0.3924124240875244,0.013100974413813377,0.026599645614624023
882,157.0011266420006,0.8771455919995788,ok,0.3883488178253174,0.011447487807855374,0.012074708938598633
883,157.25050882399955,0.642064465000658,ok,0.14014244079589844,0.011447083382379441,0.012074708938598633
884,157.50197075899996,0.859233574999962,ok,0.41157102584838867,0.01149244566221495,0.011672496795654297
885,157.75119054199968,0.7657445739987452,ok,0.1600348949432373,0.012053608894348145,0.014541387557983398
886,158.25203887899988,0.7458983529995749,ok,0.3113865852355957,0.012573249412305428,0.014688253402709961
887,158.50048361799963,0.31174235199978284,ok,0.06590485572814941,0.011585307121276856,0.012554407119750977
888,158.75033756599987,0.9654297639990546,ok,0.282987117767334,0.015155461701479826,0.0896615982055664
889,159.00110280700028,0.903093942999476,ok,0.03456544876098633,0.014494411015914659,0.0896615982055664
890,159.3340837880005,0.7532745830012573,ok,0.39359569549560547,0.011514401435852051,0.01202249526977539
891,159.66769247499906,0.47619158399902517,ok,0.06080365180969238,0.011747437364914837,0.014421939849853516
892,160.00039852900045,0.7467155449994607,ok,0.18920135498046875,0.019874855324074073,0.0870962142944336
893,160.33492310700058,0.9038122359997942,ok,0.384845495223999,0.011527189841637244,0.011778831481933594
894,160.66753485200024,0.6711353699993197,ok,0.1009378433227539,0.011890893397123917,0.014609813690185547
895,161.0006598710006,0.7873229300003004,ok,0.3624594211578369,0.012250582377115885,0.021489381790161133
896,161.3333101850003,0.36903104200064263,ok,0.03086543083190918,0.01189298982973452,0.021489381790161133
897,161.6680674319996,0.952381584998875,ok,0.16270232200622559,0.017040104336208766,0.08734679222106934
898,162.00082060500063,0.9665726009989157,ok,0.38494157791137695,0.0128597929364159,0.014353513717651367
899,162.33485236699926,0.2973144659990794,ok,0.07072734832763672,0.011484344800313314,0.01192021369934082
900,162.66732150200005,1.0366249090002384,ok,0.32311296463012695,0.013106840961384323,0.02598881721496582
901,163.00063607999982,0.843530837999424,ok,0.39330196380615234,0.012148325783865793,0.014439582824707031
902,163.50095073900047,0.6715135470003588,ok,0.3659999370574951,0.014197206497192383,0.014285087585449219
903,164.00049829399904,0.9886184629995114,ok,0.21066904067993164,0.01787653991154262,0.09416007995605469
904,164.50056342400057,0.941036725000231,ok,0.39531826972961426,0.013723530267414293,0.026440858840942383
905,165.0002550879999,0.6083609219986101,ok,0.39205431938171387,0.0132965087890625,0.01425480842590332
906,165.50173545600046,0.6834725200005778,ok,0.14998793601989746,0.020395841598510742,0.0873117446899414
907,166.00052873700042,0.8967823590010084,ok,0.2341768741607666,0.01846703120640346,0.09193301200866699
908,169.0003182670007,0.8047926539984473,ok,0.17928814888000488,0.014172199160553688,0.014568328857421875
909,263.0002722119989,0.8062238980000984,ok,0.16466450691223145,0.018949595364657314,0.0872344970703125
910,264.0008717769997,0.6773248099998455,ok,0.09344029426574707,0.019578728182562465,0.08733654022216797
911,265.00050869999905,0.7221186170008878,ok,0.18137884140014648,0.014183405283335093,0.014479398727416992
912,266.0012186130007,0.646479528000782,ok,0.18909144401550293,0.014242618314681514,0.014761209487915039
913,266.50080256,0.6288560310003959,ok,0.19477033615112305,0.0230410099029541,0.08728718757629395
914,267.00122712099983,1.0566391789998306,ok,0.18081092834472656,0.016905527488858093,0.0869140625
915,267.50132928399944,0.7803369550001662,ok,0.3952620029449463,0.012832207339150565,0.014379739761352539
916,268.0004988340006,0.9971987190001528,ok,0.30030179023742676,0.014041632413864136,0.02666163444519043
917,268.501177352,1.3398493160002545,ok,0.3954198360443115,0.013584683923160328,0.02670741081237793
918,269.3334425659996,0.9289112110000133,ok,0.38995957374572754,0.011895129846972089,0.014266252517700195
919,269.66730851399916,0.4696502779988805,ok,0.05660820007324219,0.01142423293169807,0.011854410171508789
920,270.0003185679998,0.683413359000042,ok,0.2899479866027832,0.01416184351994441,0.014771223068237305
921,270.3332914429993,0.8643308240007173,ok,0.3702406883239746,0.01421916846073035,0.0144500732421875
922,271.00234188799914,0.7861902860004193,ok,0.22859573364257812,0.020560695574833796,0.08748412132263184
923,271.333827765,0.7778716230004648,ok,0.3894309997558594,0.011477570379934004,0.012051105499267578
924,271.66770987199925,0.42983597999955236,ok,0.07150101661682129,0.011478296915690104,0.012051105499267578
925,272.2514349159992,0.7464204169991717,ok,0.11008310317993164,0.019434407353401184,0.08735775947570801
926,272.50050483999985,0.7607429510007933,ok,0.39554905891418457,0.011466732025146484,0.011776208877563477
927,272.7503215380002,0.7559632390002662,ok,0.19755077362060547,0.012363932853521303,0.02695775032043457
928,273.00103776799915,0.7569504909988609,ok,0.3928518295288086,0.011478519439697266,0.012154340744018555
929,273.2508649049996,0.6190874980002263,ok,0.14112210273742676,0.01194377949363307,0.014312505722045898
930,273.5009998099995,0.9795678880000196,ok,0.39420413970947266,0.014209991693496704,0.027359485626220703
931,274.0011843600005,0.7088421299995389,ok,0.3969728946685791,0.011527032852172851,0.012244701385498047
932,274.2009670520001,0.8252096679989336,ok,0.19853448867797852,0.012085328102111817,0.026679515838623047
933,274.4010727719997,0.7629295719998481,ok,0.39252567291259766,0.011524615749236076,0.011905193328857422
934,274.6010317629989,0.6385389289989689,ok,0.18837523460388184,0.012019899156358507,0.026604413986206055
935,274.8001695309995,0.841523174998656,ok,0.38594508171081543,0.014555803934733073,0.027236223220825195
936,275.2001352419993,0.9071309640003165,ok,0.3897285461425781,0.011923494793119885,0.027245759963989258
937,275.40176569899995,0.7638733940002567,ok,0.18624043464660645,0.011892749908122611,0.027245759963989258
938,275.6004853100003,0.822676648000197,ok,0.3957388401031494,0.01156768378089456,0.012215375900268555
939,275.8009534169996,0.8409793690007064,ok,0.1993577480316162,0.011851337720763008,0.027123451232910156
940,276.00106274599966,0.6835223449998011,ok,0.3959827423095703,0.011815482919866388,0.014470100402832031
941,276.2008097079997,0.3263731070001086,ok,0.19886255264282227,0.011632389492458768,0.012171268463134766
942,276.8008247689995,1.1154155870008253,ok,0.18819141387939453,0.015483642446583715,0.08726239204406738
943,277.00074848999975,0.8457994799991866,ok,0.3863692283630371,0.011546096286258183,0.012209177017211914
944,277.16753430899917,0.6447085389991116,ok,0.21349215507507324,0.011539655573227826,0.012209177017211914
945,277.3338676120002,0.4784592150008393,ok,0.07131552696228027,0.011539655573227826,0.012209177017211914
946,277.50025883499984,0.6912420409989863,ok,0.39209628105163574,0.011489788691202799,0.012073755264282227
947,277.66787915699933,0.7703138709985069,ok,0.23073172569274902,0.012735855288621856,0.026675939559936523
948,278.0004804229993,0.8847105040003953,ok,0.3946106433868408,0.011490490378403082,0.012150764465332031
949,278.16722025299896,0.5342730319989641,ok,0.22270774841308594,0.01148777961730957,0.012150764465332031
950,278.33476732599956,0.6764927200001694,ok,0.056479454040527344,0.011895694732666016,0.0144195556640625
951,278.66784204800024,0.708110093999494,ok,0.36315274238586426,0.011518376214163644,0.011601448059082031
952,278.8337812139998,0.9145683419992565,ok,0.20215082168579102,0.01235619458285245,0.014556169509887695
953,279.0004594439997,0.4794020260014804,ok,0.030081748962402344,0.011533402107857369,0.011895895004272461
954,279.33427155999925,1.1099986780009203,ok,0.3952183723449707,0.012435917343412126,0.026993274688720703
955,279.50102299900027,0.6959480320001603,ok,0.2275102138519287,0.011520758653298402,0.012153148651123047
956,279.6677635679989,0.3799421629992139,ok,0.05755138397216797,0.01152945481813871,0.012153148651123047
957,280.00049324300016,0.735513132000051,ok,0.395993709564209,0.011603002195005064,0.014400243759155273
958,280.1432710459994,0.5648010150016489,ok,0.25780200958251953,0.011497259140014648,0.012144088745117188
959,280.28716487100064,0.4209396900005231,ok,0.11310505867004395,0.011497259140014648,0.012144088745117188
960,280.71424694099915,0.7347609669996018,ok,0.06710195541381836,0.017990860674116347,0.08727574348449707
961,280.8572465929992,0.7529429999995045,ok,0.3849503993988037,0.011557358961838942,0.012108802795410156
962,281.00164937299996,0.6545657070000743,ok,0.28297853469848633,0.011558787027994791,0.012108802795410156
963,281.14329306499894,0.8079247849982494,ok,0.14127850532531738,0.011883629692925347,0.026669740676879883
964,281.2870949499993,0.6785320530016179,ok,0.3967318534851074,0.01155065453570822,0.011941671371459961
965,281.5716165449994,0.321953021999434,ok,0.11008405685424805,0.011537046993480009,0.011749505996704102
966,281.7144855480001,0.5376835330007452,ok,0.2895362377166748,0.011522436141967773,0.012346029281616211
967,281.85889664800015,0.805043216998456,ok,0.13971424102783203,0.012840042114257813,0.027445554733276367
968,282.12606987300023,1.0291275719991972,ok,0.38750743865966797,0.011904230484595666,0.027482271194458008
969,282.25048425500063,0.8698713220001082,ok,0.2716481685638428,0.011915085267047492,0.027482271194458008
970,282.5005364089993,0.7008625010003016,ok,0.388904333114624,0.011684188842773438,0.012251615524291992
971,282.6251387400007,0.5417097700010345,ok,0.268923282623291,0.0116771784695712,0.012251615524291992
972,282.7521235610002,0.6839233380014775,ok,0.1417555809020996,0.012242145316545354,0.027012348175048828
973,282.87546170099995,0.7837948800006416,ok,0.3908500671386719,0.011553787416027438,0.011905670166015625
974,283.125514424999,0.5799949810007092,ok,0.14195656776428223,0.01200524057660784,0.0269625186920166
975,283.250564942,0.6852086779999809,ok,0.38827013969421387,0.011556923389434814,0.011936426162719727
976,283.5002203990007,1.0387271729996428,ok,0.14159417152404785,0.012214544746610854,0.0273897647857666
977,283.6258816209993,0.9477353500005847,ok,0.39021921157836914,0.011986557642618816,0.027304410934448242
978,283.75068013999953,0.7881894229994941,ok,0.25885581970214844,0.012005329132080078,0.027304410934448242
979,283.87616836300003,0.5918576839994785,ok,0.14381170272827148,0.012043158213297525,0.027304410934448242
980,284.0009664119989,0.877760647001196,ok,0.38959527015686035,0.012049522155370468,0.027073144912719727
981,284.12593316899984,0.845241820999945,ok,0.2582821846008301,0.011971493984790558,0.027073144912719727
982,284.25033011099913,0.4963452680003684,ok,0.14270830154418945,0.011666421232552364,0.012092113494873047
983,284.37602050199894,0.8886932989989873,ok,0.39173102378845215,0.011980515718460084,0.02694225311279297
984,284.50018680599896,0.7523862830003054,ok,0.2702634334564209,0.01199033321478428,0.02694225311279297
985,284.62679147999916,0.4714017000005697,ok,0.14209961891174316,0.011600397251270435,0.01210474967956543
986,284.7508470849989,0.8023632679996808,ok,0.3893399238586426,0.01158432399525362,0.012002706527709961
987,284.8752805969998,0.859108777000074,ok,0.2695577144622803,0.012236620517487222,0.02707529067993164
988,285.0003410930003,0.5297559470000124,ok,0.14194512367248535,0.011578947305679321,0.012002706527709961
989,285.2516274869995,0.9829524239994498,ok,0.38861632347106934,0.011868948737780253,0.027170181274414062
990,285.3759159399997,0.8940632949997962,ok,0.27298426628112793,0.011858243568270815,0.027170181274414062
991,285.6257648649989,0.8795741810008622,ok,0.38687753677368164,0.012006869682898888,0.027629375457763672
992,285.7505495330006,0.5076610259984591,ok,0.26729869842529297,0.011638980162771125,0.01215672492980957
993,285.87594588699903,0.5088369160002912,ok,0.14109420776367188,0.011603347460428874,0.01215672492980957
994,286.0003357589994,1.0108444970010169,ok,0.3898496627807617,0.01198251724243164,0.027185916900634766
995,286.12608204000026,0.7251634229996853,ok,0.27007198333740234,0.011572737442819695,0.012262582778930664
996,286.2507412599989,0.5657774339997559,ok,0.1422135829925537,0.011571802411760602,0.012262582778930664
997,286.3751719310003,0.36046808900027827,ok,0.015326261520385742,0.011571918215070452,0.012262582778930664
998,286.50102924100065,0.9058056579997356,ok,0.3898632526397705,0.01190846874600365,0.02695322036743164
999,286.62687678099974,0.43043323200072336,ok,0.2628812789916992,0.011600787823016826,0.01215505599975586
1000,286.75080268700003,0.6560840719994303,ok,0.13580799102783203,0.01190846874600365,0.02695322036743164
1001,286.87540431699927,0.6351154320000205,ok,0.3872215747833252,0.011589610576629638,0.012182950973510742
1002,287.00058284199986,0.8031968900013453,ok,0.2563786506652832,0.012200377708257631,0.02684164047241211
1003,287.125878887,0.5568756960001338,ok,0.12931227684020996,0.011545685359409877,0.012182950973510742
1004,287.37613869800043,1.0843696310002997,ok,0.38471508026123047,0.01215191398348127,0.02776622772216797
1005,287.50108212600026,0.7266090600005555,ok,0.2576406002044678,0.012431336773766411,0.02776622772216797
1006,287.6260095329999,0.5036458670001593,ok,0.13124775886535645,0.012066479386954472,0.025263547897338867
1007,287.75093663999905,0.9516003969984013,ok,0.3917398452758789,0.012117073271009656,0.027622222900390625
1008,287.8752488129994,0.49206979100017634,ok,0.25885534286499023,0.01166624493069119,0.012161970138549805
1009,288.0006100270002,0.6102403929999127,ok,0.13165712356567383,0.011641092789478792,0.012161970138549805
1010,288.25086010799896,0.8727905050000118,ok,0.39270520210266113,0.01200658396670693,0.027388334274291992
1011,288.5006687829991,0.6348683839987643,ok,0.14821362495422363,0.011997601924798427,0.027388334274291992
1012,288.626017356999,0.7649124589988787,ok,0.3892667293548584,0.01166220506032308,0.012347936630249023
1013,288.7507166659998,0.7814685749999626,ok,0.26888036727905273,0.012194676276965018,0.014553308486938477
1014,288.8761146300003,0.4795268820016645,ok,0.14191460609436035,0.011660063708270038,0.012347936630249023
1015,289.0005106009994,0.37868069000069227,ok,0.026539325714111328,0.01166374107887005,0.012347936630249023
1016,289.1258241359992,1.0129627090009308,ok,0.38463902473449707,0.011909199695961149,0.027004718780517578
1017,289.2507694929991,0.7378825479991065,ok,0.25684666633605957,0.012014043958563553,0.027004718780517578
1018,289.37579789899974,0.5771723510006268,ok,0.1407179832458496,0.01203564235142299,0.027004718780517578
1019,289.50114979299906,0.8403578369998286,ok,0.38905811309814453,0.012097795804341635,0.027521133422851562
1020,289.62566576300014,0.7855721420000918,ok,0.25772905349731445,0.012033621470133463,0.027521133422851562
1021,289.7510605970001,0.5554501070000697,ok,0.13047242164611816,0.012128548188643022,0.027521133422851562
1022,289.87548642799993,0.900034592999873,ok,0.3911557197570801,0.012018791059168374,0.02709054946899414
1023,290.0007811830001,0.7628171460000885,ok,0.2587301731109619,0.012025773525238037,0.02709054946899414
1024,290.1254207820002,0.7772660980008368,ok,0.13145208358764648,0.011939938251788799,0.02709054946899414
1025,290.25102091400004,0.9812181439992855,ok,0.39078450202941895,0.011965811252593994,0.027144432067871094
1026,290.3756778329989,0.9377547370004322,ok,0.2581014633178711,0.01192371195012873,0.027144432067871094
1027,290.50046086099974,0.5068267310016381,ok,0.14209437370300293,0.011652000745137532,0.012065410614013672
1028,290.6251478710001,0.8726964340003178,ok,0.39136171340942383,0.0115989089012146,0.011907100677490234
1029,290.7505074540004,0.44640143100150453,ok,0.25929856300354004,0.011628389358520508,0.011813640594482422
1030,291.000880394,0.6307608560000517,ok,0.015287160873413086,0.011956114768981934,0.027102947235107422
1031,291.12581585099906,0.7474030009998387,ok,0.388613224029541,0.01153303836954051,0.012166261672973633
1032,291.3755990360005,0.5824901470004988,ok,0.14453744888305664,0.011913292748587472,0.014501571655273438
1033,291.6254368909995,0.7215599699993618,ok,0.357663631439209,0.011531909306844076,0.011829376220703125
1034,291.8753739439999,0.5889120850006293,ok,0.10164928436279297,0.01218507164403012,0.027552366256713867
1035,292.0009512159995,0.8603697839989763,ok,0.3926849365234375,0.012002886952580633,0.02716851234436035
1036,292.125765073999,0.6777029250006308,ok,0.26657772064208984,0.012063167989253998,0.02716851234436035
1037,292.3752063310003,0.5782721209998272,ok,0.38916754722595215,0.01162099838256836,0.012154102325439453
1038,292.75095063499975,0.41624054400017485,ok,0.026510000228881836,0.012892640870192955,0.014566183090209961
1039,292.8754847349992,0.8788320630010276,ok,0.31417155265808105,0.012092394298977321,0.027546405792236328
1040,293.1260727730005,0.4651056279999466,ok,0.059607505798339844,0.011540701895049124,0.011795520782470703
1041,293.25095279999914,0.8560085179997259,ok,0.3931243419647217,0.012043508323463233,0.0272219181060791
1042,293.37543906099927,0.5649586580002506,ok,0.26642775535583496,0.011626005172729492,0.012120723724365234
1043,293.500842894,0.6877302829998371,ok,0.13935327529907227,0.011981156739321623,0.0272219181060791
1044,293.6253639739989,0.9161391609995917,ok,0.39052557945251465,0.01201723303113665,0.02729201316833496
1045,293.7509500060005,0.5305199469985382,ok,0.27031850814819336,0.01166390237354097,0.012109756469726562
1046,293.8755378650003,0.6423603910006932,ok,0.14252066612243652,0.012028217315673828,0.02729201316833496
1047,294.0005601310004,0.8929755389999627,ok,0.3908095359802246,0.012022483348846435,0.02666640281677246
1048,294.12612162299956,0.565918240999963,ok,0.2701687812805176,0.011665155490239462,0.012108325958251953
1049,294.2507456029998,0.5498664200003986,ok,0.14243173599243164,0.012119606137275696,0.02666640281677246
1050,294.37567135899917,0.7492683939999552,ok,0.3910338878631592,0.011612974364182045,0.011920690536499023
1051,294.5002041789994,0.793559625000853,ok,0.2705957889556885,0.01203657899584089,0.02715134620666504
1052,294.6259595699994,0.4296121250008582,ok,0.14234161376953125,0.011617484300032906,0.011920690536499023
1053,294.75019553200036,0.7742295309999463,ok,0.3926224708557129,0.011559094152142924,0.012113809585571289
1054,294.87578328400014,0.7196025030007149,ok,0.27293944358825684,0.011858959992726644,0.014557361602783203
1055,295.25019981699916,1.0196815600011178,ok,0.36686253547668457,0.012146610480088454,0.0277101993560791
1056,295.37593510700026,0.5865654030003498,ok,0.23966264724731445,0.011597565242222376,0.011762380599975586
1057,295.50026667900056,0.450420896999276,ok,0.11297893524169922,0.011597271318788882,0.011762380599975586
1058,295.62554060299954,0.7833851859995775,ok,0.39762020111083984,0.011678372659990865,0.01223611831665039
1059,295.7508831159994,0.6001395430012053,ok,0.28194451332092285,0.011682437016413761,0.01223611831665039
1060,295.8752516579989,0.761402823998651,ok,0.1543102264404297,0.01202636835526447,0.02726459503173828
1061,296.0006503610002,0.4894368299992493,ok,0.02968430519104004,0.011661730314555922,0.01223611831665039
1062,296.12596648399995,0.9806911460000265,ok,0.3906984329223633,0.011974339683850607,0.02776026725769043
1063,296.25037713500024,0.7633695080003235,ok,0.26218128204345703,0.012038075923919677,0.02776026725769043
1064,296.37516379299996,0.5449080700000195,ok,0.1339576244354248,0.012119181454181671,0.02776026725769043
1065,296.5002557379994,0.937661173999004,ok,0.3905160427093506,0.012052763592113148,0.02768230438232422
1066,296.62576031000026,0.6833770270004607,ok,0.25896120071411133,0.012164888959942442,0.02768230438232422
1067,296.7508717950004,0.6751936040000146,ok,0.13112878799438477,0.01206186760303586,0.02768230438232422
1068,296.8752605560003,1.0315117230002215,ok,0.3928210735321045,0.011964642084561862,0.02717137336730957
1069,297.0002557629996,0.7440870840000571,ok,0.25972533226013184,0.012084139020819413,0.02717137336730957
1070,297.1258134439995,0.6532716110014007,ok,0.14299464225769043,0.012057560246165206,0.02717137336730957
1071,297.2511962669996,0.9261278480007604,ok,0.3926975727081299,0.011985995048700376,0.02765059471130371
1072,297.5010819899999,0.6532408809998742,ok,0.14270281791687012,0.011605123194252573,0.011998653411865234
1073,297.7505255069991,0.6703402519997326,ok,0.3856625556945801,0.011646882347438646,0.012325763702392578
1074,297.8753010849996,0.68923686800008,ok,0.2578718662261963,0.012091461349936092,0.027326583862304688
1075,298.00099084499925,0.5869544880006288,ok,0.13055157661437988,0.01207463608847724,0.027326583862304688
1076,298.12550826500046,1.1166291410008853,ok,0.3897364139556885,0.011888229846954345,0.0271914005279541
1077,298.25052406099894,0.6154992169995239,ok,0.25840139389038086,0.011627312364249394,0.012023687362670898
1078,298.3759118939997,0.7847937330006971,ok,0.13101410865783691,0.01191516192454212,0.0271914005279541
1079,298.5013478460005,0.8725309319997905,ok,0.3898437023162842,0.012029586694179436,0.027051925659179688
1080,298.6254587889998,0.8181959619996633,ok,0.25848865509033203,0.01197858386569553,0.027051925659179688
1081,298.8761916349995,0.751735360998282,ok,0.3908350467681885,0.01158907413482666,0.012055397033691406
1082,299.12587913899915,0.5020189579990983,ok,0.1319279670715332,0.01158907413482666,0.012055397033691406
1083,299.2503034399997,0.7257145919993491,ok,0.4051363468170166,0.01219278335571289,0.026240825653076172
1084,299.3760326299998,0.8849055110003974,ok,0.27363133430480957,0.012287860115369162,0.02811884880065918
1085,299.5008376679998,0.7248668590000307,ok,0.14617061614990234,0.012319835027058919,0.02811884880065918
1086,299.6255013360005,0.5012594330000866,ok,0.03099679946899414,0.01199911770067717,0.026240825653076172
1087,299.751056957999,0.8417927410009725,ok,0.3873434066772461,0.012171162499321831,0.028050899505615234
1088,299.87532775900036,0.741058087998681,ok,0.25961947441101074,0.012153550198203638,0.028050899505615234
1089,300.00019328599956,0.44737385000007635,ok,0.13164830207824707,0.011736612319946289,0.012411355972290039
1090,300.1259123460004,1.0661163200002193,ok,0.3934895992279053,0.011974573135375977,0.02690911293029785
1091,300.25086332200044,0.953080086999762,ok,0.2607388496398926,0.011970383780343192,0.02690911293029785
1092,300.37615354599984,0.6520451799988223,ok,0.13216781616210938,0.01205298958755121,0.02690911293029785
1093,300.5007221649994,0.8946058210003685,ok,0.39240360260009766,0.01212816834449768,0.027838945388793945
1094,300.62655060399993,1.0254779200004123,ok,0.2586984634399414,0.011968362715936477,0.027838945388793945
1095,300.7509275550001,0.5116875179992348,ok,0.14258146286010742,0.011743720372517903,0.012056350708007812
1096,300.8753009060001,0.995630600998993,ok,0.39458274841308594,0.012108350793520609,0.026746511459350586
1097,301.1257667640002,0.6079680069997266,ok,0.14486050605773926,0.011693396066364489,0.01209259033203125
1098,301.2510670470001,0.447737476999464,ok,0.015702009201049805,0.011691767828805107,0.01209259033203125
1099,301.37580158499986,1.093240338999749,ok,0.3943629264831543,0.011924279363531815,0.02759242057800293
1100,301.5005118129993,0.8635115029992448,ok,0.2659165859222412,0.011962592601776123,0.02759242057800293
1101,301.625222020999,0.5595260199988843,ok,0.14914703369140625,0.011623964590184829,0.011929512023925781
1102,301.87608626600013,0.8889371659988683,ok,0.3868677616119385,0.012072610855102538,0.026960134506225586
1103,302.00047477599946,0.5503260149998823,ok,0.25913500785827637,0.011719579282014267,0.012255668640136719
1104,302.12519124400023,0.7792125969990593,ok,0.131378173828125,0.011976948151221642,0.026960134506225586
1105,302.2509191939989,0.8217852910001966,ok,0.3927462100982666,0.012157468234791476,0.027624130249023438
1106,302.37518364599964,0.673898631001066,ok,0.2596604824066162,0.01216229796409607,0.027624130249023438
1107,302.50019207100013,0.8401215229987429,ok,0.14275670051574707,0.011949028885155394,0.027624130249023438
1108,302.6253366159999,0.7500549129999854,ok,0.3918325901031494,0.011704140696032294,0.012292146682739258
1109,302.75188472899936,0.9545068340012222,ok,0.25977635383605957,0.011974121843065535,0.027994871139526367
1110,302.87526718799927,0.5986584410002251,ok,0.1432018280029297,0.012155996428595649,0.027994871139526367
1111,303.0006367699989,0.933323945999291,ok,0.3939037322998047,0.012060991553373115,0.027536869049072266
1112,303.12523676899946,0.7150329270007205,ok,0.27218079566955566,0.012134129660470144,0.027536869049072266
1113,303.2506618509997,0.7535185950000596,ok,0.14425969123840332,0.012021502669976682,0.027536869049072266
1114,303.3754790080002,0.8778083560009691,ok,0.3930964469909668,0.011774381001790365,0.014618396759033203
1115,303.5010986289999,0.6887148309997428,ok,0.27165722846984863,0.011693112990435432,0.012048482894897461
1116,303.62580541699936,0.5873669630000222,ok,0.14388751983642578,0.011696987681918673,0.012048482894897461
1117,303.7505458550004,0.47429039099915826,ok,0.02707695960998535,0.011694521517366977,0.012048482894897461
1118,303.87543741099944,0.9458476040017558,ok,0.39909982681274414,0.01190363277088512,0.027066469192504883
1119,304.25199731499924,0.5920540450006229,ok,0.031528472900390625,0.011895972749461298,0.027066469192504883
1120,304.37533223399987,1.1305440939995606,ok,0.3963019847869873,0.012411598501534298,0.027338266372680664
1121,304.50088143500034,0.700093987999935,ok,0.26923680305480957,0.011544975969526503,0.012033224105834961
1122,305.00031357199987,1.0196009450010024,ok,0.3953819274902344,0.011900971917545093,0.02715468406677246
1123,305.126070581,0.8938885939987813,ok,0.26860761642456055,0.011900971917545093,0.02715468406677246
1124,305.25013226400006,0.49785747900023125,ok,0.1424548625946045,0.01157868319544299,0.01215219497680664
1125,305.37693668499924,0.9719685000000027,ok,0.38921260833740234,0.011957016397029795,0.02702021598815918
1126,305.5011350370005,0.7080930119991535,ok,0.2692680358886719,0.012063019616263253,0.02702021598815918
1127,305.6254432780006,0.7583910140001535,ok,0.1421802043914795,0.011940727233886719,0.02702021598815918
1128,305.7511402679993,0.9389673679997941,ok,0.3898739814758301,0.012004695155403831,0.027288198471069336
1129,305.87551882799926,0.8956191899997066,ok,0.26991891860961914,0.01195072192771762,0.027288198471069336
1130,306.00092029999905,0.6191684340010397,ok,0.14215564727783203,0.01205323244396009,0.027288198471069336
1131,306.1263737720001,0.8810710680008924,ok,0.39043450355529785,0.01204537122677534,0.02725386619567871
1132,306.2503923949989,0.7924965870006417,ok,0.2700612545013428,0.012024947575160436,0.02725386619567871
1133,306.3760612949991,0.724741467000058,ok,0.14212870597839355,0.011984089587597137,0.02725386619567871
1134,306.5010573700001,0.8240230209994479,ok,0.39082837104797363,0.012093529981725356,0.027078866958618164
1135,306.625255682,0.8508488930001477,ok,0.2699761390686035,0.011973061460129757,0.027078866958618164
1136,306.7502701880003,0.7838518970002042,ok,0.14217257499694824,0.011940956115722656,0.027078866958618164
1137,306.8763328639998,0.9275695810010802,ok,0.39066290855407715,0.01197329232859057,0.027098417282104492
1138,307.0001887689996,0.44101365999995323,ok,0.2702901363372803,0.011681171563955454,0.012001276016235352
1139,307.1252718929991,0.5746592460000102,ok,0.14196348190307617,0.012076644336476046,0.027098417282104492
1140,307.25060194599973,0.7487586919996829,ok,0.3903052806854248,0.011555688134555158,0.012146234512329102
1141,307.5002613300003,0.5989879779990588,ok,0.14175868034362793,0.012067940500047471,0.027160167694091797
1142,307.6256205720001,0.8502279179992911,ok,0.3909943103790283,0.012083921167585585,0.027349472045898438
1143,307.75108378299956,0.6254988919990865,ok,0.2712516784667969,0.011568792935075432,0.012097835540771484
1144,307.8770708110005,0.4995815739985119,ok,0.14433717727661133,0.011568792935075432,0.012097835540771484
1145,308.000457578999,0.8726434159998462,ok,0.39168310165405273,0.011980044214349044,0.027267932891845703
1146,308.126805382999,0.826733868001611,ok,0.2718791961669922,0.011914989683363172,0.027267932891845703
1147,308.25118981299966,0.3976006429984409,ok,0.14496088027954102,0.011583280563354493,0.01216268539428711
1148,308.37551873399934,0.8891637809992972,ok,0.38873958587646484,0.01155506110772854,0.011952877044677734
1149,308.50100245499925,0.8763827650000167,ok,0.2688298225402832,0.011923021199751874,0.014462947845458984
1150,308.62573842299935,0.4776644120011042,ok,0.141951322555542,0.011573650218822338,0.011952877044677734
1151,309.0006779790001,0.7430565169997863,ok,0.3970358371734619,0.011560380458831787,0.011763572692871094
1152,309.12591861200053,0.629265731000487,ok,0.26995205879211426,0.011561854132290545,0.011763572692871094
1153,309.25030417199923,0.5906046050004079,ok,0.1550290584564209,0.011963701248168946,0.0146026611328125
1154,309.5006865790001,0.9065153800002008,ok,0.3602619171142578,0.0124630644207909,0.02723073959350586
1155,309.6254169160002,0.5241989349997311,ok,0.24454164505004883,0.011563964512037195,0.01187276840209961
1156,309.8751696090003,0.7396320249990822,ok,0.395249605178833,0.011573519025530134,0.011889457702636719
1157,310.12599783299993,0.7194869279992417,ok,0.14113235473632812,0.012053976888241976,0.02752828598022461
1158,310.250810608999,0.9498428379993129,ok,0.3949878215789795,0.012274736581846725,0.014542102813720703
1159,310.37577101399984,0.5395339700007753,ok,0.27500128746032715,0.01164185433160691,0.012183666229248047
1160,310.500392553,0.5302327839999634,ok,0.14775538444519043,0.011617991232102918,0.012183666229248047
1161,310.6253137679996,0.2899639759998536,ok,0.02951359748840332,0.01164185433160691,0.012183666229248047
1162,310.8756347059989,0.747981885999252,ok,0.35126781463623047,0.01181388646364212,0.014620780944824219
1163,311.00047043199993,0.5660501139991538,ok,0.22399115562438965,0.01154947280883789,0.011713027954101562
1164,311.25096618799944,0.7093554700004461,ok,0.3994269371032715,0.012258181969324747,0.027060270309448242
1165,311.3753488080001,0.7015366840005299,ok,0.2727382183074951,0.012085886562571806,0.027060270309448242
1166,311.50079749999895,0.5904725759992289,ok,0.14559412002563477,0.012071636744907924,0.027060270309448242
1167,311.625998952999,0.40424037699995097,ok,0.026617050170898438,0.01214148998260498,0.027060270309448242
1168,311.7505586619991,0.9008452640009637,ok,0.36057591438293457,0.011993918307991914,0.02749490737915039
1169,311.87593784399905,0.8691998419999436,ok,0.24448132514953613,0.011956981584137561,0.02749490737915039
1170,312.000492191999,0.7211998040002072,ok,0.11638331413269043,0.011962267817283163,0.02749490737915039
1171,312.1442856140002,0.9097392730000138,ok,0.38641929626464844,0.012112066859290713,0.027542591094970703
1172,312.28783652899983,0.527090710000266,ok,0.23558306694030762,0.011723912280538807,0.012109518051147461
1173,312.42924334099916,0.5127727159997448,ok,0.09649395942687988,0.011678387137020336,0.012109518051147461
1174,312.57186287200057,0.6678356369993708,ok,0.391279935836792,0.011635986241427336,0.012253761291503906
1175,312.71461959299995,0.9693476379998174,ok,0.2506740093231201,0.011868072768389169,0.027185678482055664
1176,312.85809752800014,0.617015588999493,ok,0.11067986488342285,0.011982574695494116,0.027185678482055664
1177,313.0003225929995,0.718509604999781,ok,0.38620758056640625,0.011612494786580404,0.01190185546875
1178,313.143497699999,0.7172087349990761,ok,0.24676799774169922,0.012248367876619906,0.014620542526245117
1179,313.57133079599953,0.8442410429997835,ok,0.313248872756958,0.012081431179511838,0.014621973037719727
1180,313.71511723799995,0.5582616760002566,ok,0.17366886138916016,0.011548861861228943,0.01177358627319336
1181,314.0005672499992,0.9398741959994368,ok,0.39524340629577637,0.011940468441356312,0.02715444564819336
1182,314.14342992899947,0.8205656160007493,ok,0.2565310001373291,0.011933808741362198,0.02715444564819336
1183,314.2875995779996,0.3127120900007867,ok,0.10059165954589844,0.011617213487625122,0.012138128280639648
1184,314.42973223399895,0.5922975489993405,ok,0.38461780548095703,0.01168261468410492,0.012111663818359375
1185,314.573136039,0.6334805349997623,ok,0.24588704109191895,0.011617079377174377,0.012111663818359375
1186,314.7148798479993,0.5856034339994949,ok,0.0956268310546875,0.01224177134664435,0.027393102645874023
1187,314.85800361600013,0.933014121999804,ok,0.3944401741027832,0.011963711228481558,0.027309656143188477
1188,315.0011471529997,0.6346571550002409,ok,0.25446414947509766,0.011590296222317603,0.012135744094848633
1189,315.1445650679998,0.5767906649998622,ok,0.11578512191772461,0.012016335049191036,0.027309656143188477
1190,315.2861663879994,1.064184816001216,ok,0.3856673240661621,0.011862695217132568,0.027120351791381836
1191,315.4297278619997,0.7465587159986171,ok,0.23502731323242188,0.011950056727339581,0.027120351791381836
1192,315.71461440799976,0.9063008079992869,ok,0.3847379684448242,0.011978944142659506,0.02734971046447754
1193,315.85719226999936,0.59736190699914,ok,0.24545979499816895,0.011623538773635337,0.011937856674194336
1194,316.00155575700046,0.6076277840002149,ok,0.09574103355407715,0.011989128298875763,0.02734971046447754
1195,316.14353982399916,1.0398025930007861,ok,0.386340856552124,0.011939399647262861,0.02680063247680664
1196,316.2864925920003,0.6334727649991692,ok,0.24681758880615234,0.011549755930900574,0.012137651443481445
1197,316.5713532480004,0.8460809769985644,ok,0.38912534713745117,0.011539800747020825,0.012095451354980469
1198,316.7144608260005,0.7957843149997643,ok,0.2386922836303711,0.011889796786838108,0.027043819427490234
1199,317.00128705600036,0.8643939980011055,ok,0.3952195644378662,0.012813506807599748,0.026813268661499023
1200,317.1440765360003,0.5160588079997979,ok,0.2566821575164795,0.011595226469494048,0.01211857795715332
1201,317.287493980999,0.3381292729991401,ok,0.10674405097961426,0.011595368385314941,0.01211857795715332
1202,317.4296053960006,1.0151126839991775,ok,0.38927149772644043,0.011819105522305357,0.026099205017089844
1203,317.5714338739999,0.6395499950012891,ok,0.25061750411987305,0.011538878083229065,0.012177228927612305
1204,317.7143038039994,0.7536196269993525,ok,0.11304521560668945,0.011814760711957823,0.026099205017089844
1205,317.8580389660001,0.9929148929986695,ok,0.394641637802124,0.011822301514294684,0.02648305892944336
1206,318.000921724999,0.8153378560000419,ok,0.2561771869659424,0.01183480283488398,0.02648305892944336
1207,318.2861291379995,0.7943645660016045,ok,0.394331693649292,0.011512481805050013,0.011867523193359375
1208,318.57314881599996,0.5074234879994037,ok,0.10630536079406738,0.011512481805050013,0.011867523193359375
1209,318.714928813999,0.8131437240008381,ok,0.38707923889160156,0.011589976719447545,0.011878728866577148
1210,318.85713089899946,0.6244522260003578,ok,0.24816179275512695,0.011581359371062248,0.011615514755249023
1211,319.0014953059999,0.5551149900002201,ok,0.09910774230957031,0.011670570115785341,0.014604806900024414
1212,319.16773004599963,0.9237120449997747,ok,0.408231258392334,0.011902844905853272,0.014667034149169922
1213,319.5007385400004,0.4922107109996432,ok,0.08343768119812012,0.011557151289547192,0.011939525604248047
1214,319.6676823739999,1.1929139769999892,ok,0.3985171318054199,0.013262633619637325,0.026264429092407227
1215,320.1689728900001,0.7379044150002301,ok,0.3831624984741211,0.011547812100114494,0.01185917854309082
1216,320.3334516140003,0.5850764460010396,ok,0.21257448196411133,0.011546444892883301,0.01185917854309082
1217,320.5008710639995,0.583395259000099,ok,0.05693650245666504,0.012487417314110733,0.027025222778320312
1218,320.66782022699954,0.9703779250012303,ok,0.38466453552246094,0.012005587841602081,0.014461278915405273
1219,320.8342403049992,0.6636482369995065,ok,0.22298240661621094,0.0115092573939143,0.012122631072998047
1220,321.0007294019997,0.48552158500024234,ok,0.0569911003112793,0.011509577433268229,0.012122631072998047
1221,321.3339440239997,0.5774600980003015,ok,0.33239078521728516,0.011539638042449951,0.01183462142944336
1222,321.50101279699993,0.6959620840007119,ok,0.15661311149597168,0.012587832241523557,0.02676081657409668
1223,321.6677577419996,0.8699150499996904,ok,0.3883399963378906,0.011652665260510568,0.014603376388549805
1224,321.83418934899964,0.47860526099975687,ok,0.22719144821166992,0.011594140529632568,0.011903762817382812
1225,322.00066945599974,0.5085891369999445,ok,0.0576624870300293,0.011575898608645878,0.011903762817382812
1226,322.1673740820006,0.8431928070003778,ok,0.3953206539154053,0.011619722520982896,0.011903762817382812
1227,322.33394666799904,0.6765888310001174,ok,0.23270034790039062,0.011619722520982896,0.011903762817382812
1228,322.5003680360005,0.4751407779986039,ok,0.05978846549987793,0.011613228741814108,0.011732816696166992
1229,322.66718545000003,0.7453303429992957,ok,0.36758971214294434,0.011614145771149666,0.011901617050170898
1230,322.8336105769995,0.6505057340000349,ok,0.20497393608093262,0.011919008360968696,0.014678955078125
1231,323.0006824100001,0.38866338200023165,ok,0.030465126037597656,0.011603618490284887,0.01166224479675293
1232,323.1678369609999,0.8967804710009659,ok,0.3352367877960205,0.011943801244099935,0.026865243911743164
1233,323.3341864289996,0.6954687380002724,ok,0.17254424095153809,0.011958570707411994,0.026865243911743164
1234,323.5002733090005,0.8845414309998887,ok,0.38694262504577637,0.012044817209243774,0.014609098434448242
1235,323.6680393759998,0.6170310649995372,ok,0.2115156650543213,0.011649420767119436,0.011960268020629883
1236,323.8334655609997,0.3821296740006801,ok,0.04964494705200195,0.011658986409505209,0.011960268020629883
1237,324.00082662100067,0.8558469540002989,ok,0.41003870964050293,0.011604386406975824,0.01190185546875
1238,324.16714445899925,0.5853363230016839,ok,0.2467174530029297,0.011600605079105921,0.011743307113647461
1239,324.33324266899945,0.5796432590013865,ok,0.07335591316223145,0.01174812912940979,0.014663219451904297
1240,324.50104395500057,0.775577025999155,ok,0.39234495162963867,0.012149985631306965,0.0275728702545166
1241,324.6677876600006,0.72309123299965,ok,0.22983646392822266,0.01252972452264083,0.0275728702545166
1242,324.833655032,0.3737519920014165,ok,0.05548286437988281,0.012283802032470703,0.0275728702545166
1243,325.00088358299945,0.5716065229989908,ok,0.4117443561553955,0.011583030223846436,0.011839151382446289
1244,325.1676350969992,0.5206943880002655,ok,0.24933910369873047,0.011591867967085405,0.011909723281860352
1245,325.3337981069999,0.7320274990015605,ok,0.07321596145629883,0.01265035629272461,0.026854753494262695
1246,325.5010801469998,0.8196125569993455,ok,0.38897204399108887,0.01159142085484096,0.01191258430480957
1247,325.6680619990002,0.8075460259988176,ok,0.2265768051147461,0.01191953902548932,0.02705669403076172
1248,325.83359987400036,0.630186397000216,ok,0.057773590087890625,0.011927241864411728,0.02705669403076172
1249,326.00108844199895,0.9977951889995893,ok,0.3858916759490967,0.011872611045837402,0.02637624740600586
1250,326.20036635199904,0.6363561270009086,ok,0.1885850429534912,0.011977056662241617,0.02637624740600586
1251,326.4002948969992,0.6910950829987996,ok,0.3956751823425293,0.011601686477661133,0.011933565139770508
1252,326.60083311699964,0.6861006630006159,ok,0.1873173713684082,0.01247023908715499,0.026903390884399414
1253,326.80045863399937,1.0849455509996915,ok,0.3923664093017578,0.012368829162032515,0.02623128890991211
1254,327.0010366639999,0.6192478159991879,ok,0.19476914405822754,0.011515201841081893,0.012030839920043945
1255,327.401157581,0.7591740480002045,ok,0.3909904956817627,0.011486109097798665,0.011817455291748047
1256,327.6006230999992,0.6471253489999071,ok,0.19547486305236816,0.012000183264414469,0.027066946029663086
1257,327.80034441600037,0.9205689160007751,ok,0.38745641708374023,0.011806498874317516,0.0260465145111084
1258,328.00064811799894,0.7432682069993461,ok,0.17820429801940918,0.011798739433288574,0.0260465145111084
1259,328.20123561699984,0.8513401079999312,ok,0.39248037338256836,0.011459237650821083,0.011791467666625977
1260,328.40102883299915,0.7214301339990925,ok,0.19748926162719727,0.011698894722517146,0.014317989349365234
1261,328.80109382999945,0.7203418129993224,ok,0.3406517505645752,0.011502981185913086,0.011830806732177734
1262,329.0005548980007,0.6767770480000763,ok,0.14638519287109375,0.012143345106215704,0.014540433883666992
1263,329.4012135110006,0.7329287300017313,ok,0.3012123107910156,0.014227793134492019,0.014316797256469727
1264,329.8006505529993,0.8561573179995321,ok,0.35959815979003906,0.011949193477630616,0.026700735092163086
1265,330.0011100729989,0.6789420090008207,ok,0.15999293327331543,0.01194211414882115,0.026700735092163086
1266,330.20067208,0.5487822079994658,ok,0.39632415771484375,0.011660857634110884,0.011980295181274414
1267,330.40123114999915,0.6956987319990731,ok,0.19982671737670898,0.013218541940053305,0.02729320526123047
1268,330.60045062000063,0.9346871390007436,ok,0.3905165195465088,0.012009756131605669,0.014550447463989258
1269,330.8006253120002,0.6071125730013591,ok,0.18590879440307617,0.011524534225463868,0.011980056762695312
1270,331.2004457910007,0.9021296629998687,ok,0.35376834869384766,0.011922289024699818,0.027458906173706055
1271,331.4009091810003,0.7247634760005894,ok,0.15813207626342773,0.011914180672687033,0.027458906173706055
1272,331.60043768799915,1.1311695409985987,ok,0.3968696594238281,0.012047900991924739,0.02648448944091797
1273,331.8011172459992,0.7627038369992079,ok,0.20034480094909668,0.01156244379408816,0.012039899826049805
1274,332.25020520399994,0.7910069570007181,ok,0.3974919319152832,0.011788956820964813,0.014492273330688477
1275,332.50071443699926,0.4837534250000317,ok,0.1437358856201172,0.011533711637769426,0.011829137802124023
1276,332.75075373300024,0.7829458129999693,ok,0.3174459934234619,0.011542870448185848,0.011771917343139648
1277,333.0006308709999,0.6187088580009004,ok,0.059001922607421875,0.011848645740085179,0.014624834060668945
1278,333.25016025200057,0.7474639599986403,ok,0.39407801628112793,0.011561401959123283,0.011872529983520508
1279,333.5006495739999,0.6533050770012778,ok,0.13988280296325684,0.012193857095180413,0.014668703079223633
1280,333.750572682,0.7727736639990326,ok,0.3873615264892578,0.0115581676363945,0.012107372283935547
1281,334.0008052159992,0.5224856009990617,ok,0.12950706481933594,0.0115581676363945,0.012107372283935547
1282,334.2504751460001,0.7972237949998089,ok,0.30417561531066895,0.01428661924419981,0.015101194381713867
1283,334.7511156239998,0.7356647759988846,ok,0.3168344497680664,0.011552705484278062,0.011876821517944336
1284,335.00071371299964,0.4716860340013227,ok,0.07429170608520508,0.011553157459605824,0.011876821517944336
1285,335.25080864899974,0.9289268840002478,ok,0.264589786529541,0.017270648801648938,0.09212636947631836
1286,335.50052353799947,0.9640674370002671,ok,0.39843273162841797,0.011959656425144361,0.026854991912841797
1287,335.75048953499936,0.601252199998271,ok,0.1162099838256836,0.011513528070951762,0.012063264846801758
1288,336.0003973019993,0.7276373799995781,ok,0.3883018493652344,0.011477512972695487,0.011917829513549805
1289,336.2519462149994,0.715095363000728,ok,0.1350240707397461,0.01245102882385254,0.027106285095214844
1290,336.50177133299985,0.9413582519991905,ok,0.38706159591674805,0.011868937810262045,0.026860952377319336
1291,336.7502053120006,0.6287113050002517,ok,0.14104962348937988,0.011462060416617044,0.012064933776855469
1292,337.0002028479994,0.8666733999998542,ok,0.3952009677886963,0.012362175517612033,0.014405012130737305
1293,337.3340731419994,0.3372802159992716,ok,0.06343722343444824,0.011446367610584606,0.012032032012939453
1294,337.66748560999986,0.9404247290003696,ok,0.2484877109527588,0.018274429682138806,0.08726191520690918
1295,338.0021225879991,0.7445732920004957,ok,0.39804768562316895,0.01223550902472602,0.029102563858032227
1296,338.33413401600046,0.7532119219995366,ok,0.056806325912475586,0.013104896545410156,0.029102563858032227
1297,338.6680927289999,0.951363570000467,ok,0.39766860008239746,0.01179353396097819,0.014493465423583984
1298,339.00101893099963,0.5337432669984992,ok,0.0716097354888916,0.011495761382274138,0.012191057205200195
1299,339.3339771409992,0.9408846650003397,ok,0.31134533882141113,0.013608323203192817,0.02671527862548828
1300,339.6681220829996,0.8326751439999498,ok,0.399127721786499,0.012748584151268005,0.014498472213745117
1301,340.33505516600053,0.9420944240009703,ok,0.20961761474609375,0.017753010988235472,0.08743739128112793
1302,340.6681331359996,0.9406800749984541,ok,0.3921217918395996,0.011463797092437744,0.012096166610717773
1303,341.0009822769989,0.815916630999709,ok,0.12700724601745605,0.012115595557472922,0.026825428009033203
1304,341.3333349429995,0.7798141639996174,ok,0.38973546028137207,0.011446855962276459,0.012079715728759766
1305,341.66899176100014,0.583673170000111,ok,0.05657386779785156,0.011984654835292272,0.014313697814941406
1306,342.00116704799984,1.0007066759990266,ok,0.2856454849243164,0.01411497349641761,0.014632701873779297
1307,343.0008295819989,0.4930780770009733,ok,0.037761688232421875,0.021955883502960204,0.0872499942779541
1308,343.50106968100044,0.9872452750005323,ok,0.04356694221496582,0.016918754577636717,0.09231352806091309
1309,344.00112529099897,1.1106911499991838,ok,0.39153218269348145,0.013532157037772384,0.014229059219360352
1310,345.0011915310006,0.8883959790000517,ok,0.15017056465148926,0.01777356266975403,0.08714842796325684
1311,346.0010691030002,0.9432283209989691,ok,0.1828627586364746,0.01821609822715201,0.08732151985168457
1312,346.5004271880007,1.0840679339999042,ok,0.39525842666625977,0.013733138843458526,0.014330863952636719
1313,347.50035917700006,0.7796284430005471,ok,0.12165164947509766,0.018514226464664236,0.08708071708679199
1314,350.00084393900033,0.7715219180008717,ok,0.06167960166931152,0.01826291335256476,0.08724474906921387
1315,351.00050688900046,0.814566916998956,ok,0.06339216232299805,0.01793305466814739,0.0871577262878418
1316,352.0007279040001,0.9136834290002298,ok,0.07994937896728516,0.017409608719196727,0.08732938766479492
1317,353.00082217899944,0.8519640419999632,ok,0.18122386932373047,0.01870894432067871,0.0875859260559082
1318,354.00023628000054,0.6139557090009475,ok,0.10128641128540039,0.020695209503173828,0.08723640441894531
1319,355.0005593019996,0.8754434790007508,ok,0.12723898887634277,0.017855085977693884,0.08729791641235352
1320,358.00050544499936,1.0245158730012918,ok,0.17391443252563477,0.017496266263596554,0.08731198310852051
1321,360.0004127709999,0.731950126000811,ok,0.12233638763427734,0.019148265161821918,0.08731389045715332
1322,361.00055287099894,0.7816465610012528,ok,0.05712556838989258,0.018164903689653445,0.08725714683532715
1323,362.00119078699936,1.0332960689993342,ok,0.07450675964355469,0.016833939722606113,0.0872962474822998
1324,363.0004020340002,0.6567811969998729,ok,0.07984161376953125,0.020613220002916124,0.08734488487243652
1325,364.00031302500065,1.032718971999202,ok,0.19626474380493164,0.01745793159971846,0.08733439445495605
1326,365.00078521999967,0.9168450870001834,ok,0.08053302764892578,0.017407331060855947,0.0874338150024414
1327,366.00119444700067,0.6771277509997162,ok,0.02187824249267578,0.018792159417096305,0.08749198913574219
1328,367.00223724699936,0.9935027809988242,ok,0.1463174819946289,0.017319137851397198,0.08703374862670898
1329,368.00087701600023,0.6341843099999096,ok,0.045076847076416016,0.019116608301798503,0.08690595626831055
1330,370.0003040249994,0.8647072990006563,ok,0.10149145126342773,0.01778934115455264,0.0871725082397461
1331,371.00035978099913,0.7059586129998934,ok,0.023441791534423828,0.018502122826046415,0.09234166145324707
1332,372.00047856499987,0.6695013509997807,ok,0.05521726608276367,0.019296815318446004,0.08780384063720703
1333,372.5009199550004,0.8730862299998989,ok,0.20612788200378418,0.018764608046587777,0.09236812591552734
1334,373.5007562009996,0.9300687650011241,ok,0.1361236572265625,0.018139988877052485,0.09225320816040039
1335,374.00101572099993,0.8336137109999981,ok,0.3940541744232178,0.01379087766011556,0.014354228973388672
1336,375.00049034899894,0.8154851590006729,ok,0.15147852897644043,0.018785455647636864,0.08724546432495117
1337,375.6675628089997,0.9714186959990911,ok,0.19245195388793945,0.017246473919261585,0.08720564842224121
1338,376.0013544859994,0.9238221049999993,ok,0.3948991298675537,0.011478718958402934,0.011934757232666016
1339,376.33427707100054,0.7892072319991712,ok,0.14054322242736816,0.01220764105136578,0.026596546173095703
1340,376.6671618649998,1.216377258000648,ok,0.3925137519836426,0.012399574426504282,0.026500463485717773
1341,377.0003686170003,0.3740037190000294,ok,0.05634284019470215,0.011432170867919922,0.012134790420532227
1342,377.2510511319997,0.9106268020004791,ok,0.39253973960876465,0.011473195893423898,0.012018203735351562
1343,377.5006260169994,0.8106527069994627,ok,0.1392819881439209,0.011754785884510387,0.02642035484313965
1344,377.7508190259996,0.8683425060007721,ok,0.3928089141845703,0.011452877521514892,0.012098550796508789
1345,378.0007681469997,0.6462985170001048,ok,0.1402144432067871,0.011518762225196474,0.014265060424804688
1346,378.5005936689995,0.6487665780005045,ok,0.19368743896484375,0.02184445858001709,0.08743548393249512
1347,378.75046382099936,0.9567427550009597,ok,0.37093400955200195,0.011472982830471462,0.011552572250366211
1348,379.0011394459998,0.7346651560001192,ok,0.16987109184265137,0.011539788956337787,0.014564990997314453
1349,379.4010717729998,0.856429253000897,ok,0.35941362380981445,0.011963015794754029,0.02685689926147461
1350,379.6005447759999,0.9016258439987723,ok,0.16350007057189941,0.011858174058257556,0.02685689926147461
1351,379.8002749360003,0.6203841690003173,ok,0.39651012420654297,0.01167293389638265,0.011963844299316406
1352,380.0007712000006,0.5013615600000776,ok,0.18840765953063965,0.011672229766845703,0.011963844299316406
1353,380.200375901999,0.8659592339990922,ok,0.3221893310546875,0.011538463168674046,0.01158595085144043
1354,380.4017726689999,0.6504257630003849,ok,0.1240236759185791,0.011538754809986462,0.01158595085144043
1355,380.80061806400045,0.8932665620013722,ok,0.296661376953125,0.012523832528487495,0.026210546493530273
1356,381.0010740689995,0.42914561799989315,ok,0.10021352767944336,0.011569446987575956,0.012074947357177734
1357,381.2007516800004,0.8468934200009244,ok,0.39093518257141113,0.01350836455821991,0.014522552490234375
1358,381.80040603700036,0.886144128999149,ok,0.28460121154785156,0.017129309037152457,0.08452343940734863
1359,382.0009167110002,0.5052712769993377,ok,0.08646368980407715,0.01916792279198056,0.08452343940734863
1360,382.1679328579994,0.851912847998392,ok,0.3871605396270752,0.01151176861354283,0.01187753677368164
1361,382.33372532499925,0.5485524739997345,ok,0.25966906547546387,0.011525071185568104,0.01187753677368164
1362,382.5011467389995,0.7083572200008348,ok,0.09919023513793945,0.012336631615956625,0.029766559600830078
1363,382.6674992520002,0.8790233469990199,ok,0.3885834217071533,0.012095977098513871,0.029766559600830078
1364,382.8340825619998,0.8785277209990454,ok,0.21572446823120117,0.012268634942861704,0.029766559600830078
1365,383.00152388599963,0.6530886800010194,ok,0.054787635803222656,0.012333443824281084,0.029766559600830078
1366,383.1681067369991,0.8326189750005142,ok,0.3873264789581299,0.011810070938534208,0.01456141471862793
1367,383.33405411199965,0.6097874340011913,ok,0.22426176071166992,0.011583834886550903,0.011918306350708008
1368,383.6687888209999,0.5364268319990515,ok,0.3532416820526123,0.011585201535906111,0.011873960494995117
1369,383.83512722399973,0.509186494999085,ok,0.19116926193237305,0.01159514830662654,0.011894941329956055
1370,384.00079888099935,0.48629087199878995,ok,0.028637409210205078,0.012272013558281792,0.01464390754699707
1371,384.1432788589991,0.6764129200000752,ok,0.37080836296081543,0.011605072021484374,0.011631965637207031
1372,384.2867367180006,0.7229409800002031,ok,0.21980595588684082,0.011993908882141113,0.027313232421875
1373,384.4295019929996,0.6267740650000633,ok,0.07328128814697266,0.01196764815937389,0.027313232421875
1374,384.57137992500066,0.857147344000623,ok,0.38641786575317383,0.012620316611395942,0.026568174362182617
1375,384.8578517770002,0.40631916399979673,ok,0.09604024887084961,0.01161219596862793,0.012160062789916992
1376,385.00126094699954,0.9364212279997446,ok,0.3840467929840088,0.011583758437115213,0.011885881423950195
1377,385.1444508379991,0.7469798230013112,ok,0.2445976734161377,0.011578968593052455,0.011885881423950195
1378,385.28658475799966,0.6510533159998886,ok,0.10017561912536621,0.011583758437115213,0.011885881423950195
1379,385.5727825720005,0.9237199810013408,ok,0.3900735378265381,0.011992748393568882,0.026894569396972656
1380,385.7161828219996,0.7097478969990334,ok,0.2396106719970703,0.01203424866135056,0.026894569396972656
1381,385.85784662600054,0.7317422369997075,ok,0.10060596466064453,0.011942040686513864,0.026894569396972656
1382,386.00064788000054,0.7748628350000217,ok,0.3867480754852295,0.011681824922561646,0.012018203735351562
1383,386.14505148100034,0.5955992489998607,ok,0.23569011688232422,0.011681893776203024,0.012018203735351562
1384,386.28678746399964,0.6749298619997717,ok,0.09624576568603516,0.012168609577676525,0.02707815170288086
1385,386.4301036149991,0.9708590549998917,ok,0.39624953269958496,0.011573503414789835,0.011933088302612305
1386,386.5716872489993,0.6789427980002074,ok,0.2561464309692383,0.011576495851789203,0.011933088302612305
1387,386.7148297909989,0.7429666349999025,ok,0.11642742156982422,0.011730464605184702,0.01456451416015625
1388,387.2507029970002,0.6678364380004496,ok,0.24904251098632812,0.020782094252736943,0.08442282676696777
1389,387.375365468999,0.7623939869990863,ok,0.13362383842468262,0.01617452345396343,0.08442282676696777
1390,387.5010198330001,0.7545857109998906,ok,0.39179253578186035,0.011559232076009115,0.011877775192260742
1391,387.6253720989989,0.4661983149999287,ok,0.2525606155395508,0.011568337678909302,0.011850595474243164
1392,387.75076547500066,0.49058727500050736,ok,0.14127826690673828,0.011561952788254311,0.011877775192260742
1393,387.8765104989998,0.6292187950002699,ok,0.4064016342163086,0.01157171196407742,0.011626482009887695
1394,388.0007368339993,0.6673661429995263,ok,0.2753791809082031,0.011581234633922577,0.011937379837036133
1395,388.125729374,0.6281426429995918,ok,0.14818501472473145,0.011942091741059957,0.01462554931640625
1396,388.3771173820005,0.845361640000192,ok,0.394916296005249,0.011772347821129693,0.014635801315307617
1397,388.6259355309994,0.553566360998957,ok,0.15116238594055176,0.011616323933456883,0.011936664581298828
1398,388.75030359599987,0.39429870099957043,ok,0.030603885650634766,0.011607042948404948,0.011879920959472656
1399,388.8752761960004,0.916664287000458,ok,0.37619829177856445,0.012233462444571562,0.026906251907348633
1400,389.0006436929998,0.6599894829996629,ok,0.24857687950134277,0.011620205991408405,0.011960268020629883
1401,389.11195505400065,0.5486344710006961,ok,0.13237833976745605,0.011620205991408405,0.011960268020629883
1402,389.2225274909997,0.3681699650005612,ok,0.029394149780273438,0.011609869343893868,0.011664867401123047
1403,389.33407320100014,0.9741271969996887,ok,0.38660240173339844,0.01198550488086457,0.02722787857055664
1404,389.4444879090006,0.49842458099919895,ok,0.2819688320159912,0.011652147068696864,0.011990785598754883
1405,389.5568597519996,0.6344531300001108,ok,0.16575002670288086,0.011642874898137274,0.011990785598754883
1406,389.6677730770007,0.4609040279992769,ok,0.05779552459716797,0.011641509605176521,0.011990785598754883
1407,389.7789241089995,0.931117288000678,ok,0.3873617649078369,0.012060536894687387,0.027590513229370117
1408,389.89013894100026,0.855113039000571,ok,0.2825748920440674,0.012042553528495457,0.027590513229370117
1409,390.00104430600004,0.6848778280000261,ok,0.16619420051574707,0.012068533315891174,0.027590513229370117
1410,390.111323096,0.35971218399936333,ok,0.061652421951293945,0.01168323556582133,0.012121915817260742
1411,390.22248071799913,0.5806229900008475,ok,0.3878145217895508,0.011809873580932616,0.012622594833374023
1412,390.3333639829998,0.8125660860005155,ok,0.27097368240356445,0.012074331904566565,0.027596473693847656
1413,390.4447409330005,0.7245284950004134,ok,0.16643834114074707,0.01206661860148112,0.027596473693847656
1414,390.5562292729992,0.6717891460011742,ok,0.049753665924072266,0.01203646183013916,0.027596473693847656
1415,390.6678945019994,0.6415509420003218,ok,0.38854074478149414,0.011762881278991699,0.012377738952636719
1416,390.7787879459993,0.978232092998951,ok,0.27091026306152344,0.011975029058623732,0.026963233947753906
1417,390.88931619399955,0.7037561939996522,ok,0.16611313819885254,0.012056367341862169,0.026963233947753906
1418,391.0006911849996,0.4017879200000607,ok,0.05004549026489258,0.01172870397567749,0.012377738952636719
1419,391.1007943370005,0.881333953999274,ok,0.3887026309967041,0.012082643997974886,0.027159452438354492
1420,391.20046395399913,0.8644508119996317,ok,0.2942650318145752,0.012047456658404806,0.027159452438354492
1421,391.3005245259992,0.7762987019996217,ok,0.18939590454101562,0.012040128099157455,0.027159452438354492
1422,391.4006471590001,0.6405198499996914,ok,0.09584736824035645,0.012054194103587757,0.027159452438354492
1423,391.5007014719995,0.6809935700002825,ok,0.38913416862487793,0.01174051865287449,0.012109756469726562
1424,391.60023720000027,0.770658737001213,ok,0.29517507553100586,0.012412612502639359,0.02691364288330078
1425,391.7006688599995,0.48097150300054636,ok,0.18996047973632812,0.01174051865287449,0.012109756469726562
1426,391.8005100240007,0.4272123119990283,ok,0.09635686874389648,0.011726370564213506,0.012109756469726562
1427,391.9010199740005,0.7828595779992611,ok,0.38878631591796875,0.011617466807365417,0.011915445327758789
1428,392.0013026050001,0.7576539940000657,ok,0.29495668411254883,0.012058013194316142,0.027681350708007812
1429,392.1119819209998,0.7526252249990648,ok,0.17701458930969238,0.012002167494400688,0.027681350708007812
1430,392.222854566,0.618125852999583,ok,0.07245373725891113,0.012010530991987749,0.027681350708007812
1431,392.33388034900054,0.9182366530003492,ok,0.38666701316833496,0.012043453398204985,0.026808500289916992
1432,392.4450881310004,0.7951265079991572,ok,0.28182554244995117,0.012051710268346274,0.026808500289916992
1433,392.5564365320006,0.742484976999549,ok,0.16600704193115234,0.012021634889685589,0.026808500289916992
1434,392.66777228299907,0.4749246720002702,ok,0.06176257133483887,0.011675904778873218,0.012555122375488281
1435,392.77913667400026,0.7857409940006619,ok,0.387357234954834,0.011634436520663176,0.011992454528808594
1436,392.889771311,0.5709255179990578,ok,0.2700474262237549,0.011646270751953125,0.011992454528808594
1437,393.0011194910003,0.7042058900005941,ok,0.1658475399017334,0.011866737495769154,0.014541149139404297
1438,393.1114560299993,0.5228630410001642,ok,0.04996347427368164,0.011629025141398111,0.011992454528808594
1439,393.44518533500013,0.684751808999863,ok,0.2968285083770752,0.011643871665000916,0.012450695037841797
1440,393.5569073030001,0.6941695120003715,ok,0.18079471588134766,0.012029409408569336,0.02697467803955078
1441,393.66748243999973,0.6887154760006524,ok,0.06837606430053711,0.011973485946655274,0.02697467803955078
1442,393.77826920500047,0.8564549970014923,ok,0.38715672492980957,0.011660050123165816,0.012027263641357422
1443,393.8899279340003,0.5478714460004994,ok,0.2707991600036621,0.011700922792608088,0.012027263641357422
1444,394.000269913,0.7087860020001244,ok,0.16627025604248047,0.012025567618283358,0.028090476989746094
1445,394.1256205089994,0.358809379999002,ok,0.038533926010131836,0.01169729232788086,0.012027263641357422
1446,394.2511525539994,0.7366420640009892,ok,0.3881256580352783,0.011617166655404227,0.012152433395385742
1447,394.50060719700014,0.5681860300010158,ok,0.14301085472106934,0.011617074693952288,0.012152433395385742
1448,394.6259950629992,0.5736165449998225,ok,0.015895366668701172,0.012202598831870339,0.026746273040771484
1449,394.7502063489992,0.8587593160009419,ok,0.38540172576904297,0.011942449368928609,0.014575958251953125
1450,394.8758900520006,0.6360563759990328,ok,0.2578887939453125,0.011582751427927324,0.011897802352905273
1451,395.00196378299916,0.521769918001155,ok,0.13004088401794434,0.011583119630813599,0.011897802352905273
1452,395.25076666099994,0.690268702001049,ok,0.3824019432067871,0.01159083366394043,0.011944055557250977
1453,395.37541804300054,0.368561878998662,ok,0.25515007972717285,0.01159849762916565,0.011919736862182617
1454,395.50077961900024,0.624966545999996,ok,0.12784767150878906,0.012810810192211254,0.030507326126098633
1455,395.6251289030006,0.7213293990007514,ok,0.3865668773651123,0.012364451701824482,0.030507326126098633
1456,395.7501356720004,0.5498688589996164,ok,0.25728726387023926,0.012488408522172407,0.030507326126098633
1457,395.8758600860001,0.6081882819999009,ok,0.1300663948059082,0.012747771210140653,0.030507326126098633
1458,396.00120692199926,0.8652712330003851,ok,0.3878028392791748,0.011602097749710083,0.012093305587768555
1459,396.14491179799916,0.582816529999036,ok,0.24183297157287598,0.011606122766222273,0.012093305587768555
1460,396.2866708099991,0.622641885000121,ok,0.09097075462341309,0.011731735495633857,0.014620542526245117
1461,396.5722295579999,1.1199664329997177,ok,0.3642148971557617,0.012326351801554362,0.02733325958251953
1462,396.7156226469997,0.5140979910011083,ok,0.2134392261505127,0.011549462874730429,0.011603116989135742
1463,397.0010908259992,0.950731734999863,ok,0.3914825916290283,0.011954662534925673,0.026569604873657227
1464,397.14445783500014,0.900697504001073,ok,0.25281548500061035,0.011913654939183648,0.026569604873657227
1465,397.2869517910003,0.78188657300052,ok,0.10037922859191895,0.011910117756236684,0.026569604873657227
1466,397.42919932899895,0.7660451829997328,ok,0.38611459732055664,0.011632742420319588,0.01195383071899414
1467,397.57258422799896,0.4963003060001938,ok,0.24719548225402832,0.011682772636413574,0.01195383071899414
1468,397.7143598700004,0.7033752650004317,ok,0.09562325477600098,0.01267267310101053,0.026921510696411133
1469,398.0009953289991,1.0025051409993466,ok,0.3842904567718506,0.011677143620509728,0.014466524124145508
1470,398.3338566700004,0.5991884349987231,ok,0.05723905563354492,0.01146890287813933,0.011923074722290039
1471,398.668096899999,0.7915989630000695,ok,0.35285520553588867,0.011509557565053305,0.011589527130126953
1472,398.8338280459993,0.6829857510001602,ok,0.19226527214050293,0.011725199222564698,0.014617681503295898
1473,399.16864246099976,0.716028020999147,ok,0.3771178722381592,0.011598408222198486,0.011853694915771484
1474,399.33335049500056,0.5889615090000007,ok,0.20383024215698242,0.011606516376618416,0.011892318725585938
1475,399.500869006999,0.406985205001547,ok,0.04524493217468262,0.011607702573140461,0.011892318725585938
1476,399.6674993359993,0.6747728169993934,ok,0.29225587844848633,0.02572885581425258,0.0924532413482666
1477,400.0005365449997,1.0171899100005248,ok,0.35979247093200684,0.013484493215033349,0.026879072189331055
1478,400.40093707400047,0.8008862979986588,ok,0.38396382331848145,0.012551330750988375,0.014528751373291016
1479,401.00199935399905,0.9481950440003857,ok,0.24928641319274902,0.015884621198787245,0.08472371101379395
1480,401.2010332179998,0.5586340959998779,ok,0.05245685577392578,0.017003577331016803,0.08472371101379395
1481,401.4005768379993,0.8523029570005747,ok,0.39202213287353516,0.011914325482917555,0.014394521713256836
1482,401.60106110999914,0.48704334100148117,ok,0.2351832389831543,0.01154024600982666,0.012037992477416992
1483,401.8001632939995,0.3684453090008901,ok,0.04311943054199219,0.011527732566550927,0.012037992477416992
1484,402.50170641099976,1.0732143120003457,ok,0.09122252464294434,0.015608768309316328,0.08768558502197266
1485,402.75066566699934,0.9423678910006856,ok,0.3907496929168701,0.011892846652439662,0.02616405487060547
1486,403.0015568380004,0.6688701049988595,ok,0.1695692539215088,0.011537843942642212,0.012247085571289062
1487,403.2508966099995,0.8881640330000664,ok,0.3947579860687256,0.011444039461089343,0.011821746826171875
1488,403.5006647299997,0.638337185000637,ok,0.15288949012756348,0.011444039461089343,0.011821746826171875
1489,404.0008121230003,0.6942411069994705,ok,0.17580938339233398,0.020850285239841625,0.0903022289276123
1490,404.2504434629991,0.8583927060008136,ok,0.3866267204284668,0.011498166455162896,0.011953353881835938
1491,404.5002861619996,0.8575823519986443,ok,0.16999006271362305,0.01183317814554487,0.02693009376525879
1492,404.7502164889993,0.8706953149994661,ok,0.3852226734161377,0.011494421377414611,0.011963844299316406
1493,405.0008510810003,0.7881705500003591,ok,0.132643461227417,0.012020781355084113,0.014358997344970703
1494,405.66806380900016,0.9258389940005145,ok,0.1618039608001709,0.01728004632994186,0.0874326229095459
1495,406.00105133800025,0.7902420919999713,ok,0.3833937644958496,0.011484697461128235,0.01179051399230957
1496,406.3339724670004,0.4432365079992451,ok,0.07097506523132324,0.011485884266514932,0.01179051399230957
1497,406.6681074169992,0.701054531000409,ok,0.16747283935546875,0.020554075241088866,0.08751916885375977
1498,407.0009371060005,0.9877522379993025,ok,0.3591122627258301,0.014087996831754358,0.026627779006958008
1499,407.50114233800014,0.8962885050004843,ok,0.3842048645019531,0.013542817698584663,0.014486312866210938
1500,408.50068000899955,1.0876133910005592,ok,0.13933753967285156,0.016955774480646307,0.09207558631896973
1501,410.0016814310002,0.5399938560003648,ok,0.08004498481750488,0.02218698263168335,0.08770418167114258
1502,417.0006507879989,0.8694323300005635,ok,0.09136319160461426,0.017716618471367414,0.08759069442749023
1503,419.001131858,0.7379283450009098,ok,0.0544743537902832,0.018539196915096708,0.08738017082214355
1504,420.0008626710005,0.932289544998639,ok,0.0549774169921875,0.01722658634185791,0.08740568161010742
1505,421.0013952579993,0.9450837289987248,ok,0.027266979217529297,0.017010256929217645,0.08698058128356934
1506,422.00065357399944,0.7083199960015918,ok,0.0295257568359375,0.018412941031985812,0.08689141273498535
1507,422.5004890950004,1.1799564779994398,ok,0.250380277633667,0.016136803797313144,0.08737897872924805
1508,423.00070165299985,0.6658179240002937,ok,0.3945331573486328,0.011458060958168724,0.011856555938720703
1509,423.5007948420007,0.8564128739999433,ok,0.22740721702575684,0.01906047761440277,0.0871286392211914
1510,424.0003245459993,0.7997385269991355,ok,0.38092565536499023,0.011453424181256975,0.01169133186340332
1511,424.3339788859994,0.5935378539998055,ok,0.044196128845214844,0.011952551928433504,0.014517784118652344
1512,424.66764853699897,0.8619391079992056,ok,0.29798197746276855,0.014007366620577298,0.027385950088500977
1513,425.00070372200025,0.6897463559998869,ok,0.3862934112548828,0.011557002862294516,0.012195110321044922
1514,425.33430702199985,0.5265335919993959,ok,0.057771921157836914,0.012368420759836832,0.014638900756835938
1515,425.6678073439998,0.8062243229996966,ok,0.2257671356201172,0.019913383892604282,0.08763265609741211
1516,426.00039944299897,1.3117777570005273,ok,0.3867769241333008,0.013344426653278408,0.01433563232421875
1517,426.33400734299903,0.25433556899952237,ok,0.05702805519104004,0.01150061289469401,0.01214456558227539
1518,427.00097249600003,0.9508229200000642,ok,0.3354928493499756,0.013290908601548936,0.026463747024536133
1519,427.3333322769995,0.7441361219989631,ok,0.38721513748168945,0.01145474116007487,0.01171565055847168
1520,427.6681984370007,0.43726661300024716,ok,0.04274892807006836,0.0115426704287529,0.014299392700195312
1521,428.0009502439989,0.6842272510002658,ok,0.14979171752929688,0.020502710342407228,0.08782362937927246
1522,428.25070717000017,0.6616200959997514,ok,0.38741207122802734,0.011552736163139343,0.01172780990600586
1523,428.50038818699977,0.4832511759996123,ok,0.19920825958251953,0.0120849609375,0.014649391174316406
1524,428.75051992000044,1.2034413220007991,ok,0.274139404296875,0.0153515945046635,0.0872962474822998
1525,429.0009156209999,0.7301203249990067,ok,0.39385032653808594,0.011521620409829276,0.012138128280639648
1526,429.25043895899944,0.7842597719991318,ok,0.08668661117553711,0.01181835948296313,0.027074575424194336
1527,429.5015294250006,0.9154199490003521,ok,0.3946671485900879,0.011504281134832473,0.012212753295898438
1528,429.7502042800006,0.6397312039989629,ok,0.15261602401733398,0.01150547585836271,0.012212753295898438
1529,430.00112516599984,0.9081586880001851,ok,0.39370107650756836,0.01164591603162812,0.014380693435668945
1530,430.25102427099955,0.5892581379994226,ok,0.14115428924560547,0.011450909279488228,0.011730670928955078
1531,430.5011594339994,0.8198265099999844,ok,0.3888089656829834,0.011452754338582357,0.011845111846923828
1532,430.7506905520004,0.6792153910009802,ok,0.13712167739868164,0.012110870937968409,0.026770591735839844
1533,431.0004421279991,1.0754291380017094,ok,0.39395666122436523,0.011748024395533971,0.02637648582458496
1534,431.2008995470005,0.6214605039986054,ok,0.19949603080749512,0.011897486798903522,0.02637648582458496
1535,431.40101662899906,0.8280767430005653,ok,0.38466882705688477,0.011933386325836182,0.02675175666809082
1536,431.6011362520003,0.6851711920007801,ok,0.17458224296569824,0.01188681183791742,0.02675175666809082
1537,431.801072835,0.8900516049998259,ok,0.39428210258483887,0.011859995126724244,0.02618718147277832
1538,432.00089062999905,0.7019706039991433,ok,0.19853639602661133,0.011850746666512839,0.02618718147277832
1539,432.2011081309993,0.6958939340001962,ok,0.3846409320831299,0.011470693808335524,0.01179814338684082
1540,432.40083554599914,0.538264965000053,ok,0.17511725425720215,0.011652198331109408,0.014313459396362305
1541,432.6002798339996,0.9137080309992598,ok,0.35895824432373047,0.012386765590933867,0.03186821937561035
1542,432.8010742000006,0.6433128740009124,ok,0.16379761695861816,0.01250509958009462,0.03186821937561035
1543,433.0003198989998,0.9573276139999507,ok,0.3926358222961426,0.013069782938276018,0.02671360969543457
1544,433.2011451260005,0.3358823899998242,ok,0.1885063648223877,0.011712919582020153,0.012191534042358398
1545,433.4009265700006,0.9423051470002974,ok,0.3859593868255615,0.011919482549031576,0.02734684944152832
1546,433.6001882290002,0.6619944109988865,ok,0.1859114170074463,0.011976367548892372,0.02734684944152832
1547,433.8009660959997,0.8697765899996739,ok,0.3847324848175049,0.01197364391424717,0.027246713638305664
1548,434.0008290200003,0.8321119779993751,ok,0.18778467178344727,0.011875786871280311,0.027246713638305664
1549,434.200214298,1.0417697520006186,ok,0.38455748558044434,0.011882216842086226,0.027196168899536133
1550,434.4007555859989,0.8176074570001219,ok,0.17605257034301758,0.01188507446875939,0.027196168899536133
1551,434.60018793400013,0.8884615169990866,ok,0.3852360248565674,0.011971753835678101,0.026949405670166016
1552,434.80099381999935,0.6999847899987799,ok,0.18814420700073242,0.011971514399458722,0.026949405670166016
1553,435.00024802900043,0.9188163380003971,ok,0.38477253913879395,0.011931441551031069,0.02671647071838379
1554,435.2005015699997,0.6612392759998329,ok,0.18808412551879883,0.011978550961143091,0.02671647071838379
1555,435.40054856200004,0.880840989000717,ok,0.3849012851715088,0.013265728950500488,0.026573896408081055
1556,435.80065452599956,0.8522077140005422,ok,0.3845860958099365,0.012577215830485025,0.026598453521728516
1557,436.00024511300035,0.46454671699939354,ok,0.1838822364807129,0.011519400969795559,0.011985540390014648
1558,436.2001790559989,0.8472886430008657,ok,0.39446520805358887,0.01227160862513951,0.026441574096679688
1559,436.40090937199966,0.5037639259990101,ok,0.19889545440673828,0.011473398208618164,0.01175832748413086
1560,436.60108447399944,0.7321052360002795,ok,0.3866002559661865,0.01146351880040662,0.011908531188964844
1561,436.80112789600025,0.5743942469998728,ok,0.17631769180297852,0.011632181704044342,0.014374732971191406
1562,437.0010864390006,0.9848021670004528,ok,0.3930528163909912,0.011839985847473145,0.027108192443847656
1563,437.20072869400065,0.6700745139987703,ok,0.1983327865600586,0.011918551043460244,0.027108192443847656
1564,437.40070289699906,1.0443159299993567,ok,0.3864569664001465,0.013418530424435934,0.027277231216430664
1565,438.0010548219998,0.8492801060001511,ok,0.38317227363586426,0.012965174282298368,0.026269912719726562
1566,438.2005226090005,0.4053457209993212,ok,0.1846456527709961,0.011551814920762005,0.012165069580078125
1567,438.40143232399896,0.7699075759992411,ok,0.3938426971435547,0.011487676251319147,0.01182866096496582
1568,438.60130324700003,0.7007541929997387,ok,0.19811224937438965,0.011863638715046207,0.02680826187133789
1569,438.8009689829996,0.9930042989999492,ok,0.3835008144378662,0.012415031592051188,0.027099132537841797
1570,439.00089398599994,0.4730958260006446,ok,0.17512965202331543,0.011509438355763754,0.011939287185668945
1571,439.2505236020006,0.6235810939997464,ok,0.38793516159057617,0.011523384796945672,0.01216888427734375
1572,439.5011397899998,0.5269435850004811,ok,0.12710213661193848,0.012353642781575521,0.014371395111083984
1573,440.0003430020006,0.8609410099998058,ok,0.06649470329284668,0.017089806662665474,0.08737659454345703
1574,440.2507483019999,0.93769119100034,ok,0.3938002586364746,0.013133348562778572,0.027060508728027344
1575,440.50061052599995,0.33770170400021016,ok,0.15493178367614746,0.011553032057625907,0.012105941772460938
1576,440.750295971,0.8265759410005558,ok,0.3842158317565918,0.01144942721805057,0.012364625930786133
1577,441.00084322899966,0.8526225580008031,ok,0.12634897232055664,0.011863748906022412,0.025826215744018555
1578,441.2506086939993,0.7618685710003774,ok,0.3898739814758301,0.011424410727716262,0.011698484420776367
1579,441.50037508899914,0.7337902300005226,ok,0.13875293731689453,0.012205164483252992,0.014182329177856445
1580,442.33341454699985,0.8876501200011262,ok,0.027297019958496094,0.017231026474310428,0.08758711814880371
1581,443.3340826620006,0.7153861699989648,ok,0.144118070602417,0.019826863493238176,0.08729195594787598
1582,443.6673924120005,1.1000794699994003,ok,0.39673709869384766,0.01438939317743829,0.026318073272705078
1583,444.33395179299987,1.1827331519998552,ok,0.3956780433654785,0.012273242396693076,0.026620149612426758
1584,444.6678713679994,0.5223121409999294,ok,0.07089924812316895,0.01144358986302426,0.01175546646118164
1585,445.00110699799916,0.8210763250008313,ok,0.3937036991119385,0.012346549467606978,0.014240264892578125
1586,445.3343735180006,0.307647289999295,ok,0.05638551712036133,0.011467564105987548,0.012067556381225586
1587,446.000347752999,0.5991153930008295,ok,0.10055971145629883,0.020980067875074303,0.08722496032714844
1588,446.500368817,0.7476478759999736,ok,0.13608694076538086,0.01941685676574707,0.08723783493041992
1589,447.0012668039999,0.610703647000264,ok,0.2819797992706299,0.015309858322143554,0.03548741340637207
1590,447.50169065499904,0.9255064980006864,ok,0.13970375061035156,0.018185172762189592,0.08717799186706543
1591,448.0021372350002,0.7998594979999325,ok,0.3921334743499756,0.01372720514025007,0.014255523681640625
1592,448.50038348399903,0.8353777960001025,ok,0.32120776176452637,0.013997738701956614,0.014283180236816406
1593,449.0011112209995,0.8164788409994799,ok,0.35257577896118164,0.014119132872550719,0.01442718505859375
1594,449.5003092709994,0.8031746199994814,ok,0.3418116569519043,0.01420731698313067,0.014446020126342773
1595,450.0007781109998,0.9142084100003558,ok,0.3292691707611084,0.014174014329910278,0.014533042907714844
1596,451.00028635200033,0.7469697889991949,ok,0.022008419036865234,0.018171377671070587,0.08711528778076172
1597,460.00027069299904,0.8990617500003282,ok,0.17657089233398438,0.014124054908752442,0.01436305046081543
1598,461.00089566099996,0.8229189539997606,ok,0.18141603469848633,0.014209546826102516,0.014724016189575195
1599,462.000595685,0.9013158609996026,ok,0.11019444465637207,0.017615914344787598,0.08730149269104004
1600,463.5007710760001,0.5854287900001509,ok,0.13959527015686035,0.02260556973909077,0.08753514289855957
1601,464.00100024399944,0.9915497500005586,ok,0.12302517890930176,0.017187434799817145,0.08771061897277832
1602,464.5009234850004,0.6857496869997703,ok,0.39052867889404297,0.012943256468999954,0.014218807220458984
1603,465.0007331069992,0.7836331540001993,ok,0.23197197914123535,0.019700712627834745,0.08692026138305664
1604,465.5013152619995,0.774457748999339,ok,0.317523717880249,0.01418790509623866,0.014558792114257812
1605,466.0020257159995,1.009921408000082,ok,0.31096529960632324,0.014207497239112854,0.01512002944946289
1606,466.66762047799966,1.0040222260013252,ok,0.36994004249572754,0.012061885758942249,0.014644861221313477
1607,467.0011245229998,0.5139801149998675,ok,0.030472278594970703,0.011530840396881103,0.011622905731201172
1608,468.00111982199996,0.7053358249995654,ok,0.18908047676086426,0.020862579345703125,0.08740925788879395
1609,468.6678764039989,0.7307993970007374,ok,0.08220911026000977,0.018907192981604374,0.0875396728515625
1610,469.5001847879994,0.748642540000219,ok,0.024242401123046875,0.018227840081239358,0.09231281280517578
1611,469.75082231299893,0.9485431800003425,ok,0.383206844329834,0.013798389169904921,0.026715517044067383
1612,470.2509529399995,0.9199337449990708,ok,0.38977527618408203,0.011776214422181595,0.026974201202392578
1613,470.50069365200034,0.6315176300013263,ok,0.1394500732421875,0.011414958209526248,0.012158393859863281
1614,470.75052837300063,0.9159771760005242,ok,0.3904685974121094,0.012617062299679488,0.0339198112487793
1615,471.0003093939995,0.5386373920009646,ok,0.14015889167785645,0.012262336669429656,0.0339198112487793
1616,471.2510474169994,0.8996366609990218,ok,0.39253997802734375,0.012690123758817973,0.014571189880371094
1617,471.50088879800023,0.40814661200056435,ok,0.15036416053771973,0.011573700677780878,0.012036800384521484
1618,472.000571949,0.8813127400007943,ok,0.195237398147583,0.017075239083705805,0.0870506763458252
1619,472.200920366,0.8863672589995986,ok,0.3892230987548828,0.012093722820281982,0.026648521423339844
1620,472.4002382010003,0.5509712200000649,ok,0.15798473358154297,0.011588374773661295,0.012162446975708008
1621,472.6004380680006,0.9940557059999264,ok,0.3904139995574951,0.013074949052598742,0.026012420654296875
1622,473.00051823600006,0.9032683799996448,ok,0.3927016258239746,0.012912386342098838,0.014463663101196289
1623,473.60065170300004,0.8103649420008878,ok,0.32570481300354004,0.01154744029045105,0.011634111404418945
1624,473.8011294989992,0.5953627260005305,ok,0.12880229949951172,0.011547608253283378,0.011634111404418945
1625,474.2022896670005,0.8880499450006027,ok,0.25313711166381836,0.0161417659960295,0.08957552909851074
1626,474.4006536500001,1.0477469649995328,ok,0.05355119705200195,0.014081122218698694,0.08957552909851074
1627,474.60101388600015,0.9166040500003874,ok,0.392484188079834,0.011583644151687621,0.012236833572387695
1628,474.80049917999895,0.6940604070005065,ok,0.2331085205078125,0.011580429579082289,0.012236833572387695
1629,475.0002512009996,0.5597668179998436,ok,0.03798270225524902,0.011705027070156363,0.014424800872802734
1630,475.2005654879995,0.7924841479998577,ok,0.3851354122161865,0.01150811419767492,0.011585474014282227
1631,475.401032243999,0.6544650300002104,ok,0.17689728736877441,0.01193991460298237,0.027678966522216797
1632,475.60089575299935,0.9343236650001927,ok,0.39547181129455566,0.01196615086045376,0.02742314338684082
1633,475.80032882699925,0.6412552290003077,ok,0.2004246711730957,0.012028837203979492,0.02742314338684082
1634,476.00020870799926,0.9452309339994827,ok,0.3919529914855957,0.012845221019926526,0.027559518814086914
1635,476.16773852299957,0.5296986440007458,ok,0.22272133827209473,0.011686792373657226,0.01236271858215332
1636,476.33416571700036,0.3402736680000089,ok,0.0496068000793457,0.01168134938115659,0.01236271858215332
1637,476.5017728419989,0.800775749999957,ok,0.38656067848205566,0.011555713765761432,0.012201309204101562
1638,476.66751165200003,0.8468768420007109,ok,0.22390294075012207,0.012294248658783582,0.014519691467285156
1639,476.8337049790007,0.3649756150007306,ok,0.05792236328125,0.011559934616088867,0.012201309204101562
1640,477.1677797880002,0.8083940470005473,ok,0.36960816383361816,0.011639654636383057,0.012045145034790039
1641,477.333722976,0.8449907770009304,ok,0.19984054565429688,0.011952666135934683,0.02774834632873535
1642,477.50143797999954,0.6420530420000432,ok,0.030495882034301758,0.01196640851546307,0.02774834632873535
1643,477.6689131759995,0.8574803240007896,ok,0.3879964351654053,0.0116272156055157,0.012193918228149414
1644,477.83334741699946,0.8534795670002495,ok,0.22510051727294922,0.012036043054917279,0.027283191680908203
1645,478.1676576329992,0.6820342840001103,ok,0.39190006256103516,0.011626419813736626,0.012170076370239258
1646,478.33398710800066,0.5273536230015452,ok,0.2293257713317871,0.011627127726872763,0.012170076370239258
1647,478.5007028500004,0.38924572600080865,ok,0.06717324256896973,0.011750569710364709,0.01460576057434082
1648,478.66723026399995,0.9353784640006779,ok,0.2695040702819824,0.015762910610292016,0.08450722694396973
1649,478.83410422499946,0.7914722250006889,ok,0.10684013366699219,0.01557155542595442,0.08450722694396973
1650,479.0004641989999,0.8929292630000418,ok,0.3933372497558594,0.012918002264840262,0.02699589729309082
1651,479.4294185590006,0.8114557709996006,ok,0.3817892074584961,0.011526897975376675,0.012163400650024414
1652,479.5721280779999,0.6543786399997771,ok,0.24370431900024414,0.011528393801520853,0.012163400650024414
1653,479.71474541799944,0.362754063000466,ok,0.09883618354797363,0.011552027293613978,0.012163400650024414
1654,479.8580313120001,0.989944815999479,ok,0.40134644508361816,0.013773650657839892,0.027119159698486328
1655,480.2869499320004,0.9816570240000146,ok,0.38529229164123535,0.011915807922681173,0.026877880096435547
1656,480.4303488149999,0.7340875760000927,ok,0.24312686920166016,0.011975618509145884,0.026877880096435547
1657,480.57313176299976,0.5795779340005538,ok,0.1001744270324707,0.011984530248140035,0.026877880096435547
1658,480.7144681440004,0.8705973149990314,ok,0.39631152153015137,0.0120052601161756,0.027230262756347656
1659,481.000514026,0.7469018299998424,ok,0.10711288452148438,0.011897339270665096,0.027230262756347656
1660,481.1436002419996,0.9093666759999905,ok,0.38538265228271484,0.011982968875340052,0.027147531509399414
1661,481.2877715579998,0.8116368490009336,ok,0.24548840522766113,0.011954841406449028,0.027147531509399414
1662,481.4311425020005,0.5519553499998437,ok,0.09566211700439453,0.011602765984005399,0.012208223342895508
1663,481.5720946149995,0.9025493019998976,ok,0.3852508068084717,0.012012597991199029,0.02781224250793457
1664,481.7143067979996,0.7834772300011537,ok,0.2460029125213623,0.011999967486359352,0.02781224250793457
1665,481.8576370720002,0.5191175689997181,ok,0.10699820518493652,0.011623459703782025,0.012482643127441406
1666,482.000209242,0.7053154109999014,ok,0.3862435817718506,0.011598156048701359,0.012227773666381836
1667,482.143605244999,0.6196331549999741,ok,0.24660086631774902,0.011597510307065902,0.012227773666381836
1668,482.288009038999,0.5035941269998148,ok,0.09638214111328125,0.011682091337261778,0.014490604400634766
1669,482.5719732189991,0.9329570419995434,ok,0.2667813301086426,0.015799836414616283,0.08927083015441895
1670,482.71568791900063,0.6042633409997507,ok,0.11639928817749023,0.0185044002532959,0.08927083015441895
1671,482.8577838229994,0.6820672619996913,ok,0.3912978172302246,0.011611492737479832,0.012077093124389648
1672,483.0020337189999,0.9218458730010752,ok,0.20364093780517578,0.01229055422656941,0.026450157165527344
1673,483.1434303879996,0.3963447570004064,ok,0.10692501068115234,0.011611492737479832,0.012077093124389648
1674,483.28741606699987,0.9290528150013415,ok,0.3854389190673828,0.012119714603867642,0.014394998550415039
1675,483.4291860529993,0.6329937539994717,ok,0.24644756317138672,0.011532783508300781,0.011849641799926758
1676,483.5720050109994,0.3755057369999122,ok,0.0993645191192627,0.011548378250815651,0.011849641799926758
1677,483.8585480090005,0.9943499879991577,ok,0.38112807273864746,0.011557132005691528,0.011890888214111328
1678,484.000676231999,0.9802526940002281,ok,0.24233150482177734,0.01223527374914137,0.050533294677734375
1679,484.14337555100064,0.3232598060003511,ok,0.10043787956237793,0.011536359786987305,0.011777162551879883
1680,484.42980890999934,0.8592132670000865,ok,0.38572025299072266,0.012745936711629232,0.035088300704956055
1681,484.5718295940005,0.8798440079990542,ok,0.23494577407836914,0.012444157600402832,0.035088300704956055
1682,484.7151892969996,0.5737782300002436,ok,0.0962834358215332,0.012745936711629232,0.035088300704956055
1683,484.85806886499995,0.6167891770001006,ok,0.3874940872192383,0.011737055248684354,0.01255488395690918
1684,485.0010873909996,0.721843125000305,ok,0.24756312370300293,0.012072443962097168,0.027342796325683594
1685,485.1444137639992,0.5785660109995661,ok,0.09664058685302734,0.012072443962097168,0.027342796325683594
1686,485.28660875700007,0.7847387280016846,ok,0.38675594329833984,0.011639609932899475,0.012094497680664062
1687,485.4292540259994,0.8095241440005339,ok,0.2472989559173584,0.01200042830573188,0.0280001163482666
1688,485.5720476539991,0.5224715809999907,ok,0.1076822280883789,0.011646768626044779,0.012094497680664062
1689,485.7154364269991,1.0280497900002956,ok,0.38785743713378906,0.011943555795229398,0.02729511260986328
1690,485.8582022749997,0.7106829350013868,ok,0.2482461929321289,0.012062858890842748,0.02729511260986328
1691,486.0008324440005,0.5799396089987567,ok,0.09726738929748535,0.012052812074360094,0.02729511260986328
1692,486.12568430899955,0.8384059170002729,ok,0.38690710067749023,0.01165352640925227,0.012077093124389648
1693,486.25093158100026,0.7363970340011292,ok,0.25882959365844727,0.011658656291472606,0.012077093124389648
1694,486.37527876999957,0.6407990489988151,ok,0.14278316497802734,0.011728496086306689,0.01464986801147461
1695,486.6259272719999,1.1946650729987596,ok,0.408275842666626,0.011899653822183609,0.02739238739013672
1696,486.75064958800067,0.4934004399983678,ok,0.2917819023132324,0.011590451002120972,0.011816263198852539
1697,486.8759768199998,0.8278151739996247,ok,0.16413521766662598,0.01193457179599338,0.02739238739013672
1698,487.0015053389998,0.5848186390012415,ok,0.03061199188232422,0.01198003508827903,0.02739238739013672
1699,487.12529797299976,0.8695419209998363,ok,0.3870971202850342,0.011697351932525635,0.012134552001953125
1700,487.2502207870002,0.7960724050008139,ok,0.25905656814575195,0.012066669242326604,0.027507781982421875
1701,487.37556532800045,0.7285512190010195,ok,0.1313002109527588,0.012022768457730612,0.027507781982421875
1702,487.625483976999,1.145880842999759,ok,0.389162540435791,0.011891668842684838,0.02753472328186035
1703,487.75095562599927,0.7127663289993507,ok,0.26003193855285645,0.011622080931792388,0.012058496475219727
1704,487.8757703520005,0.6742213039997296,ok,0.14331412315368652,0.01199585892433344,0.02753472328186035
1705,488.1252823529994,0.6692120160005288,ok,0.3864598274230957,0.011696846588798191,0.012296438217163086
1706,488.2507101129995,0.8368520100011665,ok,0.2588627338409424,0.012218677479287853,0.027028322219848633
1707,488.3760969340001,0.4415147950003302,ok,0.1312708854675293,0.011697149276733399,0.012296438217163086
1708,488.50088205000065,0.9737966140000935,ok,0.3872056007385254,0.011934861540794373,0.027651548385620117
1709,488.6251445990001,0.7217452449986013,ok,0.25874829292297363,0.012027321635065851,0.027651548385620117
1710,488.8757669919996,0.9747718969993002,ok,0.3866767883300781,0.01196722686290741,0.02750253677368164
1711,489.00043843799904,0.7686939289997099,ok,0.2580296993255615,0.012021826534736447,0.02750253677368164
1712,489.1257184400001,0.4879656930006604,ok,0.13044357299804688,0.01164281779322131,0.012331962585449219
1713,489.25065981399894,0.8362290639997809,ok,0.38813209533691406,0.012072702248891195,0.0273895263671875
1714,489.3760517739993,0.6759353699999338,ok,0.258838415145874,0.012104785803592566,0.0273895263671875
1715,489.62594759199965,0.7863260939993779,ok,0.38871192932128906,0.011646993232495857,0.011956214904785156
1716,489.75033741100015,0.7620124139994005,ok,0.2590808868408203,0.012047392129898072,0.014657020568847656
1717,489.8757085119996,0.4900167870000587,ok,0.13093018531799316,0.011643598819601125,0.011956214904785156
1718,490.1260478469994,0.7549464210005681,ok,0.4101729393005371,0.01163820709500994,0.011973381042480469
1719,490.250433145,0.6734062510004151,ok,0.2824251651763916,0.011822146754111014,0.014624834060668945
1720,490.5008035789997,0.3339006080004765,ok,0.030977725982666016,0.011634021997451782,0.011973381042480469
1721,490.6252390179998,0.6441400599996996,ok,0.31906890869140625,0.01159822023831881,0.011662721633911133
1722,490.75059885799965,0.8135814899997058,ok,0.20273828506469727,0.011924533843994141,0.027336597442626953
1723,490.8758696599998,0.6769257510004536,ok,0.07478785514831543,0.011929813696413624,0.027336597442626953
1724,491.00050601600014,0.8816067509997083,ok,0.3861668109893799,0.012052407631507287,0.026988506317138672
1725,491.12599569600025,1.065377131999412,ok,0.2701454162597656,0.012170109897851944,0.028084278106689453
1726,491.25036955500036,0.6435939659986616,ok,0.1425797939300537,0.012043654918670654,0.026988506317138672
1727,491.3756217959999,0.8275929440005712,ok,0.3911459445953369,0.012194065486683565,0.028084278106689453
1728,491.5008406279994,0.568183733999831,ok,0.27061939239501953,0.011710762977600098,0.012177228927612305
1729,491.7504430480003,1.0286091239995585,ok,0.39337849617004395,0.01200417443817737,0.02796649932861328
1730,491.8760313069997,0.524968779000119,ok,0.2729370594024658,0.011708533763885498,0.012361764907836914
1731,492.00046722499974,0.7431691669989959,ok,0.14431357383728027,0.012017577886581421,0.02796649932861328
1732,492.1251983109996,0.45052075999956287,ok,0.027329444885253906,0.011689649309430804,0.012361764907836914
1733,492.25037630299994,0.9816727489996993,ok,0.3883800506591797,0.012973644516684792,0.027263879776000977
1734,492.3757491029992,0.4032519289994525,ok,0.2604372501373291,0.011752581596374512,0.012294292449951172
1735,492.6258635100003,0.7570732229996793,ok,0.3891124725341797,0.011604762077331543,0.012034416198730469
1736,492.75079899400043,0.8692615809995914,ok,0.2676854133605957,0.011928889216208945,0.027298688888549805
1737,492.8752348119997,0.7330619099993783,ok,0.143660306930542,0.011934022108713785,0.027298688888549805
1738,493.11189152899897,1.1183082669995201,ok,0.385784387588501,0.011937193075815837,0.02772998809814453
1739,493.2221876929998,0.902899435001018,ok,0.2699775695800781,0.011972488141527363,0.02772998809814453
1740,493.33325838100063,0.6863778030001413,ok,0.16543340682983398,0.012024771599542527,0.02772998809814453
1741,493.4450866520001,0.6918863480004802,ok,0.04964399337768555,0.011968181683466984,0.02772998809814453
1742,493.5565334469993,0.8244539589995838,ok,0.3870534896850586,0.011701107025146484,0.012218475341796875
1743,493.66722198800016,0.7651681059996918,ok,0.2700672149658203,0.01212005126170623,0.02797222137451172
1744,493.8897211809999,0.4795847910008888,ok,0.05020332336425781,0.01170475823538644,0.012218475341796875
1745,494.0003679319998,0.8184899780007981,ok,0.3897097110748291,0.012005974264705883,0.014554738998413086
1746,494.11186141600047,0.540482421998604,ok,0.27240777015686035,0.011606102898007347,0.012227535247802734
1747,494.22216245100026,0.5114233499989496,ok,0.1668694019317627,0.011621032442365373,0.012227535247802734
1748,494.33441404899895,0.3758674130003783,ok,0.050737857818603516,0.011613818315359263,0.012227535247802734
1749,494.44452872500005,0.7766007719983463,ok,0.3941917419433594,0.011604601337063697,0.011874675750732422
1750,494.66750370299997,0.7806919480008219,ok,0.17420101165771484,0.011960876231290857,0.027534961700439453
1751,494.77875977999975,0.5285985979990073,ok,0.05900263786315918,0.012040995262764595,0.027534961700439453
1752,494.88921099300023,0.8654266329995153,ok,0.38689565658569336,0.0120845029228612,0.026913166046142578
1753,495.0018543770002,0.6322164980010712,ok,0.2709968090057373,0.011684828791125068,0.012082815170288086
1754,495.1112086689991,0.5574757419999514,ok,0.1664729118347168,0.011687979102134705,0.012082815170288086
1755,495.2222940270003,0.5910339260008186,ok,0.050115108489990234,0.012043975120367006,0.026913166046142578
1756,495.334521114999,0.7912843309986783,ok,0.38818883895874023,0.011625839002204664,0.01197361946105957
1757,495.44487792899963,0.5304778329991677,ok,0.28293800354003906,0.011658918857574464,0.01197361946105957
1758,495.5567777899996,0.7093223140000191,ok,0.166489839553833,0.01217545464981434,0.027465105056762695
1759,495.6672135030003,0.3081135890006408,ok,0.061608314514160156,0.011658918857574464,0.01197361946105957
1760,495.7788032259996,0.7303480119990127,ok,0.3947732448577881,0.01160411481504087,0.011965036392211914
1761,496.000496396,0.6281075410006451,ok,0.17387747764587402,0.011593977610270182,0.011965036392211914
1762,496.11186183099926,0.5514793199999986,ok,0.06997990608215332,0.011984794567792844,0.026601314544677734
1763,496.2224502230001,1.049610689000474,ok,0.385425329208374,0.012369935329143818,0.035127878189086914
1764,496.3342718439999,0.738139487000808,ok,0.2692413330078125,0.011584726539818017,0.011881589889526367
1765,496.44466558800013,0.8977644660008082,ok,0.16507220268249512,0.012310858430533573,0.035127878189086914
1766,496.6675024470005,1.0307074539996393,ok,0.38482117652893066,0.012515068054199219,0.035127878189086914
1767,496.7788523830004,0.6452945990004082,ok,0.2692382335662842,0.012584047658102853,0.035127878189086914
1768,496.88919657599945,0.8089614459986478,ok,0.16518020629882812,0.012515068054199219,0.035127878189086914
1769,497.00081927999963,0.567748046001725,ok,0.04954719543457031,0.012725738378671499,0.035127878189086914
1770,497.11158308999984,0.9049318870002026,ok,0.3903381824493408,0.012096655674469776,0.02744579315185547
1771,497.2229962750007,0.8638786649989925,ok,0.2963135242462158,0.012047047085232205,0.02744579315185547
1772,497.3331867399993,0.46910309600025357,ok,0.19026565551757812,0.011729988184842196,0.012111186981201172
1773,497.4443111069995,0.6306767300011416,ok,0.08490777015686035,0.012052102522416548,0.02744579315185547
1774,497.55699409099907,0.8661167659993225,ok,0.3889739513397217,0.01261048846774631,0.027367353439331055
1775,497.8904938220003,0.38134751800134836,ok,0.061620235443115234,0.011661777129540076,0.012247800827026367
1776,498.00079502600056,0.7583119609989808,ok,0.3829939365386963,0.011625974409041865,0.012057065963745117
1777,498.1120367219992,0.6009448540007725,ok,0.26567625999450684,0.011625890378598814,0.012057065963745117
1778,498.2223815460002,0.46716351299983216,ok,0.16170573234558105,0.011614933013916015,0.012057065963745117
1779,498.3340055789995,0.6251143850004155,ok,0.04374122619628906,0.012177171914473824,0.027121305465698242
1780,498.4442787829994,0.8029104950001056,ok,0.3852717876434326,0.011551564080374582,0.011980533599853516
1781,498.66803446499944,0.6934841740003321,ok,0.15366387367248535,0.012048144673192224,0.027097702026367188
1782,498.889352496999,0.9341262369998731,ok,0.3896346092224121,0.011580154630872938,0.012188196182250977
1783,499.00062383300065,0.6148987090000446,ok,0.2853729724884033,0.011588405679773402,0.012188196182250977
1784,499.1119778079992,0.7395021259999339,ok,0.17022204399108887,0.01157844066619873,0.012188196182250977
1785,499.2223127920006,0.4855828109994036,ok,0.06662225723266602,0.011591182436261858,0.012188196182250977
1786,499.44471690499995,0.7078007860000071,ok,0.3854031562805176,0.011605106867276706,0.012125492095947266
1787,499.55639319799957,0.7514383269990503,ok,0.2698829174041748,0.012014294925488923,0.027288436889648438
1788,499.66868107499977,0.5074503019986878,ok,0.16555190086364746,0.011617396559034075,0.012125492095947266
1789,499.78007848999914,0.5623983799996495,ok,0.04999113082885742,0.011995088763353302,0.027288436889648438
1790,499.88964169000064,1.1349472870006139,ok,0.3858165740966797,0.011955206511450595,0.027464628219604492
1791,500.0003005510007,0.7358147949998965,ok,0.2703871726989746,0.011603738132276033,0.012209653854370117
1792,500.1006851860002,0.7511148499997944,ok,0.17763090133666992,0.011606931686401367,0.012209653854370117
1793,500.2002980979996,0.5937846020005964,ok,0.07250833511352539,0.011606416036916334,0.012209653854370117
1794,500.5010787270003,0.9223302929985948,ok,0.39164233207702637,0.01198239104692326,0.027205944061279297
1795,500.6004783209992,0.6670184899994638,ok,0.2874431610107422,0.011605947248397334,0.012200117111206055
1796,500.80020499000057,0.7052046360004169,ok,0.08995723724365234,0.011943106651306152,0.027205944061279297
1797,500.9001754790006,0.8761798110008385,ok,0.3860030174255371,0.01205149063697228,0.027080297470092773
1798,501.0007751819994,0.740781804001017,ok,0.2815127372741699,0.011646926403045654,0.012114286422729492
1799,501.1127971120004,0.7337463019994175,ok,0.1770617961883545,0.012004232406616211,0.027080297470092773
1800,501.22314088500025,0.2705282080005418,ok,0.06153512001037598,0.011703133583068848,0.012114286422729492
1801,501.33355143799963,0.7787859920008486,ok,0.387284517288208,0.011635452508926392,0.0120086669921875
1802,501.4445859259995,0.6795755969997117,ok,0.2819838523864746,0.011633309451016512,0.0120086669921875
1803,501.55660343599993,0.5095444739999948,ok,0.16533303260803223,0.01163482666015625,0.0120086669921875
1804,501.66799217100015,0.6295669169994653,ok,0.04972362518310547,0.012116416640903639,0.026415348052978516
1805,501.77845986300053,0.8185048459999962,ok,0.3938593864440918,0.011528335298810687,0.011819839477539062
1806,501.88965970999925,0.8265266690013959,ok,0.2891058921813965,0.011883643540469084,0.02734661102294922
1807,502.2223658059993,0.8840943359991797,ok,0.3838648796081543,0.011500460760934013,0.012094497680664062
1808,502.44481398899916,0.7182200089991966,ok,0.16470599174499512,0.011677938958872919,0.014457941055297852
1809,502.8894722650002,0.642216053998709,ok,0.3070535659790039,0.011600070529513888,0.012117147445678711
1810,503.0001613559998,0.48495903500042914,ok,0.2036418914794922,0.011582291644552479,0.012117147445678711
1811,503.1256234249995,0.5338873540003988,ok,0.07169842720031738,0.012143114634922573,0.014648914337158203
1812,503.2508277559991,0.9537342040002841,ok,0.39386701583862305,0.012395625764673407,0.026813507080078125
1813,503.3753205339999,0.45851144200059935,ok,0.2669510841369629,0.01164695421854655,0.011966943740844727
1814,503.5002852769994,0.40286629000001994,ok,0.13882136344909668,0.01164200192406064,0.011966943740844727
1815,503.6259120649993,0.826569347998884,ok,0.3865234851837158,0.012057992390223912,0.027194499969482422
1816,503.7507777689989,0.5235603780001838,ok,0.2544591426849365,0.011621690931774321,0.011912107467651367
1817,503.87599801000033,0.6580702330011263,ok,0.13821887969970703,0.011989911397298178,0.027194499969482422
1818,504.00067287599995,1.0364197849994525,ok,0.38983941078186035,0.011915301376918578,0.026549816131591797
1819,504.12532324099993,0.7490008559998387,ok,0.2586202621459961,0.012018063129522862,0.026549816131591797
1820,504.25071175099947,0.7745681859996694,ok,0.1308274269104004,0.01192012199988732,0.026549816131591797
1821,504.3755460350003,0.9087579829993047,ok,0.39028310775756836,0.011988889603387742,0.026819467544555664
1822,504.6252652139992,0.7287649210011296,ok,0.130462646484375,0.011947855353355408,0.026819467544555664
1823,504.75065970300057,1.1186850079993746,ok,0.390308141708374,0.011876948674519857,0.026562213897705078
1824,505.0008571870003,0.8097177569998166,ok,0.13108372688293457,0.011892834576693448,0.026562213897705078
1825,505.1440913000006,0.7999504870003875,ok,0.385467529296875,0.011766556537512577,0.014550209045410156
1826,505.2864751699999,0.5703498240000044,ok,0.24588322639465332,0.011680291249201847,0.011960983276367188
1827,505.42921657700026,0.48623945500003174,ok,0.10687541961669922,0.011684310051702684,0.011986970901489258
1828,505.5718171059998,0.7494485509996593,ok,0.3976705074310303,0.011548478027869916,0.011754751205444336
1829,505.716208808999,0.6282020279995777,ok,0.24609899520874023,0.011559078770299111,0.011857986450195312
1830,505.85796661399945,0.6431391050009552,ok,0.10550212860107422,0.012202257201785133,0.014577627182006836
1831,506.4296094069996,0.7682495169992762,ok,0.1015927791595459,0.018933765815966057,0.09219813346862793
1832,506.7151609499997,1.0137333189995843,ok,0.3846614360809326,0.011814133326212565,0.026766300201416016
1833,506.8585702620003,0.733179545000894,ok,0.32380247116088867,0.01195227016102184,0.026766300201416016
1834,507.0012438089998,0.5408989150000707,ok,0.16888022422790527,0.011491211255391438,0.011834144592285156
1835,507.1676499719997,0.9092083079995064,ok,0.3858683109283447,0.012983413843008189,0.014316797256469727
1836,507.8341222550007,0.6490549559985084,ok,0.28553128242492676,0.011517198880513509,0.012278318405151367
1837,508.00084784499995,0.510913251000602,ok,0.11848592758178711,0.011611148715019226,0.014541149139404297
1838,508.3341630149989,0.6562654970002768,ok,0.20783638954162598,0.0185187173926312,0.08441710472106934
1839,508.5006794769997,0.5885983219995978,ok,0.04105424880981445,0.017415849367777507,0.08441710472106934
1840,508.66735485699974,1.0578421659993182,ok,0.3873250484466553,0.011579462126189587,0.011925697326660156
1841,508.8339201279996,0.738230922999719,ok,0.2794196605682373,0.011581251495762876,0.011925697326660156
1842,509.00195512699975,0.7087844149991724,ok,0.1152486801147461,0.011580276489257812,0.011925697326660156
1843,509.40097747800064,0.7483461390002049,ok,0.34652042388916016,0.011559117924083363,0.011873006820678711
1844,509.60033066899996,0.6167877110001427,ok,0.14918112754821777,0.012138276486783414,0.027403593063354492
1845,509.80038734499976,0.9311877969994384,ok,0.3903939723968506,0.01254536992027646,0.03560209274291992
1846,510.00017955300063,0.6384601829995518,ok,0.18246102333068848,0.012758044635548312,0.03560209274291992
1847,510.20044199699987,0.9173157709992665,ok,0.3858342170715332,0.011977107025856195,0.02716541290283203
1848,510.40095274899977,0.6239781210006186,ok,0.17683911323547363,0.012058006014142718,0.02716541290283203
1849,510.6007358070001,0.9431158679999498,ok,0.38587331771850586,0.01205584208170573,0.027263402938842773
1850,510.8007578430006,0.5596609200001694,ok,0.1766805648803711,0.011592826535624842,0.012047290802001953
1851,511.00028273299904,1.1793590760007646,ok,0.39110875129699707,0.012519465118158058,0.02706456184387207
1852,511.2509699229995,0.40818350500012457,ok,0.14773821830749512,0.011587108884538923,0.012107133865356445
1853,511.50013051399947,0.8293018639997172,ok,0.39219236373901367,0.011578877766927084,0.01237630844116211
1854,511.7503487979993,0.8595176449998689,ok,0.14205265045166016,0.012018072194066542,0.027318716049194336
1855,512.0010710669994,0.9375691330005793,ok,0.3953278064727783,0.012526438349769228,0.026981353759765625
1856,512.2517973459999,0.48446259800039115,ok,0.14070534706115723,0.011559035096849715,0.012360811233520508
1857,512.5010566769997,1.084385015999942,ok,0.3865201473236084,0.01175103105347732,0.026891708374023438
1858,512.7503973679995,0.7771851910001715,ok,0.12725353240966797,0.01176314983727797,0.026891708374023438
1859,513.0001129049997,0.7914985039988096,ok,0.3924241065979004,0.01151736577351888,0.012104034423828125
1860,513.2505766559989,0.6752857889987354,ok,0.14062762260437012,0.012244877361115954,0.026743412017822266
1861,513.5002141040004,0.7796135810003761,ok,0.3865330219268799,0.011451526121659712,0.012253284454345703
1862,513.7507301850001,0.7797844399992755,ok,0.13332796096801758,0.012082182444058932,0.026514530181884766
1863,514.001095607,0.8254157449991908,ok,0.3864457607269287,0.011425527366431983,0.012064695358276367
1864,514.3340037899998,0.5620682389999274,ok,0.05620098114013672,0.01166712102435884,0.014229059219360352
1865,514.667773616,0.9295225080004457,ok,0.2708454132080078,0.01767249239815606,0.09235644340515137
1866,515.0009733570005,0.6760938909992547,ok,0.3825821876525879,0.011470665534337362,0.012122631072998047
1867,515.3339260089997,0.5796170449993951,ok,0.042699337005615234,0.012428405808239448,0.014304637908935547
1868,516.0009923060006,0.5718626489997405,ok,0.029933929443359375,0.02021514452420748,0.08737421035766602
1869,516.5015248999989,0.9720181079992471,ok,0.10858607292175293,0.0174332062403361,0.09190845489501953
1870,517.0013095310005,0.8626810669993574,ok,0.3942532539367676,0.013515725280299332,0.014322996139526367
1871,517.5007131950006,0.9120809910000389,ok,0.37831544876098633,0.014061130796160016,0.014421463012695312
1872,518.0011884399992,0.8980611760016473,ok,0.39423155784606934,0.01384906768798828,0.014319658279418945
1873,519.0003756339993,0.9524896279999666,ok,0.1620800495147705,0.01778019860733387,0.0878138542175293
1874,570.0012298620004,0.9527701269998943,ok,0.08543920516967773,0.017367192677089145,0.08725309371948242
1875,571.000190757999,0.6234717609986546,ok,0.028842687606811523,0.01929035981496175,0.08756446838378906
1876,571.500732343,0.9335572859999957,ok,0.16492366790771484,0.01820473554657727,0.0872502326965332
1877,572.0012666969997,1.0181144380003389,ok,0.39320969581604004,0.013521681891547309,0.026027917861938477
1878,572.5005257619996,0.8241525360008382,ok,0.38962841033935547,0.013033255934715271,0.014264583587646484
1879,573.0002719919994,0.8062405439995928,ok,0.34817075729370117,0.014083362394763578,0.014487981796264648
1880,573.5005067389993,0.9360881030006567,ok,0.32503795623779297,0.01434401768009837,0.02660393714904785
1881,574.0008402040003,1.3152341280001565,ok,0.3959653377532959,0.013274178785436293,0.026248455047607422
1882,574.6672434800003,0.9816517679992103,ok,0.3902277946472168,0.01267337269253201,0.014188766479492188
1883,575.3332619199991,0.9757148360004066,ok,0.3359856605529785,0.013980329036712646,0.014080286026000977
1884,576.0014041920003,0.8620212829991942,ok,0.3234415054321289,0.013843426833281646,0.027119874954223633
1885,576.333135466999,0.7962115760001325,ok,0.3896303176879883,0.011558497653288,0.012065887451171875
1886,576.6681123550006,0.5457623709990003,ok,0.043297767639160156,0.011884182691574097,0.014540910720825195
1887,577.0007393529995,0.8920581950005726,ok,0.2541482448577881,0.01858735807014234,0.08737874031066895
1888,577.2512433880001,0.8135796130009112,ok,0.3861706256866455,0.011498510837554932,0.012061119079589844
1889,577.5002874639995,0.5644791659997281,ok,0.11357831954956055,0.011498510837554932,0.012061119079589844
1890,577.7510463269991,0.7472926680002274,ok,0.340252161026001,0.011521143071791706,0.011582612991333008
1891,578.0010464360003,0.5400982369992562,ok,0.08742427825927734,0.011677722673158388,0.01460123062133789
1892,578.2503863599995,0.8426195419997384,ok,0.32373476028442383,0.014263663973127092,0.01511836051940918
1893,578.750489557,1.1520687800002634,ok,0.357802152633667,0.011800655951866737,0.02730107307434082
1894,579.0010959400006,0.7155950099986512,ok,0.1155250072479248,0.011862774284518495,0.02730107307434082
1895,579.251487485999,0.7548740849997557,ok,0.38446998596191406,0.011607011159261068,0.012082815170288086
1896,579.5010031580005,0.7525072349999391,ok,0.14200663566589355,0.01239966849486033,0.026721715927124023
1897,579.7508612879992,1.2216782559989952,ok,0.3858458995819092,0.011769032132798347,0.027069091796875
1898,580.000748737999,0.6822753739998006,ok,0.14256501197814941,0.011874106797305021,0.027069091796875
1899,580.2019070389997,0.6666309830015962,ok,0.39447999000549316,0.011599215594204989,0.012109041213989258
1900,580.4007410989998,0.6820333960004064,ok,0.19860410690307617,0.012042510203826122,0.02675938606262207
1901,580.6005038120002,1.0472734840004705,ok,0.3878805637359619,0.012199168021862324,0.027534008026123047
1902,580.8002311050004,0.6722585569987132,ok,0.19118428230285645,0.011484938859939575,0.012095451354980469
1903,581.2002515669992,0.7454354429992236,ok,0.39168810844421387,0.011503671777659449,0.01230621337890625
1904,581.4007013240007,0.8442436780005664,ok,0.19681644439697266,0.011936606101269991,0.02629375457763672
1905,581.60008991,0.9938754440008779,ok,0.38967394828796387,0.01183048559694874,0.02713632583618164
1906,581.8008605840005,0.6091999759992177,ok,0.1943376064300537,0.011514432502515388,0.0118408203125
1907,582.0008523050001,0.7198470439998346,ok,0.3947150707244873,0.011535441433941876,0.012120962142944336
1908,582.1675241499997,0.679422387998784,ok,0.22222685813903809,0.01152041711305317,0.012120962142944336
1909,582.3331842040006,0.7553500510002777,ok,0.06081080436706543,0.011912015446445398,0.02618575096130371
1910,582.5002862660003,0.8176068480006506,ok,0.3905315399169922,0.011501632417951312,0.011808395385742188
1911,582.6674826180006,0.7695211629998084,ok,0.22921061515808105,0.011854919520291414,0.027191877365112305
1912,582.8339269449989,0.5528931799999555,ok,0.05693793296813965,0.011501236659724539,0.011808395385742188
1913,583.0003835719999,0.9946616970009927,ok,0.39478254318237305,0.011857748031616211,0.027245759963989258
1914,583.1680014199992,0.7572508550001658,ok,0.22189068794250488,0.011898822562639104,0.027245759963989258
1915,583.3340501910006,0.4600192360012443,ok,0.06102752685546875,0.011516390424786192,0.012334585189819336
1916,583.5001843509999,0.8174355680002918,ok,0.38388824462890625,0.011568281385633681,0.012557506561279297
1917,583.6679145969993,0.5230781160007609,ok,0.21197032928466797,0.01159496307373047,0.012557506561279297
1918,583.8332699139992,0.5803329139998823,ok,0.04900789260864258,0.012189853759039016,0.027454137802124023
1919,584.0002205969995,0.7585798539985262,ok,0.38286256790161133,0.011535613767562373,0.012227296829223633
1920,584.168060132999,0.578994593999596,ok,0.20979642868041992,0.011536431312561036,0.012227296829223633
1921,584.3337890559997,0.5094294380014617,ok,0.04326128959655762,0.011889502808854386,0.014400720596313477
1922,584.5018246500003,0.8137177089993202,ok,0.3688042163848877,0.011617492985081029,0.011916875839233398
1923,584.6676499419991,0.9133636170008685,ok,0.1961512565612793,0.012634129957719283,0.02804112434387207
1924,584.8339984209997,0.4466375669999252,ok,0.03068232536315918,0.011610655223622042,0.01181936264038086
1925,585.1440261240004,0.7949014340010763,ok,0.391995906829834,0.011584874355431759,0.01250910758972168
1926,585.2867863459996,0.7886419759997807,ok,0.25246310234069824,0.012013585068458734,0.014522790908813477
1927,585.4297814870006,0.532334579000235,ok,0.10086393356323242,0.011591379983084543,0.01250910758972168
1928,585.7155146700006,1.0527784469995822,ok,0.3867814540863037,0.01354864239692688,0.02773451805114746
1929,586.1437677579997,0.7060126270007459,ok,0.38580942153930664,0.011664693172161397,0.012351036071777344
1930,586.2873163539989,0.5625174399992829,ok,0.24294614791870117,0.011664693172161397,0.012351036071777344
1931,586.4307665209999,0.627528084000005,ok,0.10055899620056152,0.012484521400637744,0.0274503231048584
1932,586.571826157,0.7650080709991016,ok,0.38306188583374023,0.011618514214792559,0.01205754280090332
1933,586.7146009099997,0.7195597049994831,ok,0.2435302734375,0.01204116093484979,0.027662277221679688
1934,586.8579893269998,0.5252135579994501,ok,0.10068678855895996,0.011622122355869837,0.01205754280090332
1935,587.000139275,0.8515551159998722,ok,0.38703274726867676,0.013361490134036902,0.027016162872314453
1936,587.1434862019996,0.42945416800102976,ok,0.24755191802978516,0.011613879884992327,0.012108802795410156
1937,587.4293713839998,0.6074629399990954,ok,0.3819601535797119,0.011609103944566514,0.012032747268676758
1938,587.5714042830004,0.49996293599906494,ok,0.24271655082702637,0.011610791796729678,0.012032747268676758
1939,587.7144736730006,0.7625602399984928,ok,0.08601045608520508,0.012481492299299974,0.02730083465576172
1940,587.8578655900001,0.935037747000024,ok,0.39333367347717285,0.01191258430480957,0.02702951431274414
1941,588.0012778769997,0.4639221630004613,ok,0.24306797981262207,0.011585109374102424,0.012249231338500977
1942,588.1445287650004,0.6831979750004393,ok,0.0997629165649414,0.011897132751789498,0.02702951431274414
1943,588.2861999670004,0.7604890370002977,ok,0.38393568992614746,0.01158232073630056,0.012101173400878906
1944,588.4305201160005,0.7014964339996368,ok,0.23389244079589844,0.012000476991808092,0.02721118927001953
1945,588.5712492860002,0.7224028410000756,ok,0.09516549110412598,0.011882010628195369,0.02721118927001953
1946,588.7146488529997,0.9172043639991898,ok,0.3847525119781494,0.01191377085308696,0.027262210845947266
1947,589.001000921,0.6423819310002727,ok,0.09562873840332031,0.011905962770635431,0.027262210845947266
1948,589.1432017480001,0.8847393920004833,ok,0.39458489418029785,0.01195382460569724,0.026989221572875977
1949,589.429912263,0.6672212060002494,ok,0.10660457611083984,0.011907105975680881,0.026989221572875977
1950,589.5714283559992,0.9735468389990274,ok,0.3838465213775635,0.012516135754792587,0.0386502742767334
1951,589.7148862519989,0.8069948729989846,ok,0.23312664031982422,0.012552407654848967,0.0386502742767334
1952,589.8582975589998,0.6399777710012131,ok,0.09530043601989746,0.012588483946663993,0.0386502742767334
1953,590.0021214629996,0.8730811869991157,ok,0.3844566345214844,0.012813806533813477,0.0386502742767334
1954,590.1432523589992,0.7200635600001988,ok,0.2337656021118164,0.01284415192074246,0.0386502742767334
1955,590.2868588740002,0.7747721680007089,ok,0.09548211097717285,0.012463574139577037,0.0386502742767334
1956,590.429546686999,0.9501072620005289,ok,0.3912668228149414,0.01200145615471734,0.027802228927612305
1957,590.5721355700007,0.4894371529990167,ok,0.24721002578735352,0.011687492069445159,0.012172222137451172
1958,590.7148485130001,0.7578384579992417,ok,0.10787725448608398,0.01195001152326476,0.027802228927612305
1959,590.8579545930006,0.7425158839996584,ok,0.38701438903808594,0.011675349597273201,0.012450218200683594
1960,591.0004584269991,0.7104852590000519,ok,0.24699997901916504,0.012473715676201714,0.0274808406829834
1961,591.1438287439996,0.45672704199932923,ok,0.09613299369812012,0.011675349597273201,0.012450218200683594
1962,591.286495336999,0.6906880120004644,ok,0.3894007205963135,0.011612822612126669,0.012206792831420898
1963,591.4298329849989,0.5589917679990322,ok,0.24937868118286133,0.011611328125,0.012206792831420898
1964,591.571916113,0.5813813830009167,ok,0.10981321334838867,0.01263321770562066,0.027225732803344727
1965,591.715117800999,0.8695234669994534,ok,0.3952786922454834,0.011959559039065712,0.02733898162841797
1966,591.858520067999,0.7490650510007981,ok,0.2564218044281006,0.01195152997970581,0.02733898162841797
1967,592.14436346,0.9819543090015941,ok,0.38362693786621094,0.012300902224601583,0.027289628982543945
1968,592.2867582649997,0.5741780129992549,ok,0.24513959884643555,0.011593906967728227,0.012274742126464844
1969,592.4311843840005,0.24606225000025006,ok,0.09559321403503418,0.011697162281383167,0.012274742126464844
1970,592.5715027259994,0.9297235399990313,ok,0.391925573348999,0.011933249096537745,0.02704763412475586
1971,592.7144302470006,0.856227565998779,ok,0.2524704933166504,0.01190126185514489,0.02704763412475586
1972,592.8588407360003,0.7118702469997515,ok,0.11450505256652832,0.01190126185514489,0.02704763412475586
1973,593.0005601270004,0.7666490760002489,ok,0.3959541320800781,0.011627610524495442,0.012140035629272461
1974,593.143480716999,0.6006799850001698,ok,0.2571122646331787,0.011624412877219064,0.012140035629272461
1975,593.287203771999,0.5085106839997025,ok,0.1071329116821289,0.011712223291397095,0.014473915100097656
1976,593.4299766240001,0.6984522670009028,ok,0.38480663299560547,0.011578302383422851,0.011793136596679688
1977,593.5718485029993,0.7683674310010247,ok,0.2446599006652832,0.012523025274276733,0.02745509147644043
1978,593.7144388769993,0.4139296449993708,ok,0.10626077651977539,0.011578302383422851,0.011793136596679688
1979,593.8573366780001,0.7028359310006635,ok,0.39598989486694336,0.011615800857543945,0.012088537216186523
1980,594.0018310659998,0.6047972400010622,ok,0.24575257301330566,0.011617446767872778,0.012088537216186523
1981,594.143567006,0.6977188139990176,ok,0.10076355934143066,0.012156902475559965,0.027401447296142578
1982,594.2863922880006,0.7856738669997867,ok,0.3854410648345947,0.011558886730309689,0.01214289665222168
1983,594.4293978280002,0.7694073820002814,ok,0.24602317810058594,0.011553504250266335,0.01214289665222168
1984,594.5713204269996,0.6416608060008002,ok,0.09535002708435059,0.011552450391981337,0.01214289665222168
1985,595.0005117460005,0.9477845000001253,ok,0.2616546154022217,0.015630189762559046,0.08712887763977051
1986,595.1442334200001,0.7233590409996395,ok,0.11149168014526367,0.016417006651560467,0.08712887763977051
1987,595.286985662,0.955056840000907,ok,0.3920407295227051,0.011938416439553966,0.027152299880981445
1988,595.430439058,0.7882403460007481,ok,0.207932710647583,0.011948352510278875,0.027152299880981445
1989,595.5719121210004,0.6118198519998259,ok,0.10671544075012207,0.011963850114403702,0.027152299880981445
1990,595.714528474,0.8758425840005657,ok,0.3849501609802246,0.012263730952614233,0.026985645294189453
1991,595.858944362999,0.6017854140009149,ok,0.24584627151489258,0.011601727584312702,0.01221609115600586
1992,596.0014621070004,0.4129562629987049,ok,0.10698151588439941,0.011607351303100586,0.01221609115600586
1993,596.1431921370004,1.0153810720003094,ok,0.3840024471282959,0.011804415629460262,0.026923179626464844
1994,596.4295918139997,0.729029284999342,ok,0.0944671630859375,0.011804415629460262,0.026923179626464844
1995,596.5719671299994,0.6322957029988174,ok,0.3931286334991455,0.011610319739893862,0.012114763259887695
1996,596.7148815199998,0.6383364529992832,ok,0.24387025833129883,0.011555969715118408,0.012114763259887695
1997,596.8582729869995,0.4949893560005876,ok,0.10638070106506348,0.011555969715118408,0.012114763259887695
1998,597.0009130399994,0.780734477999431,ok,0.37638378143310547,0.012387152641050277,0.01463007926940918
1999,597.2865119439994,0.3381502800002636,ok,0.08763504028320312,0.011471545696258545,0.011583328247070312
2000,597.4292333459998,0.6491640629992617,ok,0.37241435050964355,0.011530269276012074,0.011832952499389648
2001,597.5727062419992,0.6343427150004572,ok,0.23484277725219727,0.012248108463902627,0.014666080474853516
2002,598.001357395,0.9321976470000664,ok,0.2528340816497803,0.015712334996178037,0.08470511436462402
2003,598.1435835209995,0.8943328700006532,ok,0.11171889305114746,0.014986879685345818,0.08470511436462402
2004,598.2864974120002,0.6939365729995188,ok,0.3921635150909424,0.0115768287492835,0.012006282806396484
2005,598.4309138799999,0.8167136200008827,ok,0.2227787971496582,0.012126873839985241,0.02620077133178711
2006,598.7157607989993,0.7725100660009048,ok,0.38318300247192383,0.011494278907775879,0.01179647445678711
2007,598.8591259959994,0.7273440880017006,ok,0.2447834014892578,0.011837463629873176,0.014437198638916016
2008,599.1681709660006,0.9856061259997659,ok,0.39568471908569336,0.011825089653333029,0.026232242584228516
2009,599.3338426289993,0.9353341109999747,ok,0.23449230194091797,0.0117787163833092,0.026232242584228516
2010,599.5004302739999,0.5226210670007276,ok,0.07117486000061035,0.011509004392121968,0.012102365493774414
2011,599.6676950340006,0.728029941999921,ok,0.39386916160583496,0.011554912284568505,0.01181936264038086
2012,599.8335040950005,0.8189524019999226,ok,0.2330021858215332,0.011847659945487976,0.02696847915649414
2013,600.0009120340001,0.5710708070000692,ok,0.060654640197753906,0.01152673000242652,0.01181936264038086
2014,600.167956886,0.8290943880001578,ok,0.38316869735717773,0.01150179553676296,0.011905908584594727
2015,600.3333714799992,0.7706435399995826,ok,0.22160673141479492,0.011830663681030274,0.02615809440612793
2016,600.500960247,0.7068558869996195,ok,0.04936790466308594,0.011781303970902055,0.02615809440612793
2017,600.6676140319996,1.048940433000098,ok,0.39333152770996094,0.01177707866386131,0.026143789291381836
2018,600.8333719040002,0.6613684219992138,ok,0.2327280044555664,0.011507544252607558,0.011810779571533203
2019,601.000188127,0.6014509359993099,ok,0.06017494201660156,0.011839254335923628,0.026143789291381836
2020,601.1671849989998,0.8477291540002625,ok,0.39362049102783203,0.011499066101877313,0.011790037155151367
2021,601.3340612920001,0.8154532289991039,ok,0.22096920013427734,0.011899898449579874,0.025928974151611328
2022,601.5009047650001,0.4910660870009451,ok,0.06009411811828613,0.011494139830271402,0.011790037155151367
2023,601.6678105169995,0.6640025800006697,ok,0.38719940185546875,0.011430906212848166,0.011687278747558594
2024,601.8337824179998,0.7451042010015954,ok,0.21462178230285645,0.012743932008743287,0.026739120483398438
2025,602.1686935830003,0.928902764000668,ok,0.38298821449279785,0.01179470486111111,0.026755094528198242
2026,602.3339392300004,0.7407082360005006,ok,0.20908069610595703,0.011447801146396371,0.011982917785644531
2027,602.5002826969994,0.38738589199965645,ok,0.042519330978393555,0.011460431984492711,0.011982917785644531
2028,602.6680817719989,0.7957445720003307,ok,0.3919062614440918,0.011465921121485093,0.012091875076293945
2029,602.8339468230006,0.6870040789999621,ok,0.22034430503845215,0.011469339713072166,0.012091875076293945
2030,603.0009046649993,0.7169247420006286,ok,0.048853397369384766,0.012385019889244666,0.05411386489868164
2031,603.1677754680004,0.91352064000057,ok,0.38614416122436523,0.012967941088554187,0.03942275047302246
2032,603.3334950400003,0.6511491349992866,ok,0.22615313529968262,0.012401588035352303,0.03942275047302246
2033,603.5010057170002,0.39103045299998485,ok,0.05422377586364746,0.012654657363891602,0.03942275047302246
2034,603.6672855050001,1.0769958099990617,ok,0.385547399520874,0.01197992671619762,0.014904260635375977
2035,603.8340766580004,0.75400962599997,ok,0.21209716796875,0.011535289552476671,0.012099027633666992
2036,604.3339340420007,0.9439461490001122,ok,0.38535380363464355,0.011872243881225587,0.027248382568359375
2037,604.5003845680003,0.800544562000141,ok,0.2240450382232666,0.011865636135669464,0.027248382568359375
2038,604.8334979689989,0.871402496999508,ok,0.3942832946777344,0.011577069759368896,0.012241601943969727
2039,605.0009806460002,0.5885143230007088,ok,0.22179722785949707,0.011581134796142579,0.012241601943969727
2040,605.1673882529994,0.5517976749997615,ok,0.06091809272766113,0.011574989411889053,0.012241601943969727
2041,605.3340971369998,0.7394087960001343,ok,0.4030005931854248,0.011554541411223236,0.011618375778198242
2042,605.667691532999,0.6801657150008396,ok,0.07966995239257812,0.01247029608868538,0.027364253997802734
2043,605.834707783999,0.7555127539999376,ok,0.3888523578643799,0.011577407519022623,0.01225733757019043
2044,606.0011815300004,0.8017800120014726,ok,0.22700786590576172,0.01243716345893012,0.02662038803100586
2045,606.3350030549991,0.8284381610010314,ok,0.3852674961090088,0.011556433306799995,0.011869192123413086
2046,606.5011156830005,0.648077400001057,ok,0.22354698181152344,0.011558382851736887,0.011869192123413086
2047,606.6674609000002,0.447031749999951,ok,0.05738019943237305,0.011552311480045319,0.011869192123413086
2048,606.8341232950006,0.9095379720001802,ok,0.3572506904602051,0.012430872235979353,0.01468348503112793
2049,607.1675997219991,0.3495907939995959,ok,0.025440692901611328,0.0115085001345034,0.011701822280883789
2050,607.3333218139996,1.0209822010001517,ok,0.3880937099456787,0.011971651339063458,0.027292728424072266
2051,607.5007610709999,0.6290765369994915,ok,0.2263181209564209,0.011693896669330019,0.012211322784423828
2052,607.667475065,0.5824662719987828,ok,0.057707786560058594,0.012050322123936244,0.027292728424072266
2053,607.8338876710004,0.786607197000194,ok,0.38923144340515137,0.011607321825894442,0.012037515640258789
2054,608.0004295769995,0.5278040619996318,ok,0.21271491050720215,0.011616973876953126,0.012037515640258789
2055,608.1680487929989,0.602245258000039,ok,0.04984927177429199,0.012384359226670376,0.02666497230529785
2056,608.3341500610004,0.8732285819987737,ok,0.39267563819885254,0.01151687502861023,0.011809349060058594
2057,608.667662758,0.590732382999704,ok,0.057427406311035156,0.011888365412867346,0.027512550354003906
2058,608.833496059,0.6555194880002091,ok,0.3836023807525635,0.011556972156871449,0.011954545974731445
2059,609.0009722670002,0.6489988030007225,ok,0.21107244491577148,0.011543353398640951,0.011954545974731445
2060,609.1674013230004,0.6354418749997421,ok,0.05002188682556152,0.01209500495423662,0.02692103385925293
2061,609.3335919709989,1.131398238998372,ok,0.38291406631469727,0.012186952431996663,0.0273587703704834
2062,609.5001943949992,0.6284144119999837,ok,0.2096238136291504,0.01162402770098518,0.012108802795410156
2063,609.6671393670003,0.38062635700043757,ok,0.043112993240356445,0.011627073641176577,0.012108802795410156
2064,609.8339948689991,0.7361114329996781,ok,0.3910982608795166,0.011768008981432234,0.012207508087158203
2065,610.0004833950006,0.680413922000298,ok,0.21715521812438965,0.012226316663953993,0.02657032012939453
2066,610.2002314259989,1.0275522860010824,ok,0.38566136360168457,0.01311116522931038,0.026729583740234375
2067,610.6007546990004,0.6500911530001758,ok,0.38367676734924316,0.011627776282174247,0.011909723281860352
2068,610.8005654289991,0.6504256099997292,ok,0.18553376197814941,0.012696926934378489,0.026345252990722656
2069,611.001003755,0.9639237120009057,ok,0.38617968559265137,0.013333496593293689,0.02730846405029297
2070,611.4003662470004,0.6104738100002578,ok,0.386411190032959,0.011557234658135308,0.012136697769165039
2071,611.6002643369993,0.5092714649999834,ok,0.18439149856567383,0.012169790267944337,0.014464616775512695
2072,611.8011201579993,0.7196562479985005,ok,0.33619260787963867,0.011542826890945435,0.011677742004394531
2073,612.0020996389994,0.7322247640004207,ok,0.12880706787109375,0.012350280234154234,0.014741659164428711
2074,612.4016859900003,0.6337123379998957,ok,0.360734224319458,0.01170458576895974,0.01208186149597168
2075,612.6009595340001,0.5075189400013187,ok,0.15928888320922852,0.012154905884354203,0.01521158218383789
2076,612.800677674999,0.9661062830000446,ok,0.32688450813293457,0.011840380155123197,0.026551246643066406
2077,613.0011328799992,0.6614642779986752,ok,0.12769699096679688,0.011889890182849973,0.026551246643066406
2078,613.2510895159994,0.6326765260000684,ok,0.3840806484222412,0.01162564754486084,0.011917352676391602
2079,613.5006815060005,0.4121622170005139,ok,0.13013434410095215,0.011807896874167702,0.015270709991455078
2080,613.7510974279994,1.0068016460008948,ok,0.2138972282409668,0.016199832161267597,0.08761119842529297
2081,614.0004015590002,1.0034958539999934,ok,0.38625359535217285,0.012326305111249289,0.026836633682250977
2082,614.2503559849993,0.3583983509997779,ok,0.14266705513000488,0.011545882505529067,0.01205587387084961
2083,614.5002294019996,0.7153292829989368,ok,0.39531803131103516,0.011602154144873986,0.014390230178833008
2084,614.7502860969998,0.43707242100026633,ok,0.1419675350189209,0.011492798725763956,0.011874675750732422
2085,615.0008151780003,0.9387401889998728,ok,0.26418375968933105,0.016922846818581607,0.0876460075378418
2086,615.2508123240004,0.8708289789992705,ok,0.3876497745513916,0.012304588368064478,0.01437830924987793
2087,615.5003225729997,0.4161897840003803,ok,0.11660957336425781,0.011496771936831266,0.01170039176940918
2088,615.7509790940003,0.7700852500001929,ok,0.3970651626586914,0.014187955856323242,0.014573812484741211
2089,616.5004108150006,0.8723705259999406,ok,0.06899571418762207,0.01706974921019181,0.11960196495056152
2090,616.7507631770004,0.9163612330012256,ok,0.38950371742248535,0.012742114067077637,0.01442408561706543
2091,617.3333398359991,0.9010863789990253,ok,0.35935044288635254,0.014129658003111143,0.014328479766845703
2092,618.0008581239999,0.9590840399996523,ok,0.27669429779052734,0.017437414119118137,0.08727502822875977
2093,618.3335344459992,1.0155370729989954,ok,0.38584232330322266,0.012890171497426134,0.014299154281616211
2094,618.6682466919992,0.3032258949988318,ok,0.05676388740539551,0.011509442329406738,0.01224517822265625
2095,619.0006657060003,0.8699839949986199,ok,0.3666822910308838,0.014008024159599753,0.014188051223754883
2096,620.000635336999,0.8321794570001657,ok,0.1590285301208496,0.018641560418265205,0.08710074424743652
2097,620.5014750209994,0.6727237030008837,ok,0.35311317443847656,0.014129275367373512,0.014302492141723633
2098,621.5009801760007,0.873918949999279,ok,0.16938328742980957,0.01842566438623377,0.08707141876220703
2099,622.5003847200005,0.7925176940007077,ok,0.18216991424560547,0.019170507307975523,0.08648681640625
2100,623.5003495799992,0.6929050359995017,ok,0.10564064979553223,0.019695619056964743,0.08726048469543457
2101,624.000467459,1.1715657919994555,ok,0.23345160484313965,0.016927299676118075,0.0874013900756836
2102,626.0007095450001,0.9071471759998531,ok,0.05755972862243652,0.01736798385779063,0.08732414245605469
2103,627.0011194500003,0.6876691790002951,ok,0.1509263515472412,0.02046858787536621,0.08771085739135742
2104,634.0003469080002,0.7781175090003671,ok,0.09442353248596191,0.018541720178392198,0.08777785301208496
2105,635.000934968999,1.0291414750008698,ok,0.11166024208068848,0.01700879492849674,0.09237790107727051
2106,636.0009424639993,0.8894313189994136,ok,0.06546950340270996,0.017281910647516666,0.09024262428283691
2107,636.5011581100007,0.69909674200062,ok,0.40418481826782227,0.014012926503231651,0.014050960540771484
2108,637.000847629999,1.156051676000061,ok,0.24687910079956055,0.016260910034179687,0.09454894065856934
2109,637.501159595,0.9750086820004071,ok,0.3836028575897217,0.012667189944874157,0.014294147491455078
2110,639.000487194,0.9072921400002087,ok,0.14813661575317383,0.017333795857983968,0.08762979507446289
2111,639.3339758370003,0.7248583780001354,ok,0.38628721237182617,0.011455491737083153,0.012003898620605469
2112,639.6675970489996,0.37701871399985976,ok,0.05650806427001953,0.011456645452059232,0.012003898620605469
2113,640.001003894,0.9722988229987095,ok,0.0989072322845459,0.017386086133061623,0.09216427803039551
2114,640.3336724839992,1.07260780300021,ok,0.38275980949401855,0.012604956626892089,0.04057621955871582
2115,640.668374556999,0.5821336179997161,ok,0.07031607627868652,0.0122550368309021,0.04057621955871582
2116,641.0004918720006,0.8230506159998185,ok,0.3860433101654053,0.0126007975953998,0.01477503776550293
2117,641.2505946649999,0.3745569239999895,ok,0.1287846565246582,0.011556236367476614,0.011976003646850586
2118,641.5004932890006,1.0793928669991146,ok,0.3440117835998535,0.013731374190403866,0.02698373794555664
2119,642.0009520820004,1.0909745009994367,ok,0.38445281982421875,0.011824792829053155,0.0261993408203125
2120,642.2504663489999,0.6162182160005614,ok,0.1281754970550537,0.011520761251449584,0.012066125869750977
2121,642.5010732680003,0.6142119919986726,ok,0.38555335998535156,0.011555724673800997,0.01182866096496582
2122,642.7511870399994,0.7274383769999986,ok,0.13212275505065918,0.012980119748549028,0.02695178985595703
2123,643.0004883889997,1.0432489459999488,ok,0.3862287998199463,0.011761418095341435,0.026145458221435547
2124,643.2004791959989,0.68224335999912,ok,0.18318581581115723,0.01184157133102417,0.026145458221435547
2125,643.4008269099995,0.619861614999536,ok,0.3922767639160156,0.011515352461073134,0.011809110641479492
2126,643.6008731759994,0.6214587720005511,ok,0.1972658634185791,0.012773826718330383,0.02667236328125
2127,643.8006876439995,0.7886789999993198,ok,0.3852500915527344,0.011485027544426195,0.011821269989013672
2128,644.0019575400001,0.62582892699902,ok,0.18967103958129883,0.011923517499651228,0.026889562606811523
2129,644.2006217979997,1.012571219000165,ok,0.3935532569885254,0.011944322586059571,0.02713751792907715
2130,644.4008989819995,0.5488136229996599,ok,0.19839692115783691,0.011523526290367389,0.011966466903686523
2131,644.600534362,0.7732657569995354,ok,0.39098262786865234,0.011527098715305328,0.012193441390991211
2132,644.8004859489993,0.8082951070009585,ok,0.1808474063873291,0.011836482029335172,0.02662515640258789
2133,645.0011215899995,0.7106835249996948,ok,0.382976770401001,0.011557446585761176,0.011945247650146484
2134,645.2006869199995,0.7457435649994295,ok,0.17554879188537598,0.012136941485934787,0.026218652725219727
2135,645.402041985999,1.043029356000261,ok,0.38509273529052734,0.012724804878234863,0.02643275260925293
2136,645.600608503999,0.5059467270002642,ok,0.18831181526184082,0.011467502667353703,0.01175236701965332
2137,646.0006026770006,0.8223395909990359,ok,0.38356924057006836,0.01145882864256163,0.011746883392333984
2138,646.1677198349989,0.7834310630005348,ok,0.21033358573913574,0.012002473292143448,0.026012897491455078
2139,646.3332581670002,0.4782038459998148,ok,0.04260587692260742,0.01145914528104994,0.011746883392333984
2140,646.5002450960001,0.8745597489996726,ok,0.3913230895996094,0.011695921421051025,0.014255285263061523
2141,646.6675989029991,0.5119116580008267,ok,0.21955156326293945,0.01144529382387797,0.011725902557373047
2142,646.834104816,0.47121634400173207,ok,0.05606484413146973,0.011442681721278599,0.011792898178100586
2143,647.0003263710005,0.9443618730001617,ok,0.3969132900238037,0.012519722893124535,0.014485836029052734
2144,647.1678630860006,0.5007589500000904,ok,0.22540640830993652,0.011435888030312279,0.011490345001220703
2145,647.3334828770003,0.35796407999987423,ok,0.057645320892333984,0.011453916629155477,0.011825084686279297
2146,647.6674789059998,0.748378643000251,ok,0.3050715923309326,0.011523914337158204,0.01200413703918457
2147,647.8350412700001,0.6620040960006008,ok,0.1384141445159912,0.011909706251961845,0.026870250701904297
2148,648.000988148,0.7980739710001217,ok,0.3948352336883545,0.01163846796209162,0.011945486068725586
2149,648.1443870419989,0.6083563299998787,ok,0.24611473083496094,0.011638937325313174,0.011945486068725586
2150,648.2870913320003,0.5768951499994728,ok,0.10736918449401855,0.012138205605584223,0.02740478515625
2151,648.4299977009996,0.6419296220010438,ok,0.3900563716888428,0.01157625913619995,0.012075424194335938
2152,648.5712401729998,0.6431086419997882,ok,0.25043249130249023,0.012381951014200846,0.014614582061767578
2153,648.8573123879996,0.7586330970007111,ok,0.3807413578033447,0.011589034911124937,0.011672496795654297
2154,649.000201326,0.7136895389994606,ok,0.24210619926452637,0.012021422386169434,0.027787446975708008
2155,649.1450913579993,0.6730692149994866,ok,0.08705425262451172,0.011943933811593564,0.027787446975708008
2156,649.2868621960006,0.8097187340008531,ok,0.3866291046142578,0.011627551487513951,0.012298583984375
2157,649.4302318099999,0.6780032440001378,ok,0.23598742485046387,0.011626806524064805,0.012298583984375
2158,649.5715469820007,0.6362565390008967,ok,0.09680891036987305,0.012003721192825672,0.014590740203857422
2159,649.857315149,1.0711038429999462,ok,0.3739793300628662,0.011895330328690378,0.027917146682739258
2160,650.0017219950005,0.7871942699985084,ok,0.23485016822814941,0.011961576673719618,0.027917146682739258
2161,650.1433949729999,0.5241462960002536,ok,0.08712148666381836,0.011589235729641385,0.011626958847045898
2162,650.2874776919998,0.8030414690001635,ok,0.3867757320404053,0.011652946472167969,0.01217341423034668
2163,650.4308761760003,0.9222136739990674,ok,0.2477266788482666,0.012421900371335587,0.026593923568725586
2164,650.5712589849991,0.5314675249992433,ok,0.10848140716552734,0.01165158408028739,0.01217341423034668
2165,650.8580958729999,0.8590644470004918,ok,0.39008235931396484,0.01201727583601668,0.027503490447998047
2166,651.0016131369994,0.7736461219992634,ok,0.2503530979156494,0.01198223658970424,0.027503490447998047
2167,651.1258896290001,0.5793537589997868,ok,0.12839102745056152,0.012027011977301704,0.027503490447998047
2168,651.2508189159998,0.922697039999548,ok,0.39315366744995117,0.011986909910689953,0.026633501052856445
2169,651.3752365069995,0.8450453920013388,ok,0.25772714614868164,0.011965036392211914,0.026633501052856445
2170,651.500498251,0.8474160820005636,ok,0.14222240447998047,0.011900905905098751,0.026633501052856445
2171,651.6258192549994,0.9516795199997432,ok,0.3904261589050293,0.012102964189317491,0.027410268783569336
2172,651.750336404999,0.5859615249992203,ok,0.25771665573120117,0.011667618384728065,0.011994600296020508
2173,651.8754756100006,0.46076551000078325,ok,0.1417860984802246,0.011667618384728065,0.011994600296020508
2174,652.0008664340003,0.8814881300004345,ok,0.38550782203674316,0.011968988180160522,0.02648472785949707
2175,652.125782490999,0.663706302000719,ok,0.2540106773376465,0.012040473520755768,0.02648472785949707
2176,652.2504435499995,0.5974354600002698,ok,0.1370398998260498,0.011993427534361143,0.02648472785949707
2177,652.3760664410001,1.0434031810000306,ok,0.38753390312194824,0.011894111280088071,0.02715277671813965
2178,652.500615551,0.872299186001328,ok,0.2573966979980469,0.011911158561706542,0.02715277671813965
2179,652.6256644469995,0.6428397929994389,ok,0.13002514839172363,0.01197793425583258,0.02715277671813965
2180,652.7510201900004,0.7029931360011688,ok,0.38692688941955566,0.011652387105501615,0.012342691421508789
2181,653.0015784179996,0.5677331850001792,ok,0.13010907173156738,0.012298001962549546,0.026387929916381836
2182,653.1259611290006,1.0225324040002306,ok,0.38377928733825684,0.01250518798828125,0.04136848449707031
2183,653.2502720809989,0.8401101930012373,ok,0.2548232078552246,0.012595780690511068,0.04136848449707031
2184,653.376087450999,0.5444185380001727,ok,0.12685871124267578,0.01202314550226385,0.027348995208740234
2185,653.5001661850001,0.81148888899952,ok,0.3938565254211426,0.012632295489311218,0.04136848449707031
2186,653.6254968579997,0.7148558480002976,ok,0.25702881813049316,0.012661106446210076,0.04136848449707031
2187,653.7508789809999,0.5372958170009952,ok,0.14168739318847656,0.012689852714538574,0.04136848449707031
2188,654.1254660529994,0.936601375000464,ok,0.24828338623046875,0.01583929288954962,0.08931350708007812
2189,654.2507038080003,0.7413532290011062,ok,0.13166451454162598,0.016533500618404813,0.08931350708007812
2190,654.3756102349998,0.721199505000186,ok,0.39362502098083496,0.011640531045419199,0.012120485305786133
2191,654.5009324290004,0.6526828930000192,ok,0.18438506126403809,0.01182228724161784,0.01460576057434082
2192,654.7504723950005,0.8013166119999369,ok,0.38489365577697754,0.012079397837320963,0.026749134063720703
2193,654.8759485770006,0.6758950200000982,ok,0.25336408615112305,0.012079397837320963,0.026749134063720703
2194,655.0002118989996,0.6672916409988829,ok,0.13701725006103516,0.011974129565926485,0.026749134063720703
2195,655.1252095750006,0.9070169990009163,ok,0.3889009952545166,0.012013827051435198,0.027762413024902344
2196,655.2508179969991,0.5791888190015015,ok,0.2580854892730713,0.011633029350867638,0.011957645416259766
2197,655.3754422460006,0.5757115290016372,ok,0.1306595802307129,0.012088094438825334,0.027762413024902344
2198,655.5007984889999,0.9305379739998898,ok,0.38916897773742676,0.012001774527809837,0.02716517448425293
2199,655.6260002239997,0.7357967939988157,ok,0.25898313522338867,0.012055980531792892,0.02716517448425293
2200,655.7506954229993,0.5295123500000045,ok,0.13133716583251953,0.011634534405123803,0.012397050857543945
2201,655.8751660429989,0.90855187499983,ok,0.39014101028442383,0.012010829789297921,0.027004003524780273
2202,656.0003186479989,0.7139978840004915,ok,0.2585136890411377,0.01207267575793796,0.027004003524780273
2203,656.1434701039998,0.4850349879998248,ok,0.11920475959777832,0.01164867877960205,0.012037992477416992
2204,656.286335331999,0.763847412999894,ok,0.386885404586792,0.011615253263904203,0.012033462524414062
2205,656.4299921439997,0.7402570379999815,ok,0.23506999015808105,0.01199783682823181,0.026999950408935547
2206,656.5715690329998,0.8075115810006537,ok,0.0961904525756836,0.011875218358533135,0.026999950408935547
2207,656.714396292,1.1036093919992709,ok,0.3857862949371338,0.012187296884101733,0.026798009872436523
2208,656.8578263859999,0.579311917999803,ok,0.24656033515930176,0.01162684405291522,0.012023687362670898
2209,657.0021697020002,0.5733602869986498,ok,0.09606599807739258,0.011604046210264549,0.012023687362670898
2210,657.2867840180006,0.9403124719992775,ok,0.3926365375518799,0.011935656720941717,0.027159452438354492
2211,657.4292543789998,0.7511250379993726,ok,0.2531106472015381,0.011964809894561768,0.027159452438354492
2212,657.5723932750006,0.49956312799986335,ok,0.11452388763427734,0.011569321155548096,0.011851310729980469
2213,657.7147313879996,0.909771405000356,ok,0.3852229118347168,0.011965876533871605,0.026920795440673828
2214,657.8571613799995,0.7324410019991774,ok,0.24599933624267578,0.011984617282182742,0.026920795440673828
2215,658.0015633959993,0.6577817790002882,ok,0.09601783752441406,0.011945056915283202,0.026920795440673828
2216,658.1678018109997,0.8267730610004946,ok,0.38533473014831543,0.011596739292144775,0.011963129043579102
2217,658.3336114489994,0.6033495390001917,ok,0.22309494018554688,0.011598302472022272,0.011963129043579102
2218,658.5010430439997,0.7721771930009709,ok,0.0611271858215332,0.011995167567812163,0.027075767517089844
2219,658.6675075170006,0.663652451001326,ok,0.3814544677734375,0.011603780414747156,0.011956453323364258
2220,658.8332362469991,0.5671804289995634,ok,0.20824527740478516,0.011598595257463127,0.011956453323364258
2221,659.0007361909993,0.6758092999989458,ok,0.0433809757232666,0.012491415958015286,0.02694082260131836
2222,659.1672646030001,1.1589018039994698,ok,0.39195823669433594,0.012797277549217487,0.026633501052856445
2223,659.3333331100002,0.550313207999352,ok,0.22906017303466797,0.011532306671142578,0.012101173400878906
2224,659.5006244460001,0.3830727210006444,ok,0.05712699890136719,0.011532306671142578,0.012101173400878906
2225,659.8340544780003,0.7710717119989567,ok,0.3841559886932373,0.011499804835165701,0.011977434158325195
2226,660.000924598,0.6962352200007444,ok,0.21099281311035156,0.011898535948533278,0.026880264282226562
2227,660.200358267999,0.8857400130000315,ok,0.38584089279174805,0.011473105067298525,0.012073993682861328
2228,660.4003539040004,0.7835558079987095,ok,0.18641066551208496,0.011784524333720304,0.014364480972290039
2229,660.8007097119989,0.9466443189994607,ok,0.40279126167297363,0.011847057125785133,0.026842594146728516
2230,661.0010817940001,0.7580973189997167,ok,0.20823335647583008,0.011840629577636718,0.026842594146728516
2231,661.2011320900001,0.8962264269994193,ok,0.39350199699401855,0.011930762267694241,0.026867151260375977
2232,661.4009033469993,0.7774866880008631,ok,0.18735218048095703,0.011883437633514404,0.026867151260375977
2233,661.6010520309992,1.1833428709996952,ok,0.38407230377197266,0.011821714314547453,0.026937007904052734
2234,661.8007057599989,0.7859255479997955,ok,0.18719983100891113,0.011886260947402643,0.026937007904052734
2235,662.0020909239993,0.7359300820007775,ok,0.38474583625793457,0.011611371204770845,0.012070178985595703
2236,662.2005780220006,0.6463659430010011,ok,0.17570996284484863,0.012039790282378325,0.02706289291381836
2237,662.4003091190007,0.8660110359996906,ok,0.38625097274780273,0.01197924112018786,0.026868343353271484
2238,662.6008066409995,0.6185646129997622,ok,0.1892690658569336,0.012008351438185749,0.026868343353271484
2239,662.8008508259991,0.8632017290001386,ok,0.3841073513031006,0.0120193644573814,0.026871681213378906
2240,663.0012265179994,0.609781875000408,ok,0.18709945678710938,0.011540249415806362,0.012232780456542969
2241,663.2505486659993,0.6199374820007506,ok,0.3856313228607178,0.011510359613518966,0.012039661407470703
2242,663.500956333999,0.411927552000634,ok,0.1326465606689453,0.011761264367537065,0.014462709426879883
2243,663.7502589720007,0.8892023440002959,ok,0.21192240715026855,0.01738265313600239,0.08724689483642578
2244,664.0002916829999,0.8072293719997106,ok,0.3860323429107666,0.012363545596599579,0.014320611953735352
2245,664.2508215399994,0.36583159399924625,ok,0.1417675018310547,0.011494146453009712,0.0120697021484375
2246,664.7506833150001,0.8440640860007989,ok,0.09545731544494629,0.017606235131984803,0.09236931800842285
2247,665.000721295999,0.8547836680008913,ok,0.3861711025238037,0.01239623874425888,0.014260053634643555
2248,665.333734971,0.3406838209994021,ok,0.0985112190246582,0.011478148008647718,0.012079715728759766
2249,666.0005892930003,0.8344434859991452,ok,0.16186857223510742,0.01886425298802993,0.08733606338500977
2250,666.6682992690003,0.9694319089994679,ok,0.2040698528289795,0.01852930784225464,0.09202218055725098
2251,667.0005770200005,0.9717204200005654,ok,0.39260029792785645,0.011556846754891532,0.011839628219604492
2252,667.3338304919998,0.9563700969993079,ok,0.12924528121948242,0.011985405167536949,0.026684999465942383
2253,667.6679115280003,0.8584434370004601,ok,0.38578057289123535,0.011949263120952406,0.014400005340576172
2254,668.000471976,0.42710039600024174,ok,0.043239593505859375,0.011544096854425246,0.011784791946411133
2255,668.500768807,0.8787866780003242,ok,0.05916738510131836,0.017649745941162108,0.08971405029296875
2256,669.5008659699997,0.4952023730002111,ok,0.02589130401611328,0.021574111211867558,0.08766508102416992
2257,670.0002518189995,0.6987730079999892,ok,0.04651689529418945,0.018717590500326717,0.08751440048217773
2258,671.0009284869993,0.8503755829988222,ok,0.056238412857055664,0.017681295221502132,0.08765077590942383
2259,697.0016502559993,0.8701006030005374,ok,0.13558506965637207,0.017961162328720092,0.08740901947021484
2260,698.0020895889993,0.746377568000753,ok,0.1547253131866455,0.019626017274527716,0.08713746070861816
2261,700.0011188209992,0.9042311389985116,ok,0.09568357467651367,0.017614052030775283,0.09233927726745605
2262,701.000661140999,0.7050988390001294,ok,0.17728114128112793,0.01421029700173272,0.014749526977539062
2263,702.001016614,0.6535901060015021,ok,0.05513501167297363,0.019415616989135742,0.0873723030090332
2264,703.0021046309994,0.927368906999618,ok,0.12349128723144531,0.017509518729315863,0.08718657493591309
2265,704.0017215089993,0.6823682770009327,ok,0.023869991302490234,0.020065419375896454,0.08699703216552734
2266,705.0003597960003,0.915250076999655,ok,0.15094971656799316,0.017819989295232864,0.09223699569702148
2267,706.0008978269998,0.6837539549997018,ok,0.03099226951599121,0.018724834217744714,0.08728194236755371
2268,707.0002909159994,0.7284798840009898,ok,0.16517400741577148,0.020040176532886648,0.08743619918823242
2269,708.0011888419995,1.0289616850004677,ok,0.34572386741638184,0.013932638979972677,0.027384042739868164
2270,708.500311636999,0.9555013919998601,ok,0.3841676712036133,0.013496474521916086,0.026370525360107422
2271,709.0010652580004,0.8751969870008907,ok,0.39115285873413086,0.01365503844092874,0.014394283294677734
2272,709.5009914050006,0.9587412660002883,ok,0.3941986560821533,0.014257725916410747,0.026469707489013672
2273,710.0003229880003,1.0464982580015203,ok,0.3962550163269043,0.013474307161696415,0.026590347290039062
2274,710.50088469,0.9060378320009477,ok,0.39281368255615234,0.013099498218960233,0.014289379119873047
2275,711.0004986900003,1.0530429929985985,ok,0.3823530673980713,0.013477797309557596,0.0261080265045166
2276,711.5011364309994,0.7190278719990602,ok,0.3892209529876709,0.012518491744995117,0.01423025131225586
2277,712.0011415879999,0.9816496240000561,ok,0.2645113468170166,0.017924180397620566,0.08745837211608887
2278,712.5004351499992,0.9915661320010258,ok,0.39158010482788086,0.013449502545733785,0.026267051696777344
2279,713.0019695239989,0.7539026319991535,ok,0.38905835151672363,0.013168555039625902,0.014250755310058594
2280,713.5002162639994,0.915783761000057,ok,0.2927126884460449,0.014062228656950452,0.014630317687988281
2281,714.0005295079991,1.0423636420000548,ok,0.3954126834869385,0.013634588407433552,0.025751829147338867
2282,714.5001956569995,0.9621688360002736,ok,0.39127182960510254,0.013294353717710913,0.026459217071533203
2283,715.0005315409999,0.9740558170014992,ok,0.39604926109313965,0.013564191213468225,0.014234542846679688
2284,716.5005385189997,0.9275362129992573,ok,0.05487775802612305,0.01753015420874771,0.08727645874023438
2285,717.0010130909995,0.8839470139992045,ok,0.3912384510040283,0.013718429733725154,0.01422429084777832
2286,718.0009799319996,0.7888013120009418,ok,0.13360881805419922,0.01887074638815487,0.08727574348449707
2287,718.3336966349998,1.0917435699993803,ok,0.3931443691253662,0.0139141034106819,0.02615952491760254
2288,719.000404638,0.7664576870010933,ok,0.38925647735595703,0.011393985440654139,0.01169276237487793
2289,719.3341112119997,0.6132489070005249,ok,0.05608725547790527,0.012080642310055819,0.014268636703491211
2290,719.6678130359996,0.8106436109992501,ok,0.3110172748565674,0.01405645118040197,0.014499902725219727
2291,720.3338732049997,0.5331748210010119,ok,0.18506932258605957,0.02754529317220052,0.08742403984069824
2292,720.6677023880002,0.8618627559990273,ok,0.16595220565795898,0.019293362094509985,0.08728623390197754
2293,721.0010439649996,0.9289623189997656,ok,0.3829066753387451,0.011701009212396083,0.014279842376708984
2294,721.3335005690005,0.5267818930005888,ok,0.11243987083435059,0.01143780876608456,0.012093305587768555
2295,722.0004933799992,0.6602401069994812,ok,0.15695834159851074,0.021364591338417747,0.08762168884277344
2296,722.6679049979994,0.6822630640017451,ok,0.04336905479431152,0.01888269366640033,0.0877220630645752
2297,723.0004321510005,0.8495444070013036,ok,0.36664628982543945,0.01145065426826477,0.01174306869506836
2298,723.3341060950006,0.5724938439998368,ok,0.04402780532836914,0.011642521077936346,0.014534473419189453
2299,723.6675019009999,0.8819986279995646,ok,0.2803826332092285,0.01871479711224956,0.08719301223754883
2300,724.0006103390006,0.8806231099988509,ok,0.38596439361572266,0.011460616475059873,0.011930704116821289
2301,724.3342437539995,0.7416959809997934,ok,0.042748212814331055,0.012017046321522106,0.014391183853149414
2302,724.6687387599995,0.9254767179991177,ok,0.38839006423950195,0.012921202182769775,0.014254331588745117
2303,725.000775827999,0.24599065000074916,ok,0.05621671676635742,0.011440610885620118,0.01186227798461914
2304,725.3349197070002,0.8796570169997722,ok,0.29317331314086914,0.014077281951904297,0.014693737030029297
2305,726.0007758869997,1.0548235949991067,ok,0.2501950263977051,0.017178436984186588,0.0877542495727539
2306,726.5007490019998,0.6353116619993671,ok,0.3862030506134033,0.011532580852508545,0.01215362548828125
2307,726.7511494360006,0.6987644359996921,ok,0.1270599365234375,0.012955041158766974,0.026897192001342773
2308,727.0008394460001,0.8790086019998853,ok,0.39339470863342285,0.012188415778310676,0.014310598373413086
2309,727.2502274079998,0.4622100579999824,ok,0.1404430866241455,0.011466906620905949,0.01220703125
2310,727.5010761880003,0.8680910820003191,ok,0.40291357040405273,0.011480893844213242,0.011525630950927734
2311,727.7506031390003,0.8099599039996974,ok,0.15510034561157227,0.01183434768959328,0.02703261375427246
2312,728.0003565579991,0.9106785290005064,ok,0.3858067989349365,0.01221666684964808,0.026969194412231445
2313,728.2508301020007,0.5511188899999979,ok,0.1444711685180664,0.011519284809336942,0.011867284774780273
2314,728.5006647999999,0.8671754200004216,ok,0.3847689628601074,0.011962102009699894,0.014515161514282227
2315,728.7508895449992,0.5044872479993501,ok,0.13151860237121582,0.011492283113541142,0.012092113494873047
2316,729.2505039730004,0.7506986049993429,ok,0.1656360626220703,0.01952984415251633,0.09178590774536133
2317,729.7506208960003,0.8277418659999967,ok,0.2850828170776367,0.011556789610120985,0.01234579086303711
2318,730.0005074540004,0.592102700000396,ok,0.04422712326049805,0.011555775352146315,0.01234579086303711
2319,730.2513817939998,0.7078283600003488,ok,0.36960768699645996,0.011538267135620117,0.011808395385742188
2320,730.500167840999,0.6923045690000436,ok,0.11555743217468262,0.012643320993943647,0.027374982833862305
2321,730.7505234349992,0.867864013000144,ok,0.3828263282775879,0.01153009533882141,0.012105703353881836
2322,731.0003685129996,0.8103702099997463,ok,0.1432783603668213,0.011877653815529562,0.02738642692565918
2323,731.2506593180005,0.7583705410015682,ok,0.3864779472351074,0.011552000045776367,0.012156248092651367
2324,731.5014181679999,0.4931876109985751,ok,0.1447441577911377,0.011554191852438039,0.012156248092651367
2325,731.7517213430001,0.9125104930008092,ok,0.28499817848205566,0.016757680310143366,0.08469915390014648
2326,732.0007664179993,0.5538104170009319,ok,0.03990626335144043,0.017041387229130185,0.08469915390014648
2327,732.2506958249996,0.7914672269998846,ok,0.3870387077331543,0.012937506039937338,0.014369487762451172
2328,732.500483763999,0.2893810299992765,ok,0.13129091262817383,0.011511147022247314,0.01211404800415039
2329,732.7504498809994,1.0016481239999848,ok,0.32630443572998047,0.012665294683896579,0.026946306228637695
2330,733.0014762689989,0.35721766800088517,ok,0.06742691993713379,0.011540060457975967,0.012056827545166016
2331,733.200471139,0.9342316929996741,ok,0.3930079936981201,0.013036179542541503,0.026819944381713867
2332,733.600355343,0.7522022720004315,ok,0.3938300609588623,0.0115029894072434,0.012069463729858398
2333,733.800279305,0.8160889020000468,ok,0.19843339920043945,0.012701643274185504,0.026744604110717773
2334,734.2008871130001,0.9018790910013195,ok,0.38872551918029785,0.011881482033502488,0.02666926383972168
2335,734.4007151360001,0.6217086940014269,ok,0.18306851387023926,0.011946010589599609,0.02666926383972168
2336,734.6005738980002,0.859851068998978,ok,0.3936915397644043,0.013246830771951115,0.026376724243164062
2337,734.8006569789995,0.348266541999692,ok,0.18645811080932617,0.011602620283762613,0.012168645858764648
2338,735.000295812999,1.0770392779995746,ok,0.39190053939819336,0.011841305664607457,0.026569366455078125
2339,735.2020477799997,0.5556349419985054,ok,0.19683003425598145,0.011469292640686034,0.011796951293945312
2340,735.401308728,0.7102982090000296,ok,0.386688232421875,0.011514526147108812,0.011857986450195312
2341,735.6006817140005,0.5109661429996777,ok,0.19158267974853516,0.011514526147108812,0.011857986450195312
2342,735.8008851239993,0.9895745230005559,ok,0.3288419246673584,0.013269638021787008,0.04434919357299805
2343,736.000634656999,0.4061246220007888,ok,0.13366031646728516,0.011532490903680975,0.011766195297241211
2344,736.2007490880005,0.8950753770004667,ok,0.3956115245819092,0.012908664909568993,0.04434919357299805
2345,736.401221995,0.7992783409990807,ok,0.19946074485778809,0.012659430503845215,0.04434919357299805
2346,736.6010761880007,0.9746473860013793,ok,0.387831449508667,0.011942997574806213,0.027487993240356445
2347,736.8006243729997,0.6011071650009399,ok,0.17699837684631348,0.01160902687997529,0.012098073959350586
2348,737.0002935169996,0.9149884620001103,ok,0.3862466812133789,0.011961826058321221,0.027161359786987305
2349,737.2005463160003,0.7381096179997257,ok,0.17688202857971191,0.011951404147677952,0.027161359786987305
2350,737.4005536170007,0.8317811910001183,ok,0.38541364669799805,0.012040540150233677,0.027354001998901367
2351,737.6008877450004,0.6198434490015643,ok,0.188065767288208,0.01205292168785544,0.027354001998901367
2352,737.8004092810006,0.9327038739993441,ok,0.38536834716796875,0.011928043582222679,0.02739095687866211
2353,738.0011095959999,0.8365353720000712,ok,0.1880943775177002,0.011876969967248305,0.02739095687866211
2354,738.2008499389995,0.9525405999993382,ok,0.38458776473999023,0.012186246448092991,0.02731037139892578
2355,738.4006119229998,0.5177498060002108,ok,0.18797659873962402,0.011616441938612197,0.012262344360351562
2356,738.6008710919996,0.5869844009994267,ok,0.38498425483703613,0.01162707805633545,0.012242317199707031
2357,738.8013003489996,0.4862049969997315,ok,0.17629575729370117,0.012305539587269659,0.014520883560180664
2358,739.0001850400004,0.8304978309988655,ok,0.3259093761444092,0.01194891697022973,0.027173995971679688
2359,739.2020182159995,0.6750357209984941,ok,0.11188340187072754,0.011926052305433485,0.027173995971679688
2360,739.4013421119998,1.0685589169988816,ok,0.38451576232910156,0.012284848425123427,0.02725815773010254
2361,739.6011989449999,0.4608949869998469,ok,0.18808960914611816,0.011623024940490723,0.012163639068603516
2362,739.8003366829998,0.9738182529999904,ok,0.3844425678253174,0.012639326519436306,0.014569282531738281
2363,740.0005239029997,0.5041957280009228,ok,0.18713712692260742,0.011606555718642015,0.012146472930908203
2364,740.4011389299994,0.9183470320003835,ok,0.393280029296875,0.011969611758277529,0.027557373046875
2365,740.6009333719994,0.6719856969993998,ok,0.20046091079711914,0.011997574254086143,0.027557373046875
2366,740.8003627189992,0.9717902900010813,ok,0.3886537551879883,0.012123944911550968,0.027544260025024414
2367,741.0020656449997,0.548806038001203,ok,0.17742013931274414,0.01162420113881429,0.012108325958251953
2368,741.2019439270007,1.2198953520000941,ok,0.3949391841888428,0.01270891371227446,0.027365446090698242
2369,741.6007293099992,0.7819885730004899,ok,0.3850271701812744,0.011626915498213335,0.012164592742919922
2370,741.8003336439997,0.5125866279995535,ok,0.17196297645568848,0.011617219006573712,0.012164592742919922
2371,742.0010179189994,0.9889878469984978,ok,0.38666629791259766,0.01209030548731486,0.027373075485229492
2372,742.2004890349999,0.5450478780003323,ok,0.18962454795837402,0.01158276919660897,0.012052059173583984
2373,742.4018519740002,0.726936819999537,ok,0.39354491233825684,0.011614596402203595,0.012185811996459961
2374,742.6004339369993,0.806058424001094,ok,0.1965935230255127,0.0120639655054832,0.02688312530517578
2375,742.8002096300006,0.9803336179993494,ok,0.38464856147766113,0.012654107549916143,0.027297496795654297
2376,743.2004846500004,1.0464123799993104,ok,0.3956155776977539,0.011873222746939029,0.02727031707763672
2377,743.4009218369993,0.6839222069993411,ok,0.19949841499328613,0.011976364331367688,0.02727031707763672
2378,743.6007131200004,0.7802285469988419,ok,0.38897132873535156,0.012118831757576234,0.014510631561279297
2379,743.8007113809999,0.4810920090003492,ok,0.18763446807861328,0.011620193719863892,0.012239933013916016
2380,744.0010260489998,0.8421132740004396,ok,0.4079432487487793,0.012278535786797018,0.01465296745300293
2381,744.251056404999,0.4493721019989607,ok,0.1528310775756836,0.011552055676778158,0.011904239654541016
2382,744.7506058809995,1.0857035429999087,ok,0.12925076484680176,0.01537092396470367,0.08716726303100586
2383,745.0007406660006,0.6400942689997464,ok,0.38414549827575684,0.011508169628324964,0.012072324752807617
2384,745.2512713269989,0.67683767500057,ok,0.12720584869384766,0.012027545408769087,0.026527881622314453
2385,745.5006576579999,0.9565098250004667,ok,0.3905973434448242,0.011704896358733482,0.014294624328613281
2386,745.7511282710002,0.6224515070007328,ok,0.1375443935394287,0.011433607194481827,0.011782646179199219
2387,746.250858854999,0.7500261469995166,ok,0.2502100467681885,0.02085398591083029,0.09214186668395996
2388,746.5004115949996,0.8480801040004735,ok,0.3941311836242676,0.012519645690917968,0.014397382736206055
2389,746.7509975760004,0.38715746800153283,ok,0.11603999137878418,0.011508584022521973,0.012119531631469727
2390,747.2503657630004,0.9070308850004949,ok,0.1359999179840088,0.01694025234742598,0.08720541000366211
2391,747.5010321230002,1.0003050409995922,ok,0.3957643508911133,0.012797762047160755,0.026662588119506836
2392,747.7505626029997,0.38359676800064335,ok,0.16991329193115234,0.011538603726555319,0.011888504028320312
2393,748.001490360999,0.7782229040003585,ok,0.3898954391479492,0.011892587907852666,0.0143890380859375
2394,748.3336955350005,0.36173615899861034,ok,0.056793212890625,0.011476593017578125,0.011881589889526367
2395,748.6676295349989,0.7696575239988306,ok,0.1590278148651123,0.019085876403316375,0.11901068687438965
2396,749.0004288839991,0.8458859520014812,ok,0.4030768871307373,0.01148182898759842,0.011537551879882812
2397,749.3341159350002,0.6117189140004484,ok,0.12790656089782715,0.011907418568929037,0.014568805694580078
2398,749.6678883759996,1.1950155850008741,ok,0.3121967315673828,0.013956239146571006,0.026346206665039062
2399,750.3335521619993,0.8382860049987357,ok,0.38239526748657227,0.011484942938152113,0.011795520782470703
2400,750.6672651739991,0.518708706000325,ok,0.04276466369628906,0.011484011625632262,0.011795520782470703
2401,751.00041624,0.7552767039996979,ok,0.2186880111694336,0.020462989807128906,0.08729124069213867
2402,751.5003043220004,0.7171628890009742,ok,0.2903907299041748,0.014202117919921875,0.015081167221069336
2403,752.0003883619993,1.0274330749998626,ok,0.25313806533813477,0.017652677935223248,0.08746623992919922
2404,752.501109408,0.8188989539994509,ok,0.38440489768981934,0.013171360410492996,0.014312505722045898
2405,753.0003474149999,0.5756626430011238,ok,0.3455078601837158,0.014115730921427408,0.014365911483764648
2406,753.5006018240001,0.6535357069988095,ok,0.12318110466003418,0.020456409454345702,0.08691096305847168
2407,754.5003213879991,0.6675026110006002,ok,0.16943120956420898,0.021382938731800426,0.08723688125610352
2408,755.0007661050004,0.96727525300048,ok,0.2069387435913086,0.01790053088490556,0.08764433860778809
2409,756.0015076710006,0.7036615910001274,ok,0.05203557014465332,0.01870001063627355,0.08760333061218262
2410,757.0009430070004,0.5983332539999537,ok,0.05471348762512207,0.020290594834547777,0.08734488487243652
2411,809.0010479100001,0.8397740210002667,ok,0.15755605697631836,0.01850283808178372,0.09217453002929688
2412,810.0004258839999,1.0289728280004056,ok,0.1651911735534668,0.017267704010009766,0.08736467361450195
2413,811.0010488970001,0.7913410229994042,ok,0.06576728820800781,0.017879180419139374,0.08731389045715332
2414,812.0005450200006,0.5389051399997697,ok,0.09615135192871094,0.022446946093910618,0.08709716796875
2415,812.5010877189998,0.6018762969997624,ok,0.08113837242126465,0.020686229070027668,0.08729743957519531
2416,813.0012704820001,0.9268385260002105,ok,0.1511380672454834,0.018117229143778484,0.08708477020263672
2417,813.5005219920004,0.580813031998332,ok,0.39231109619140625,0.013544758160909018,0.014302492141723633
2418,814.001308199,0.7249996239988832,ok,0.12195253372192383,0.01929341952006022,0.08755660057067871
2419,814.333491207999,1.107663983000748,ok,0.3434886932373047,0.012451246932700829,0.026813268661499023
2420,814.6673418829996,0.5144873829995049,ok,0.08620166778564453,0.011480589707692465,0.011809825897216797
2421,815.0009990500002,0.7489211739994062,ok,0.3849303722381592,0.011464357376098633,0.011826515197753906
2422,815.3341059609993,0.583923517000585,ok,0.057172536849975586,0.012139558792114258,0.014366626739501953
2423,815.6677557370003,1.0219077649999235,ok,0.2926673889160156,0.013254046440124512,0.026142597198486328
2424,816.0013543240002,0.8292240569990099,ok,0.3847482204437256,0.012169333866664342,0.014450788497924805
2425,817.0006260669998,0.9395323100015958,ok,0.14030003547668457,0.016357441743214924,0.0874013900756836
2426,817.2508709670001,0.8971844520001468,ok,0.3931875228881836,0.01142902033669608,0.01172184944152832
2427,817.5005143519993,0.6335020730002725,ok,0.1400318145751953,0.011429280769534228,0.01172184944152832
2428,818.0003532970004,0.7736959890007711,ok,0.19151687622070312,0.020821112173574942,0.0868539810180664
2429,818.2502704889994,0.7548650050011929,ok,0.3889040946960449,0.011577765146891275,0.011945724487304688
2430,818.5007152369999,0.5471848609995504,ok,0.12964272499084473,0.011749260353319572,0.014623165130615234
2431,818.750437011,0.8233371349997469,ok,0.3258037567138672,0.011563208045029059,0.01255488395690918
2432,819.0003895329992,0.6590676309988339,ok,0.08296537399291992,0.01190315916183147,0.027493715286254883
2433,819.200526098999,0.9968421230005333,ok,0.3845551013946533,0.011936802864074707,0.02731490135192871
2434,819.4009944019999,0.5693451870010904,ok,0.1766676902770996,0.01156364381313324,0.012363195419311523
2435,819.6009553499989,0.7748444879998715,ok,0.3871786594390869,0.011671843067292244,0.01452183723449707
2436,819.8007015999992,0.5465686850002385,ok,0.19092583656311035,0.011579275131225586,0.0121612548828125
2437,820.0007081370004,0.8692780129986204,ok,0.39435696601867676,0.011824727058410645,0.014638900756835938
2438,820.2005405260006,0.5978283599997667,ok,0.1973869800567627,0.01152726375695431,0.011792421340942383
2439,820.6011876949997,0.7399578189997555,ok,0.30221033096313477,0.018813230774619362,0.08458971977233887
2440,820.800520707,0.7951243600000453,ok,0.10245060920715332,0.01630348694033739,0.08458971977233887
2441,821.0009275409993,0.8709485990002577,ok,0.3836400508880615,0.011509088908924776,0.01211237907409668
2442,821.2007984489992,0.6825833050006622,ok,0.2652435302734375,0.01150860105242048,0.01211237907409668
2443,821.401344341999,0.6991631670007337,ok,0.05713701248168945,0.012160090839161593,0.0268709659576416
2444,821.6008024439998,0.8128692109985423,ok,0.38920068740844727,0.0114669028450461,0.011874198913574219
2445,821.8005826230001,0.7049172090009961,ok,0.19392132759094238,0.01183768113454183,0.02679157257080078
2446,822.0005022410005,0.7798281260002113,ok,0.39260172843933105,0.01148337870836258,0.012140512466430664
2447,822.1689692700002,0.7485194470009446,ok,0.2203686237335205,0.011475855653936213,0.012140512466430664
2448,822.3333282040003,0.6679666869986249,ok,0.06029391288757324,0.011725659370422364,0.014295578002929688
2449,822.6680173210007,0.7400521870004013,ok,0.35520434379577637,0.011674142652942289,0.014472007751464844
2450,822.8334879449994,0.531934127000568,ok,0.19453215599060059,0.01148031439099993,0.011574983596801758
2451,823.0007115449989,0.3529628549986228,ok,0.029680490493774414,0.01147680812411838,0.01156306266784668
2452,823.3333311890001,0.6761983179985691,ok,0.11998939514160156,0.019838121202256944,0.08718657493591309
2453,823.5010529049996,0.9252594970002974,ok,0.3827958106994629,0.011839528416478357,0.02687382698059082
2454,823.8340493859996,0.5535844570003974,ok,0.05699634552001953,0.011482157358309118,0.012009143829345703
2455,824.0003467530005,0.8047507490009593,ok,0.39325451850891113,0.011503079358269186,0.01194620132446289
2456,824.1680841289999,0.5225007150002057,ok,0.2325131893157959,0.011511971553166708,0.01194620132446289
2457,824.3335111430006,0.5417107260000193,ok,0.06068062782287598,0.011767436296511918,0.014340877532958984
2458,824.5005016550003,1.153036751999025,ok,0.4003794193267822,0.01185014170985068,0.02715134620666504
2459,824.6672121190004,0.7659760310016281,ok,0.22803354263305664,0.011945779933485874,0.02715134620666504
2460,824.8332627380005,0.5998698119983601,ok,0.05942368507385254,0.011945779933485874,0.02715134620666504
2461,825.0005129170004,0.7575862309986405,ok,0.38602137565612793,0.011647391319274902,0.012069463729858398
2462,825.143325609999,0.7123961259985663,ok,0.24678277969360352,0.012080450315733213,0.02739691734313965
2463,825.2877374290001,0.544592501999432,ok,0.09618330001831055,0.011640616825648717,0.012069463729858398
2464,825.4293814209996,0.85827760400025,ok,0.38706398010253906,0.012021723546479878,0.02704000473022461
2465,825.5714354499996,0.5621427860005497,ok,0.23585796356201172,0.01163626634157621,0.012264251708984375
2466,825.7158032000007,0.5217612609994831,ok,0.09626150131225586,0.011620787211826869,0.012264251708984375
2467,825.8578846979999,0.7985267009989911,ok,0.38542985916137695,0.013920034681047713,0.014555931091308594
2468,826.2867208530006,1.0317340510009672,ok,0.38582468032836914,0.011889929954822246,0.027556419372558594
2469,826.5730352320006,0.594013300998995,ok,0.1021273136138916,0.011968569877820138,0.027556419372558594
2470,826.715011500999,1.0835003609990963,ok,0.38466835021972656,0.011914391266672235,0.027100324630737305
2471,826.8585013880001,0.7424708760008798,ok,0.24620938301086426,0.012035244703292846,0.027100324630737305
2472,827.0018743759993,0.599150247999205,ok,0.09605193138122559,0.012035244703292846,0.027100324630737305
2473,827.1262627519991,0.9694263990004401,ok,0.3871338367462158,0.012019984265591236,0.027398109436035156
2474,827.3756316979998,0.4808245819986041,ok,0.13078641891479492,0.011652793203081404,0.012095928192138672
2475,827.5009950259991,0.6177334229996632,ok,0.3824944496154785,0.01162510169179816,0.012151479721069336
2476,827.6251821330006,0.7296100230014417,ok,0.2503855228424072,0.012020995742396304,0.02738785743713379
2477,827.750860958,0.5809146599985979,ok,0.12276959419250488,0.012034561898973253,0.02738785743713379
2478,827.8757624589998,0.6179100619992823,ok,0.39490795135498047,0.011654668384128146,0.012132883071899414
2479,828.0011303869996,0.728399083000113,ok,0.2582387924194336,0.012038765726862726,0.027308225631713867
2480,828.125888659999,0.6153842019994045,ok,0.14180994033813477,0.012028248686539499,0.027308225631713867
2481,828.2504265839998,0.9356466799999907,ok,0.39023852348327637,0.011970249089327726,0.026729822158813477
2482,828.37594928,0.7406890509992081,ok,0.26935291290283203,0.012020293035005269,0.026729822158813477
2483,828.5008333019996,0.4147894110010384,ok,0.1418159008026123,0.011647712100635876,0.01210474967956543
2484,828.6261906990003,0.7106101509998553,ok,0.3901641368865967,0.01162889370551476,0.011918783187866211
2485,828.7514416279992,0.7173196550011198,ok,0.26917386054992676,0.012054218186272515,0.027103424072265625
2486,828.8758091340005,0.5812640959993587,ok,0.14192748069763184,0.012067031860351563,0.027103424072265625
2487,829.0007941540007,0.9239694370007783,ok,0.3902909755706787,0.01197031486866086,0.02666950225830078
2488,829.1267981969995,0.6700453089997609,ok,0.2586634159088135,0.012073241174221039,0.02666950225830078
2489,829.250242189999,0.6046840319995681,ok,0.14258933067321777,0.01202386778754157,0.02666950225830078
2490,829.3759511650005,0.831840471999385,ok,0.38962531089782715,0.012079307011195592,0.02755451202392578
2491,829.500910024999,0.8918768240000645,ok,0.26912426948547363,0.011925856272379557,0.02755451202392578
2492,829.6252369319991,0.43845654299911985,ok,0.1419234275817871,0.011639177799224854,0.011973857879638672
2493,829.7508623069989,0.8430479390008259,ok,0.39038872718811035,0.012049224641587999,0.026643753051757812
2494,829.8760703659991,0.659698543999184,ok,0.2701239585876465,0.01161508406362226,0.012166500091552734
2495,830.0009559169994,0.5580184699992969,ok,0.14257550239562988,0.012080980069709547,0.026643753051757812
2496,830.1258714680007,0.9718678379995254,ok,0.3900942802429199,0.012785960327495228,0.04848432540893555
2497,830.2509566379995,0.858647689999998,ok,0.2694823741912842,0.012759648429022896,0.04848432540893555
2498,830.3753205840003,0.41532360600103857,ok,0.14225220680236816,0.011624282056635077,0.011960983276367188
2499,830.501012789,0.9959564370001317,ok,0.38913488388061523,0.012770704601121985,0.04848432540893555
2500,830.751456525999,0.5714019979986915,ok,0.14184212684631348,0.013325260531517768,0.04848432540893555
2501,830.8758463319991,0.8184510829996725,ok,0.3926417827606201,0.0116281373160226,0.011998414993286133
2502,831.000957581,0.7219833660001314,ok,0.2711803913116455,0.011706558433738915,0.01461935043334961
2503,831.1257650829994,0.4180171739990328,ok,0.14275097846984863,0.01165570996024392,0.011998414993286133
2504,831.3760176920005,0.7272978919991147,ok,0.3729588985443115,0.011983335018157959,0.01458597183227539
2505,831.5001394400006,0.5318207169984817,ok,0.24482417106628418,0.011595456496528957,0.0118865966796875
2506,831.6259761130004,0.3712895230000868,ok,0.11722064018249512,0.011583399772644044,0.011631011962890625
2507,831.8754684189989,0.8593110029996751,ok,0.27519774436950684,0.01827497636118243,0.08701896667480469
2508,832.1255249089991,0.8778147100001661,ok,0.3880345821380615,0.011902952194213867,0.02638387680053711
2509,832.2516744299992,0.5292761380005686,ok,0.18735885620117188,0.011539892716841265,0.011873483657836914
2510,832.376060306,0.5925047920009092,ok,0.10033869743347168,0.011926386807415937,0.02638387680053711
2511,832.5004401810002,0.9315678630009643,ok,0.38520264625549316,0.01183878050910102,0.026306629180908203
2512,832.7509424079999,0.565982823000013,ok,0.12961316108703613,0.011925138745989118,0.026306629180908203
2513,832.876151507,0.6824795339998673,ok,0.3918883800506592,0.011545290549596151,0.011846303939819336
2514,833.0007229210005,0.6038744670004235,ok,0.26675868034362793,0.011544678892408098,0.011846303939819336
2515,833.1255894719998,0.7299186999989615,ok,0.14037418365478516,0.011956125497817993,0.026708126068115234
2516,833.2502651350005,0.9482228240012773,ok,0.39205312728881836,0.0128349122546968,0.02625441551208496
2517,833.5001822369995,0.4125921079994441,ok,0.1350102424621582,0.011539437554099342,0.01211094856262207
2518,833.7509866010005,1.0265950220000377,ok,0.38864994049072266,0.011800335003779484,0.026764631271362305
2519,833.8756814139997,0.5407632429996738,ok,0.27341794967651367,0.011490702629089355,0.0117950439453125
2520,834.0009849719991,0.6728092439989268,ok,0.14059185981750488,0.011851482613142146,0.026764631271362305
2521,834.1253585579998,0.8457076670001697,ok,0.3848752975463867,0.011746883392333984,0.014327764511108398
2522,834.2516424269998,0.6633375830006116,ok,0.2667360305786133,0.011546582886666962,0.012131214141845703
2523,834.3760036929998,0.42455997899924114,ok,0.1406543254852295,0.011582612991333008,0.012131214141845703
2524,834.6261917819993,0.9113801299990882,ok,0.36296725273132324,0.011912573467601429,0.027373552322387695
2525,834.7509757249991,0.7512230520005687,ok,0.24729537963867188,0.011926313725913443,0.027373552322387695
2526,834.8757477069994,0.3329075309993641,ok,0.12070155143737793,0.011498787823845358,0.011888742446899414
2527,835.0002425309995,1.0411383310001838,ok,0.3833584785461426,0.011935724402373692,0.026922941207885742
2528,835.1256307679996,0.8688354440000694,ok,0.2688770294189453,0.011948921242538763,0.026922941207885742
2529,835.2508205169997,0.8024441060006211,ok,0.14179682731628418,0.011931105896278663,0.026922941207885742
2530,835.3761774350005,0.7925950669996382,ok,0.39022326469421387,0.011675798531734583,0.012149810791015625
2531,835.501360713999,0.5636988709993602,ok,0.2578854560852051,0.011709233125050863,0.012149810791015625
2532,835.6257511690001,0.5573553840004024,ok,0.14190268516540527,0.011670736705555636,0.012149810791015625
2533,835.8769724800004,0.7811269440007891,ok,0.3344571590423584,0.011621195929391044,0.012535572052001953
2534,836.0006379610004,0.8194480239999393,ok,0.21741151809692383,0.011941053429428411,0.027167320251464844
2535,836.1252371350001,0.5561323439997068,ok,0.08913779258728027,0.01205168543635188,0.027167320251464844
2536,836.2502504749991,0.9056018679984845,ok,0.38617753982543945,0.011606770892475927,0.012085676193237305
2537,836.375654812,0.5952829590005422,ok,0.25885558128356934,0.011633678718849464,0.012085676193237305
2538,836.5010285989993,0.7543627659997583,ok,0.13108301162719727,0.01192173957824707,0.014558076858520508
2539,836.875236627,0.8640373930011265,ok,0.40822410583496094,0.011610664819416246,0.011990070343017578
2540,837.00109901,0.7034207090000564,ok,0.2805802822113037,0.011605371747698103,0.011990070343017578
2541,837.1254733850001,0.497453433001283,ok,0.1536712646484375,0.011592268943786621,0.011828184127807617
2542,837.2510554609999,0.5425902770002722,ok,0.030919551849365234,0.012076459279874475,0.027772903442382812
2543,837.3757380240004,0.9452041179993103,ok,0.3902716636657715,0.011992136637369791,0.02768850326538086
2544,837.501130360999,0.7151527909991273,ok,0.2626490592956543,0.01207500696182251,0.02768850326538086
2545,837.6261038709999,0.5311655519999476,ok,0.13469362258911133,0.011612215349751135,0.01221466064453125
2546,837.750441917,1.0174721170005796,ok,0.3908421993255615,0.011979991314457912,0.027617692947387695
2547,837.8758579940004,0.7755517890000192,ok,0.2586650848388672,0.012057752144045947,0.027617692947387695
2548,838.0002409190001,0.39058156200007943,ok,0.13126039505004883,0.011708533763885498,0.012258768081665039
2549,838.1256315259998,0.9036825340008363,ok,0.3923764228820801,0.012069056673747738,0.027560949325561523
2550,838.2504676179997,0.8023557859996799,ok,0.25923585891723633,0.012060248574545218,0.027560949325561523
2551,838.3761209129989,0.8160116519993608,ok,0.1428389549255371,0.011971534382213246,0.027560949325561523
2552,838.5010465239993,1.0450494970009458,ok,0.3924427032470703,0.01198504555900142,0.027883052825927734
2553,838.6262466219996,0.7226959390009142,ok,0.2597935199737549,0.012156837516360812,0.027883052825927734
2554,838.750663797,0.5401197379997029,ok,0.14318275451660156,0.011705060159006426,0.012212991714477539
2555,838.876139263999,1.0002982890000567,ok,0.3935356140136719,0.011983418951229173,0.02784872055053711
2556,839.0005425090003,0.7546339929995156,ok,0.27231717109680176,0.011651867628097534,0.012408971786499023
2557,839.1259909559994,0.5710262699994928,ok,0.14353585243225098,0.01165635245186942,0.012408971786499023
2558,839.3761048350007,0.9690209599993977,ok,0.38742661476135254,0.011963337025743849,0.027096986770629883
2559,839.5004794309989,0.6893073760002153,ok,0.2597930431365967,0.011624370302472795,0.01207423210144043
2560,839.6252936130004,0.6611448709991237,ok,0.14338421821594238,0.011624398685636975,0.01207423210144043
2561,839.7501854540005,0.6184913450015301,ok,0.015732526779174805,0.011957080996766383,0.027096986770629883
2562,839.8754107820005,0.9966142100001889,ok,0.38577818870544434,0.011958818046414122,0.02742600440979004
2563,840.0006752600002,0.766778331999376,ok,0.27002978324890137,0.012032240629196167,0.02742600440979004
2564,840.1260218970001,0.35855645800074853,ok,0.14252948760986328,0.011696380727431354,0.012215375900268555
2565,840.2509739779998,0.9387894209994556,ok,0.3906879425048828,0.011995673179626465,0.02729201316833496
2566,840.37582802,0.6974375979989418,ok,0.2695653438568115,0.012106075006372789,0.02729201316833496
2567,840.5007409409991,0.44085292300042056,ok,0.1420297622680664,0.011663069327672323,0.012142181396484375
2568,840.6260993579999,0.975456755999403,ok,0.3913540840148926,0.011986894810453374,0.027516841888427734
2569,840.7506962009993,0.9327044820001902,ok,0.27076196670532227,0.011946413252088759,0.027516841888427734
2570,840.8751914160002,0.5979314360010903,ok,0.1425468921661377,0.01207667589187622,0.027516841888427734
2571,841.0017736730006,0.97741127900008,ok,0.3908824920654297,0.012294131776560907,0.027478933334350586
2572,841.1264528760003,0.5570220360004896,ok,0.27048301696777344,0.011708373608796493,0.012212038040161133
2573,841.2509318899993,0.42050398200080963,ok,0.14272594451904297,0.01171233437278054,0.012212038040161133
2574,841.3752769660005,0.7432294669997646,ok,0.3834724426269531,0.011614413096986968,0.01201629638671875
2575,841.5002624959998,0.5835524260000966,ok,0.2622690200805664,0.011610278716454139,0.01201629638671875
2576,841.6257247630001,0.5933463640012633,ok,0.1338059902191162,0.012137730916341146,0.027776002883911133
2577,841.7507598230004,1.1667593029997079,ok,0.39382076263427734,0.012750818811613938,0.049269914627075195
2578,841.8754812349998,0.5635656120011845,ok,0.2622363567352295,0.011606136957804361,0.01219487190246582
2579,842.0003512459989,0.43863711199992395,ok,0.14606142044067383,0.011606136957804361,0.01219487190246582
2580,842.1256708639994,0.8967289899992466,ok,0.39192724227905273,0.013117719340968776,0.049269914627075195
2581,842.2502297179999,0.7253098959990893,ok,0.2712986469268799,0.013284719351566198,0.049269914627075195
2582,842.5002194079989,0.9599068649986293,ok,0.3936755657196045,0.012080997890896268,0.027941465377807617
2583,842.6259363219997,0.9515460139991774,ok,0.24807000160217285,0.012023743716153232,0.027941465377807617
2584,842.7501773389995,0.6743881499987765,ok,0.14371705055236816,0.012096212023780459,0.027941465377807617
2585,842.8755699560006,0.9794735809991835,ok,0.3938748836517334,0.012463850445217556,0.027807950973510742
2586,843.0006995250005,0.6466641200004233,ok,0.27166152000427246,0.011776391665140789,0.01215982437133789
2587,843.126617377,0.5326895090001926,ok,0.14351487159729004,0.011772732580861738,0.01215982437133789
2588,843.250270429,0.42074084900013986,ok,0.02735447883605957,0.01177883893251419,0.01215982437133789
2589,843.3761693710003,0.9372504229995684,ok,0.3842761516571045,0.012017651037736372,0.0274505615234375
2590,843.500280319,0.9298097449991474,ok,0.2661733627319336,0.011952245676959003,0.0274505615234375
2591,843.6256456360006,0.4850819439998304,ok,0.13719868659973145,0.01164776086807251,0.012240409851074219
2592,843.7501912000007,0.8127188690014009,ok,0.39198803901672363,0.012167771657307943,0.027723073959350586
2593,843.8752130699995,1.0131208620005054,ok,0.27095460891723633,0.011922590068129242,0.027723073959350586
2594,844.0005840769991,0.6436154860002716,ok,0.14331603050231934,0.012079644203186034,0.027723073959350586
2595,844.1258916139996,0.813566221999281,ok,0.3925659656524658,0.012136683319554184,0.027334928512573242
2596,844.5002776599995,0.8337348840013874,ok,0.39209461212158203,0.011625548203786215,0.011917352676391602
2597,844.6261084130001,0.9001601719992323,ok,0.27114009857177734,0.011969991758757946,0.026578903198242188
2598,844.7508001360002,0.4671525430003385,ok,0.143263578414917,0.011621924547048716,0.011916875839233398
2599,844.8762003729989,0.4925940630000696,ok,0.015436410903930664,0.011629367486024514,0.011917352676391602
2600,845.0006367370006,0.8611965060008515,ok,0.3895118236541748,0.011590804809179062,0.01194906234741211
2601,845.1260233239991,0.585704278000776,ok,0.2618379592895508,0.011603749715364896,0.01194906234741211
2602,845.2511162939991,0.876399238999511,ok,0.13396644592285156,0.011957649389902751,0.027339696884155273
2603,845.5021822750005,0.8760453020004206,ok,0.3919808864593506,0.01277707682715522,0.026616573333740234
2604,845.625498428999,0.5019734440011234,ok,0.2757601737976074,0.011637528737386068,0.011809349060058594
2605,845.8758691660005,0.9704157169999235,ok,0.39382004737854004,0.011942702790965204,0.02712702751159668
2606,846.0008252169991,0.9154375140005868,ok,0.27364587783813477,0.0119209518799415,0.02712702751159668
2607,846.1261948039992,0.45990701299888315,ok,0.1425609588623047,0.011605329513549804,0.011944293975830078
2608,846.2509907250005,0.6303491960006795,ok,0.02895975112915039,0.011931842687178632,0.02712702751159668
2609,846.3752492719996,0.8348615539998718,ok,0.38588571548461914,0.012059854136572944,0.02655959129333496
2610,846.5005078199993,0.8835301990002336,ok,0.25832319259643555,0.01192476702671425,0.02655959129333496
2611,846.6252607719998,0.4647563930011529,ok,0.13078522682189941,0.01165114508734809,0.011970281600952148
2612,846.7509542659991,0.8693931870002416,ok,0.38671445846557617,0.01201647367232885,0.027059078216552734
2613,846.8755025600003,0.895825966999837,ok,0.2584214210510254,0.011924165945786696,0.027059078216552734
2614,847.00046354,0.6430924600008439,ok,0.13045024871826172,0.012006067648166564,0.027059078216552734
2615,847.1251400130004,0.9919368979990395,ok,0.38794779777526855,0.012307489911715189,0.02632737159729004
2616,847.2502747819999,0.6598291600002995,ok,0.2583608627319336,0.01163884365197384,0.011974334716796875
2617,847.3756526289999,0.47665399399920716,ok,0.13099217414855957,0.01164853572845459,0.011974334716796875
2618,847.6254955999993,0.9345400349993724,ok,0.3924236297607422,0.011906428770585493,0.026698589324951172
2619,847.7520521469996,0.7731372480011487,ok,0.26459383964538574,0.011921795403085104,0.026698589324951172
2620,848.0003072420004,0.9920820759998605,ok,0.38681697845458984,0.011920184505229093,0.026482820510864258
2621,848.1252266030006,0.7393210489990452,ok,0.2676677703857422,0.01199712878779361,0.026482820510864258
2622,848.2508481080004,0.6487361720010085,ok,0.14125943183898926,0.011979946276036704,0.026482820510864258
2623,848.3752032829998,0.9002317400008906,ok,0.3889446258544922,0.012015354342576934,0.027212142944335938
2624,848.5011926850002,0.7860548499993456,ok,0.2577042579650879,0.012007191067650205,0.027212142944335938
2625,848.6252153730002,0.5570616050008539,ok,0.14149975776672363,0.012097264781142727,0.027212142944335938
2626,848.7508287580004,0.934751213000709,ok,0.3898320198059082,0.011991267854517157,0.026528358459472656
2627,848.8757159790002,0.669896945999426,ok,0.2582845687866211,0.012107409536838531,0.026528358459472656
2628,849.0005664599994,0.74347893400045,ok,0.14191198348999023,0.011958905628749303,0.026528358459472656
2629,849.1259375270001,0.8895992380003008,ok,0.39046549797058105,0.012051057815551759,0.027631521224975586
2630,849.2505032299996,0.6719455800011929,ok,0.2582113742828369,0.012141942977905273,0.027631521224975586
2631,849.3754542009992,0.7100734819996433,ok,0.14168405532836914,0.011997673822485882,0.027631521224975586
2632,849.5008218780004,0.9011968419999903,ok,0.39086031913757324,0.012001339982195599,0.026462078094482422
2633,849.625812278,0.6718935600001714,ok,0.2591590881347656,0.01210535317659378,0.026462078094482422
2634,849.7501930130002,0.535654852999869,ok,0.1423189640045166,0.011642233017952211,0.012238025665283203
2635,849.8755585199997,0.8726636490009696,ok,0.39080023765563965,0.011577785015106201,0.011949300765991211
2636,850.0006444190003,0.844486023999707,ok,0.26972460746765137,0.011909236299230698,0.02737879753112793
2637,850.1256851489998,0.3918988890000037,ok,0.14172697067260742,0.011622190475463867,0.011949300765991211
2638,850.375892307,0.700021865999588,ok,0.3851180076599121,0.011568839733417217,0.011876344680786133
2639,850.500246702999,0.6799100630014436,ok,0.25760650634765625,0.012260191368334221,0.02644515037536621
2640,850.6258169079993,0.3924685639995005,ok,0.13052892684936523,0.011567456381661552,0.011876344680786133
2641,850.7503765620004,0.8383626249997178,ok,0.38117456436157227,0.011993285771962759,0.026783227920532227
2642,850.8752884419991,0.6788241419999395,ok,0.25351810455322266,0.012020601945764878,0.026783227920532227
2643,851.000693128999,0.5295288440011063,ok,0.12668824195861816,0.011560328304767609,0.011906147003173828
2644,851.1254607009996,1.0228295489996526,ok,0.39093875885009766,0.011888114305642935,0.026889562606811523
2645,851.2503040219999,0.6157296469991707,ok,0.25710201263427734,0.01159112206820784,0.011986732482910156
2646,851.3755191500004,0.5990721050002321,ok,0.13013005256652832,0.012013332263843433,0.026889562606811523
2647,851.5009031970003,1.0692936729992653,ok,0.38911008834838867,0.011890453951699393,0.026825666427612305
2648,851.6259046369996,0.8866545219989348,ok,0.2573354244232178,0.011914664623784084,0.026825666427612305
2649,851.7505471700006,0.6452788910009986,ok,0.1304323673248291,0.011975439583382956,0.026825666427612305
2650,851.8761942040001,0.751671145999353,ok,0.3888673782348633,0.011649775505065917,0.011971235275268555
2651,852.0017570199998,0.5107487109999056,ok,0.25754523277282715,0.011663281917572021,0.011971235275268555
2652,852.1451306569998,0.5844923069998913,ok,0.11892104148864746,0.012192197748132655,0.026912450790405273
2653,852.2865321999998,0.80359940299968,ok,0.38098788261413574,0.011558423723493303,0.012018203735351562
2654,852.4299844859997,0.6459015959990211,ok,0.22930049896240234,0.011560664457433364,0.012018203735351562
2655,852.57136231,0.4239383929998439,ok,0.08944487571716309,0.011564016342163086,0.012018203735351562
2656,852.7144994890004,0.6280533239987562,ok,0.40399169921875,0.011612176895141602,0.01187276840209961
2657,852.8578461260004,0.7446058850000554,ok,0.25371837615966797,0.012008911524063502,0.02764296531677246
2658,853.0004710289995,0.6253111280002486,ok,0.1149752140045166,0.0119988162343095,0.02764296531677246
2659,853.1438555669993,0.7332838279999123,ok,0.38595128059387207,0.011854109940705475,0.014635562896728516
2660,853.4307740690001,0.4033462139996118,ok,0.1076047420501709,0.01164919137954712,0.012443065643310547
2661,853.5714805080006,0.7879059839997353,ok,0.3385128974914551,0.01162885975193333,0.01211857795715332
2662,853.7141545009999,0.7741897079995397,ok,0.1987621784210205,0.013004086738408999,0.04967141151428223
2663,853.8572676000003,0.5021782019994134,ok,0.05415701866149902,0.01162885975193333,0.01211857795715332
2664,854.0004572790003,0.8802526250001392,ok,0.39280033111572266,0.01286753018697103,0.04967141151428223
2665,854.1678650859994,0.6116819300004863,ok,0.23012614250183105,0.013009820665631975,0.04967141151428223
2666,854.3335349770005,0.5041090350005106,ok,0.06745171546936035,0.012806184364087654,0.04967141151428223
2667,854.5005119779998,0.8528244230001292,ok,0.39974451065063477,0.011628144496196025,0.011940717697143555
2668,854.6679294450005,0.7140370080014691,ok,0.2368319034576416,0.011704249259753104,0.014615774154663086
2669,854.8337210549998,0.4962843499997689,ok,0.07379412651062012,0.011619581495012556,0.011657953262329102
2670,855.0009870729991,0.9863707320000685,ok,0.4087953567504883,0.011961571713711353,0.02687692642211914
2671,855.1673877489993,0.6297036699997989,ok,0.2343733310699463,0.011626064777374268,0.011924505233764648
2672,855.3331691889998,0.6074451849999605,ok,0.07138967514038086,0.011984403743300327,0.02687692642211914
2673,855.5002103089992,0.6147959439986153,ok,0.38709592819213867,0.011661436822679307,0.011945724487304688
2674,855.6676208659992,0.9303861980006332,ok,0.21265554428100586,0.01237244691167559,0.02691340446472168
2675,855.8342453189998,0.5700321269996493,ok,0.049675703048706055,0.011613025221713754,0.011945724487304688
2676,856.1681737910003,0.8561918160012283,ok,0.38982558250427246,0.011536610432160206,0.01183938980102539
2677,856.5005301450001,0.5238928200014925,ok,0.057955026626586914,0.011536610432160206,0.01183938980102539
2678,856.8335934930001,0.9640482880004129,ok,0.2290802001953125,0.015261081939047955,0.08494853973388672
2679,857.0010027999997,0.7736183120014175,ok,0.05593276023864746,0.015419085820515951,0.08494853973388672
2680,857.2007894479993,0.7814272870000423,ok,0.39200711250305176,0.011568237234044957,0.011873006820678711
2681,857.4003131369991,0.7454028670017578,ok,0.2557199001312256,0.011544320641494379,0.011873006820678711
2682,857.6007688289992,0.5306390340010694,ok,0.049025774002075195,0.011546450853347778,0.011873006820678711
2683,857.8008044550006,0.8406686439993791,ok,0.366924524307251,0.011940360069274902,0.02691793441772461
2684,858.0013798660002,0.5901143189985305,ok,0.1708972454071045,0.011534425190516881,0.011776924133300781
2685,858.2010256939993,0.9705661930001952,ok,0.3956298828125,0.013494712550465653,0.02664947509765625
2686,858.6016577400005,0.7192385840007773,ok,0.39499425888061523,0.011515211175989222,0.011790752410888672
2687,858.8020274230003,0.8785695480000868,ok,0.18535780906677246,0.012893809722020077,0.02623581886291504
2688,859.251068386,0.9147782969994296,ok,0.3822965621948242,0.01145926741666572,0.011749505996704102
2689,859.5011407540005,0.6991479420012183,ok,0.14103436470031738,0.011800786723261293,0.02680063247680664
2690,859.7520976659998,0.8052183489999152,ok,0.3922405242919922,0.0121992826461792,0.014345407485961914
2691,860.0005285490006,0.41683368099984364,ok,0.14050984382629395,0.011487895792180841,0.01207423210144043
2692,860.2504758979994,0.586677638000765,ok,0.33886003494262695,0.011464166641235351,0.011945962905883789
2693,860.500560077,0.3938454930012085,ok,0.0806112289428711,0.011836300293604532,0.014668941497802734
2694,860.7508818940005,0.7464442580003379,ok,0.1901533603668213,0.020745690052325908,0.08783841133117676
2695,861.0008462240003,1.0393102500001987,ok,0.3853936195373535,0.013815659284591674,0.014328241348266602
2696,861.667602174999,1.0376026350004395,ok,0.3916289806365967,0.01193475264769334,0.014377355575561523
2697,862.0004907740004,0.5505482389999088,ok,0.05797767639160156,0.011432409286499023,0.011636972427368164
2698,862.333792170999,0.7720719839999219,ok,0.3915228843688965,0.014219455718994141,0.01441645622253418
2699,863.0006746700001,0.853177978999156,ok,0.15443634986877441,0.01840698396837389,0.0872955322265625
2700,863.3349494279992,0.7697503039998992,ok,0.3947010040283203,0.011429565293448312,0.011753559112548828
2701,863.6676302590004,0.6039744030003931,ok,0.09892821311950684,0.012118256092071534,0.014300107955932617
2702,864.5010834829991,0.7395521239996015,ok,0.10797929763793945,0.019166797399520874,0.08730602264404297
2703,865.0005538459991,0.8717369939986384,ok,0.27534914016723633,0.019567736263932854,0.08710741996765137
2704,866.0011104869991,0.7458040530000289,ok,0.13669204711914062,0.019133167882119457,0.08739805221557617
2705,867.001277112,0.8459689980008989,ok,0.06610465049743652,0.017762062161467796,0.08739733695983887
2706,868.0002833059989,0.7469718319989624,ok,0.16759538650512695,0.019831367901393344,0.087188720703125
2707,874.0008620949993,0.6073159930001566,ok,0.09290695190429688,0.020767927169799805,0.08719658851623535
2708,876.0010515929989,0.8706516809997993,ok,0.12243986129760742,0.017856958435802924,0.08729696273803711
2709,878.000769704,0.8528183299986267,ok,0.1453721523284912,0.018198697190535695,0.08720040321350098
2710,879.0004015909999,0.918651690999468,ok,0.16534757614135742,0.017531633377075195,0.08754682540893555
2711,879.3334998680002,0.927533467000103,ok,0.3953533172607422,0.011428146135239374,0.01173543930053711
2712,879.6683866290005,0.66231262600013,ok,0.08521199226379395,0.011646620770718189,0.014286279678344727
2713,880.3338543690006,0.7740501740008767,ok,0.04810690879821777,0.01826898868267353,0.08726358413696289
2714,880.6685363119996,0.9780996360004792,ok,0.39177441596984863,0.012450477812025282,0.014231204986572266
2715,881.0004014080005,0.368857688999924,ok,0.07024216651916504,0.011407651901245118,0.012076854705810547
2716,881.3334151959989,1.0678542680016108,ok,0.34236621856689453,0.0129461331800981,0.026102781295776367
2717,881.6678670809997,0.7219238480010972,ok,0.3868117332458496,0.011464365891047887,0.011696815490722656
2718,882.0008029679993,0.5401362730008259,ok,0.04242444038391113,0.012054810157189002,0.014291763305664062
2719,882.5004805879998,0.6261989860013273,ok,0.08048033714294434,0.019966327227078952,0.09208917617797852
2720,882.7502201779989,0.7523870459990576,ok,0.36815738677978516,0.01150520916642814,0.011703968048095703
2721,883.0007632119996,0.7855261989989231,ok,0.142686128616333,0.012547741130906708,0.014612674713134766
2722,883.5004452020003,0.7176266740007122,ok,0.32321596145629883,0.011529958609378698,0.01205134391784668
2723,883.7502266219999,0.5389627630011091,ok,0.06765627861022949,0.011825630539341977,0.014612436294555664
2724,884.0006207370006,0.9556674720006413,ok,0.31934595108032227,0.014304416124210802,0.0263519287109375
2725,884.5009445100004,0.9895393599999807,ok,0.38277411460876465,0.0126196405161982,0.026886701583862305
2726,884.750709390999,0.42354758299916284,ok,0.14154529571533203,0.011502452518628992,0.01177835464477539
2727,885.0004992800004,0.8718580400000064,ok,0.3838062286376953,0.011860257387161255,0.02660083770751953
2728,885.2014175269996,0.8322604799996043,ok,0.169144868850708,0.011779811647203233,0.02660083770751953
2729,885.401031935,0.5634378380000271,ok,0.3929433822631836,0.011544209260206956,0.011851787567138672
2730,885.6007058319992,0.7977774569990288,ok,0.1977701187133789,0.012431352696520216,0.026912689208984375
2731,885.8015805199993,1.0364003400009096,ok,0.38819169998168945,0.011764755788839088,0.025986909866333008
2732,886.0016242839993,0.652096668998638,ok,0.19200539588928223,0.01187620936213313,0.025986909866333008
2733,886.2015795089992,0.7050314780008193,ok,0.3926398754119873,0.01150864601135254,0.011810302734375
2734,886.4006435009996,0.6598326949988405,ok,0.19710803031921387,0.012264245086246066,0.026487350463867188
2735,886.6008838430007,1.0356248260013672,ok,0.3883368968963623,0.01173339949713813,0.026090383529663086
2736,886.8002163830006,0.6525511660001939,ok,0.18776941299438477,0.011839370978505988,0.026090383529663086
2737,887.0003094069998,0.9153605270003027,ok,0.39156675338745117,0.011477980502816133,0.011783123016357422
2738,887.1676934129991,0.5719833570001356,ok,0.21984481811523438,0.011497226254693392,0.011783123016357422
2739,887.3333729940005,0.5822379809997074,ok,0.048581600189208984,0.011477980502816133,0.011783123016357422
2740,887.5009405780002,0.9570030000013503,ok,0.3928685188293457,0.01180694932522981,0.026722431182861328
2741,887.6676848200004,0.6027340410000761,ok,0.23195314407348633,0.011479085491549584,0.012123823165893555
2742,887.8338820650006,0.6474642480006878,ok,0.06023859977722168,0.011799876888593039,0.026722431182861328
2743,888.0008673649991,0.8812697510002181,ok,0.3926553726196289,0.01148971115670553,0.011989116668701172
2744,888.1672594789998,0.5775944799988793,ok,0.22083473205566406,0.011504773435921505,0.011989116668701172
2745,888.333602663999,0.5749865910001972,ok,0.06036376953125,0.011487762133280436,0.011989116668701172
2746,888.5005196740003,0.6580577100012306,ok,0.3925755023956299,0.011398911476135254,0.011707782745361328
2747,888.6679530199999,0.5742804780002189,ok,0.22075366973876953,0.01185403551374163,0.014269351959228516
2748,889.1687272489999,0.9800897479999549,ok,0.10865306854248047,0.01584101606298376,0.0946493148803711
2749,889.3334221469995,0.8959630890003609,ok,0.38254785537719727,0.011466443538665771,0.011806964874267578
2750,889.5007765139999,0.8773193130000436,ok,0.29519152641296387,0.011463311253761758,0.011806964874267578
2751,889.6681735700004,0.7484703159989294,ok,0.12638616561889648,0.011766452415316713,0.026957035064697266
2752,890.0003455530004,0.9225469570010318,ok,0.3820328712463379,0.01177413897080855,0.026034832000732422
2753,890.286861257,0.5901063860001159,ok,0.09487104415893555,0.01179593801498413,0.026034832000732422
2754,890.4308089379992,1.0499234059989249,ok,0.39046478271484375,0.011837685549700702,0.026326894760131836
2755,890.5721466609994,0.6365278089997446,ok,0.25379037857055664,0.011476799845695496,0.01179814338684082
2756,890.7155108169991,0.40198359200076084,ok,0.10549092292785645,0.011489669481913248,0.01179814338684082
2757,890.8573323660003,0.855623404000653,ok,0.3862178325653076,0.01183805967632093,0.0259401798248291
2758,891.0010657490002,0.8328639229985129,ok,0.24815106391906738,0.012685722774929471,0.05141496658325195
2759,891.2877136120005,0.8016703030007193,ok,0.391770601272583,0.012951167424519856,0.05141496658325195
2760,891.4311180170007,0.7754644020005799,ok,0.2543678283691406,0.013301058819419459,0.05141496658325195
2761,891.5719277850003,0.42472028200063505,ok,0.1053764820098877,0.013436653397300026,0.05141496658325195
2762,891.7151133520001,0.9522428089985624,ok,0.384157657623291,0.01232762453032703,0.014578819274902344
2763,891.8580929710006,0.5456103760006954,ok,0.2791283130645752,0.011627299445016044,0.01200246810913086
2764,892.0008026229989,0.4959162790000846,ok,0.13951921463012695,0.011625832524792901,0.012057781219482422
2765,892.287044789,0.6785093690014037,ok,0.39928436279296875,0.011610009453513405,0.011888504028320312
2766,892.4308747809991,0.6618674870005634,ok,0.2594316005706787,0.01160239450859301,0.011888504028320312
2767,892.5719171159999,0.5605786610012728,ok,0.11600852012634277,0.01205739974975586,0.027582883834838867
2768,892.715050494,0.9194311420014856,ok,0.3862640857696533,0.011968501778536065,0.02698969841003418
2769,892.8577238359994,0.7192100600004778,ok,0.24709033966064453,0.012013341251172517,0.02698969841003418
2770,893.0007244049993,0.7150629539992224,ok,0.09616661071777344,0.01192091464996338,0.02698969841003418
2771,893.1267328550002,0.6471813799998927,ok,0.3857402801513672,0.011640707651774088,0.012044429779052734
2772,893.376099957999,0.6983838440010004,ok,0.13064956665039062,0.012968846729823522,0.026989459991455078
2773,893.6260855559995,0.8226526979997288,ok,0.381366491317749,0.012025315420968193,0.027318239212036133
2774,893.750226782,0.7911384510007338,ok,0.2534949779510498,0.01194408328034157,0.027318239212036133
2775,893.8761372240006,0.5378685710002173,ok,0.12814712524414062,0.012052483856678009,0.027318239212036133
2776,894.0004784779994,0.7876878389997728,ok,0.3870840072631836,0.012083247303962708,0.02689671516418457
2777,894.1256567050004,0.848483223000585,ok,0.2571265697479248,0.011935169498125711,0.02689671516418457
2778,894.2502287379994,0.805350262000502,ok,0.13032317161560059,0.011897256157614968,0.02689671516418457
2779,894.3758098819999,0.9737371789997269,ok,0.3858790397644043,0.011953408519426981,0.02680826187133789
2780,894.5019066419991,0.6228711519997887,ok,0.25733304023742676,0.011649425824483235,0.012166976928710938
2781,894.625493042,0.6543679099995643,ok,0.13007473945617676,0.012001752853393555,0.02680826187133789
2782,894.7508989580001,0.8741027390005911,ok,0.3869016170501709,0.012144706188104091,0.027390718460083008
2783,894.8763691929998,0.6001073709994671,ok,0.2589242458343506,0.011616553579057966,0.011899948120117188
2784,895.001301631999,0.41758223199940403,ok,0.13091444969177246,0.011626647866290548,0.011899948120117188
2785,895.1259415839995,0.9909087659998477,ok,0.3925137519836426,0.01193008617478974,0.027483224868774414
2786,895.2503265880005,0.7035457300007693,ok,0.26401710510253906,0.012042236328125,0.027483224868774414
2787,895.3767227850003,0.809994393001034,ok,0.1360940933227539,0.011901972510597922,0.027483224868774414
2788,895.5006334030004,0.8993145590011409,ok,0.3892710208892822,0.012045517200376929,0.027475595474243164
2789,895.6250919260001,0.7169346890004817,ok,0.25758838653564453,0.01210209396150377,0.027475595474243164
2790,895.7505088119997,0.4823308219984028,ok,0.1421191692352295,0.01167334829057966,0.01221609115600586
2791,895.876105366,0.8066440910006349,ok,0.39212512969970703,0.01208849386735396,0.02772212028503418
2792,896.0010303849995,0.6304387990003306,ok,0.2596001625061035,0.011600724856058757,0.012237787246704102
2793,896.1270131860001,0.7067216929990536,ok,0.13141727447509766,0.011958739031916079,0.02772212028503418
2794,896.2520041349999,0.6509078779999982,ok,0.3902404308319092,0.01164992650349935,0.012181758880615234
2795,896.3751900089992,0.7906024240000988,ok,0.2581655979156494,0.011997856744905798,0.014494180679321289
2796,896.5011342500002,0.517586827998457,ok,0.14241576194763184,0.011626574300950574,0.012181758880615234
2797,896.6254554040006,0.42795337499956076,ok,0.015498638153076172,0.011627407634959501,0.012181758880615234
2798,896.7509333189992,1.0076937560006627,ok,0.3900010585784912,0.01186314582824707,0.027230262756347656
2799,897.001094494999,0.6417066949998116,ok,0.14640545845031738,0.011930692195892333,0.027230262756347656
2800,897.1266442590004,1.0642833349993452,ok,0.38701963424682617,0.011882144754583185,0.027350425720214844
2801,897.2509963840002,0.6857297379992815,ok,0.26770615577697754,0.012091983448375355,0.027350425720214844
2802,897.3756520850002,0.5374843529989448,ok,0.14137697219848633,0.011603032388994771,0.012163400650024414
2803,897.501006941,0.8687949029990705,ok,0.38970518112182617,0.012034918132581209,0.027532100677490234
2804,897.6253512450003,0.8371910269997898,ok,0.2696058750152588,0.011959765268408733,0.027532100677490234
2805,897.7510148389993,0.5371267459995579,ok,0.14214253425598145,0.011606485612930791,0.012288093566894531
2806,897.875853608999,0.8449434409994865,ok,0.389970064163208,0.012051377031538222,0.02722907066345215
2807,898.0009074369991,0.7781994979995943,ok,0.26947999000549316,0.012001508619727158,0.02722907066345215
2808,898.1252529310004,0.4525960799983295,ok,0.14242076873779297,0.0116339111328125,0.012300729751586914
2809,898.2510809430005,0.6324194520002493,ok,0.390333890914917,0.011631099801314505,0.012159347534179688
2810,898.3759633629998,0.6552763210002013,ok,0.2693185806274414,0.011780818303426107,0.014494895935058594
2811,898.5007095340006,0.474751624999044,ok,0.14200377464294434,0.011602852079603408,0.012159347534179688
2812,898.6260039999997,0.6819407000002684,ok,0.38317036628723145,0.011566062768300375,0.012003421783447266
2813,898.7509717390003,0.7819650359997468,ok,0.2628962993621826,0.011954682213919503,0.027429580688476562
2814,898.875316362999,0.7390375439990748,ok,0.1356353759765625,0.011905290642563177,0.027429580688476562
2815,899.0006331690001,0.7061400980001054,ok,0.38822197914123535,0.011640502856327938,0.012284994125366211
2816,899.1254697900004,0.6043438850010716,ok,0.2574310302734375,0.011644371918269567,0.012284994125366211
2817,899.2508349050004,0.6250910929993552,ok,0.1305251121520996,0.01209556750762157,0.02730536460876465
2818,899.3761182220005,0.9311486030001106,ok,0.3817310333251953,0.011914544635348849,0.026746034622192383
2819,899.5005101360002,0.7604517849995318,ok,0.2501847743988037,0.0119437880632354,0.026746034622192383
2820,899.6255087139998,0.4929552239991608,ok,0.12225198745727539,0.01157073179880778,0.012178182601928711
2821,899.7501731259999,1.001777724999556,ok,0.39275550842285156,0.012668274818582738,0.027405261993408203
2822,900.1256316079998,0.9556401299996651,ok,0.39020729064941406,0.011931989503943401,0.02729010581970215
2823,900.2507721860002,0.9930572670000402,ok,0.25949764251708984,0.0118576447168986,0.02729010581970215
2824,900.3754565269992,0.5313138239998807,ok,0.14215612411499023,0.01155541020054971,0.012177228927612305
2825,900.5007928430005,0.7941861239996797,ok,0.3882279396057129,0.012164615094661713,0.027431011199951172
2826,900.625846211,0.912058932999571,ok,0.25711798667907715,0.01193508562052025,0.027431011199951172
2827,900.7502023159996,0.5566376429997035,ok,0.13004088401794434,0.012148712620590672,0.027431011199951172
2828,900.8755154219998,0.6742021030004253,ok,0.3917872905731201,0.011614592179008152,0.012254953384399414
2829,901.0009676770005,0.73713964000126,ok,0.25939154624938965,0.011989875843650416,0.026394367218017578
2830,901.1254500300001,0.6592581989989412,ok,0.14281916618347168,0.011957270758492606,0.026394367218017578
2831,901.250991253999,0.8382073769989802,ok,0.38927745819091797,0.012009488211737739,0.027431249618530273
2832,901.375981842999,0.8858610810002574,ok,0.2572498321533203,0.011866373174330768,0.027431249618530273
2833,901.5002836170006,0.5032940569999482,ok,0.1417539119720459,0.01156912644704183,0.011862993240356445
2834,901.6259011509992,0.9316853079999419,ok,0.38831400871276855,0.011669646369086371,0.014442682266235352
2835,901.7502848740005,0.7650085669993132,ok,0.25735998153686523,0.011551448277064733,0.0122222900390625
2836,902.0010317060005,0.45671005500116735,ok,0.015167474746704102,0.011552784893963788,0.0122222900390625
2837,902.2503868980002,0.7503141800007143,ok,0.3352036476135254,0.011541899512795842,0.012320280075073242
2838,902.5008972319993,0.6964369679990341,ok,0.0928962230682373,0.012800361799157185,0.05214571952819824
2839,902.6258077410002,0.9021156540002266,ok,0.3846461772918701,0.013137183691325941,0.05214571952819824
2840,902.7502075739994,0.8008999680005218,ok,0.2585787773132324,0.013069921731948852,0.05214571952819824
2841,902.8759086169994,0.48408975699931034,ok,0.13141155242919922,0.013271818161010742,0.05214571952819824
2842,903.000731226999,0.8218431839995901,ok,0.384868860244751,0.012106003080095564,0.027370929718017578
2843,903.1260191340007,0.8237590769986127,ok,0.24798130989074707,0.011982259543045708,0.027370929718017578
2844,903.2504901369994,0.44021786200028146,ok,0.13148069381713867,0.011674203872680665,0.012158393859863281
2845,903.3757168939992,0.7024583379989053,ok,0.3861236572265625,0.012519170840581259,0.014641761779785156
2846,903.7504918909999,0.6589602399999421,ok,0.356691837310791,0.011555900573730469,0.011852025985717773
2847,903.8757313780006,0.7397870369986776,ok,0.22847890853881836,0.012368088960647583,0.027424097061157227
2848,904.111369925,0.8820895210010349,ok,0.38958191871643066,0.012729341919357711,0.02743673324584961
2849,904.4446288279996,0.35538455999994767,ok,0.05791473388671875,0.011589099963506063,0.012167215347290039
2850,904.5569357629993,0.6908795240015024,ok,0.3886411190032959,0.01159331202507019,0.012230873107910156
2851,904.6686970720002,0.7912422480003443,ok,0.2842550277709961,0.011959029407036014,0.026737213134765625
2852,904.7783762979998,0.7624391179997474,ok,0.16894817352294922,0.011905352274576822,0.026737213134765625
2853,904.8892108649998,0.47388878200035833,ok,0.057743072509765625,0.011591490577248967,0.012230873107910156
2854,905.000615547,0.8754931269995723,ok,0.384751558303833,0.012824219626349371,0.026963472366333008
2855,905.1119849490005,0.5322771249993821,ok,0.26929378509521484,0.011581443604968843,0.012111663818359375
2856,905.4449377649998,0.7077563830007421,ok,0.38134312629699707,0.011538814615320277,0.011873245239257812
2857,905.5575232970004,0.9038126799987367,ok,0.2652912139892578,0.011930635342231164,0.026957035064697266
2858,905.667441091,0.5771211819992459,ok,0.15619754791259766,0.011532953807285853,0.011873245239257812
2859,905.890265824999,0.813257544001317,ok,0.38877177238464355,0.011545521872384208,0.012096881866455078
2860,906.0006393549993,0.5646306460002961,ok,0.28506898880004883,0.011559310166732124,0.012096881866455078
2861,906.2228477940007,0.7084196579999116,ok,0.05481839179992676,0.011905868098420917,0.02703094482421875
2862,906.333903028999,0.8163728380004613,ok,0.38664913177490234,0.011592769622802734,0.012237071990966797
2863,906.4442674689999,0.7909896900000604,ok,0.2828686237335205,0.01197525350058951,0.02714991569519043
2864,906.5565543339999,0.547329869999885,ok,0.16736555099487305,0.011589604039346018,0.012237071990966797
2865,906.6674949289991,0.5222051900000224,ok,0.05213356018066406,0.011595713125692832,0.012237071990966797
2866,906.7788965710006,0.8015091019988176,ok,0.38529062271118164,0.011541885488173542,0.012355566024780273
2867,906.8892410419994,0.667922565000481,ok,0.28086209297180176,0.011536337435245514,0.012355566024780273
2868,907.1120407159997,0.5666829680012597,ok,0.0610804557800293,0.011911357321390292,0.014384269714355469
2869,907.3347535800003,0.9704448049997154,ok,0.370739221572876,0.011914705743595046,0.027474164962768555
2870,907.4451347710001,0.7165692790003959,ok,0.2557394504547119,0.01158888716446726,0.011660099029541016
2871,907.6677012660002,0.48239253099927737,ok,0.030438899993896484,0.011588573455810547,0.011660099029541016
2872,907.7783778640005,0.9380092049996165,ok,0.3866708278656006,0.01198511232029308,0.027499914169311523
2873,908.0008750699999,0.7507500149986299,ok,0.16633963584899902,0.011972777386929126,0.027499914169311523
2874,908.1112452010002,0.472371114001362,ok,0.06194639205932617,0.011609673500061035,0.012164592742919922
2875,908.2226296329991,0.9642899949994899,ok,0.38643383979797363,0.012012922245523205,0.02714252471923828
2876,908.3333657099993,0.7473924629994144,ok,0.28183650970458984,0.011657128462920318,0.012343168258666992
2877,908.4447189519997,0.7422304060000897,ok,0.165971040725708,0.012012922245523205,0.02714252471923828
2878,908.5570677060005,0.6412880170009885,ok,0.061669349670410156,0.012007124880526928,0.02714252471923828
2879,908.6675951349989,0.7976906840012816,ok,0.3870868682861328,0.011675906903815992,0.012222528457641602
2880,908.7789729180004,0.6162802660001034,ok,0.2814760208129883,0.01168787920916522,0.012222528457641602
2881,908.8892285990005,0.576021929999115,ok,0.16554927825927734,0.011675906903815992,0.012222528457641602
2882,909.0004856720007,0.6473655059999146,ok,0.06122159957885742,0.012085047174007334,0.02653050422668457
2883,909.1119075530005,0.9814937330011162,ok,0.39281439781188965,0.01193260649840037,0.026643991470336914
2884,909.2224738320001,0.788985027000308,ok,0.27532339096069336,0.011970002476761981,0.026643991470336914
2885,909.4443929030003,0.4586043589988549,ok,0.05518770217895508,0.011592857765428947,0.011938810348510742
2886,909.5566265479993,0.5367352680004842,ok,0.38597917556762695,0.011709625070745295,0.012038469314575195
2887,909.6680020200001,0.8943428880011197,ok,0.28136563301086426,0.011944637298583985,0.02679920196533203
2888,909.7785618790003,0.8645171370008029,ok,0.1655130386352539,0.011911137062206603,0.02679920196533203
2889,909.889910210999,0.5902331420002156,ok,0.04972553253173828,0.011982768080955329,0.02679920196533203
2890,910.0004799199996,0.8901710529989941,ok,0.3865339756011963,0.012024688720703124,0.02672123908996582
2891,910.2225574900003,0.47876567100138345,ok,0.16542434692382812,0.011687917709350586,0.011992216110229492
2892,910.3340216209999,0.6734000689993991,ok,0.06119728088378906,0.011957073211669922,0.02672123908996582
2893,910.4446076499989,0.8682200050006941,ok,0.3873124122619629,0.012026353886252955,0.026843547821044922
2894,910.5563220789991,0.6942286150006112,ok,0.28191137313842773,0.011621762724483715,0.011962890625
2895,910.6671930049997,0.7498111719996814,ok,0.16520309448242188,0.011946399161156187,0.026843547821044922
2896,910.7784938080003,0.5343997069994657,ok,0.0608975887298584,0.012026353886252955,0.026843547821044922
2897,910.8895376519995,1.055854272999568,ok,0.3863546848297119,0.011940267350938585,0.026611804962158203
2898,911.0008363649995,0.7051757640001597,ok,0.28145718574523926,0.011586005347115652,0.01188039779663086
2899,911.2227206959997,0.47148489199935284,ok,0.06154370307922363,0.011587647830738741,0.01188039779663086
2900,911.3340507390003,1.0220241450006142,ok,0.388110876083374,0.011933336070939606,0.026813983917236328
2901,911.444174401,0.6632568340010039,ok,0.2836916446685791,0.01161822965068202,0.01184988021850586
2902,911.556476194999,0.7641305630004354,ok,0.16815686225891113,0.011945381760597229,0.026813983917236328
2903,911.6677374280007,0.5129437260002305,ok,0.06420230865478516,0.011618779765235053,0.011919021606445312
2904,911.7783914459997,0.7047363780002343,ok,0.3864915370941162,0.011644785220806416,0.011939525604248047
2905,911.8901436449996,0.8744846240006154,ok,0.27006959915161133,0.011922627079243563,0.02641916275024414
2906,912.0005454050006,0.5289324530003796,ok,0.1653575897216797,0.011641899744669596,0.011939525604248047
2907,912.1115913899994,0.7465861889995722,ok,0.04951834678649902,0.01188668451811138,0.02641916275024414
2908,912.222829332999,0.831367783001042,ok,0.38602709770202637,0.01159948271674079,0.011928319931030273
2909,912.3347587400003,1.0007702820003033,ok,0.2692532539367676,0.011843148867289226,0.02719593048095703
2910,912.4442478380006,0.7138771820009424,ok,0.16499090194702148,0.011591268622356913,0.011928319931030273
2911,912.5566307919999,0.5896710859997256,ok,0.049059152603149414,0.011592817306518555,0.011928319931030273
2912,912.7787860509998,0.5567873910003982,ok,0.3856806755065918,0.011555616672222432,0.011832714080810547
2913,912.8893285590002,0.8531970610001736,ok,0.28093481063842773,0.011845517665781874,0.026318788528442383
2914,913.0006980719991,0.8697922930005006,ok,0.16572284698486328,0.011808214516475284,0.026318788528442383
2915,913.2222321659992,0.7290833240003849,ok,0.38252925872802734,0.011624702385493688,0.011929512023925781
2916,913.3338641949995,0.8535170580016711,ok,0.27817678451538086,0.011942802591526762,0.027317047119140625
2917,913.4447468010003,0.6268054970005323,ok,0.16350841522216797,0.011611700057983398,0.011929512023925781
2918,913.5570900549992,0.46332006999909936,ok,0.04887986183166504,0.011612920200123507,0.011929512023925781
2919,913.667893251999,0.9615482179997343,ok,0.38651371002197266,0.01188605896970059,0.0262601375579834
2920,913.7796972399992,0.7067987409991474,ok,0.2700769901275635,0.011556598875257704,0.01220846176147461
2921,913.8896571240002,0.9595607339997514,ok,0.16521930694580078,0.011794693542249275,0.0262601375579834
2922,914.0004786110003,0.5822321279993048,ok,0.0498347282409668,0.011906889982001727,0.0262601375579834
2923,914.1117211340006,0.8066549279992614,ok,0.3950793743133545,0.011588061557096593,0.011900901794433594
2924,914.3338442330005,0.5844836090000172,ok,0.17584729194641113,0.011588061557096593,0.011900901794433594
2925,914.4451084459997,0.5719338840008277,ok,0.06080961227416992,0.012011493124612948,0.026702165603637695
2926,914.5562272900006,0.6906846040001255,ok,0.3879814147949219,0.011517267227172851,0.012006282806396484
2927,914.6676075720006,0.693743887999517,ok,0.27167391777038574,0.01150918688092913,0.012006282806396484
2928,914.8893843139995,0.5591340900009527,ok,0.05204319953918457,0.01193615866870415,0.02622389793395996
2929,915.0008205049999,0.9069854420013144,ok,0.3851442337036133,0.012954057791294197,0.05224299430847168
2930,915.1112482850003,0.8313697720004711,ok,0.2699244022369385,0.012861319950648717,0.05224299430847168
2931,915.2225805969993,0.5591967809996277,ok,0.1550898551940918,0.011504541743885387,0.011829853057861328
2932,915.3333565640005,0.4716313299995818,ok,0.051667213439941406,0.011513921192714147,0.011829853057861328
2933,915.4448903440007,0.9706984719996399,ok,0.38300156593322754,0.01294748727665391,0.05224299430847168
2934,915.556737302999,0.7456475859999045,ok,0.26798367500305176,0.01275949345694648,0.05224299430847168
2935,915.6680738350005,0.6342575950002356,ok,0.15297150611877441,0.01275949345694648,0.05224299430847168
2936,915.778412145999,0.349830054999984,ok,0.0496668815612793,0.013572715577625093,0.05224299430847168
2937,916.000790053,0.9649764879995928,ok,0.3912169933319092,0.01197170692941417,0.02753305435180664
2938,916.1121498249995,0.6044534030006616,ok,0.2866792678833008,0.011615688984210674,0.012259483337402344
2939,916.3334517309995,0.5738439979995746,ok,0.05762600898742676,0.012001526064989044,0.02753305435180664
2940,916.4447436329992,0.776217352000458,ok,0.3857722282409668,0.011660374701023102,0.012356758117675781
2941,916.557106057,0.6403581740014488,ok,0.2699615955352783,0.01165620485941569,0.012356758117675781
2942,916.6675070170004,0.6625295089997962,ok,0.16576123237609863,0.01204824447631836,0.02743387222290039
2943,916.7787288099989,0.6680070029997296,ok,0.04982495307922363,0.011976957321166992,0.02743387222290039
2944,916.8894060780003,0.8522497680005472,ok,0.387315034866333,0.011653822821539801,0.012243270874023438
2945,917.0008819989998,0.8338160910006991,ok,0.27037692070007324,0.012006107966105144,0.02709794044494629
2946,917.1121347520002,0.7814096880010766,ok,0.16608285903930664,0.011976723670959472,0.02709794044494629
2947,917.2221324450002,0.433336459000202,ok,0.04972481727600098,0.011656468914401147,0.012243270874023438
2948,917.3331639600001,0.889105850001215,ok,0.38689160346984863,0.012039411067962646,0.026955127716064453
2949,917.4444305220004,0.8240770430002158,ok,0.2818903923034668,0.012004510922865435,0.026955127716064453
2950,917.556931055,0.5215021139993041,ok,0.16577529907226562,0.01165843832081762,0.012105941772460938
2951,917.667591342999,0.5310412840008212,ok,0.04966855049133301,0.012052705413416812,0.026955127716064453
2952,917.7788113459992,0.6171514170000592,ok,0.38677978515625,0.011651953061421713,0.012113332748413086
2953,917.889842691,0.8584987550002552,ok,0.2815093994140625,0.011949721803056432,0.027341365814208984
2954,918.1115818830003,0.6130628809987684,ok,0.04956531524658203,0.011954551272922092,0.027341365814208984
2955,918.2223106199999,0.768971101999341,ok,0.384784460067749,0.011639295085783928,0.01222991943359375
2956,918.3339583399993,0.812902085001042,ok,0.28043150901794434,0.012008267779682958,0.027431726455688477
2957,918.444126462,0.7499809000000823,ok,0.16475915908813477,0.011985946208872694,0.027431726455688477
2958,918.5565512649991,0.6257508250000683,ok,0.04958772659301758,0.01199284843776537,0.027431726455688477
2959,918.6681345950001,0.7460055730007298,ok,0.38695287704467773,0.011652527184321963,0.012213468551635742
2960,918.8898555769993,0.5125414489994,ok,0.16594457626342773,0.011656301362173898,0.012213468551635742
2961,919.0014746470006,0.6070007010002882,ok,0.0498960018157959,0.012372854144074196,0.02716684341430664
2962,919.1118623469993,0.820686671000658,ok,0.39140844345092773,0.011603546142578126,0.012049436569213867
2963,919.2222671769996,0.6983887699989282,ok,0.2857785224914551,0.0116045124390546,0.012049436569213867
2964,919.333854946999,0.5405659150001156,ok,0.17009806632995605,0.011596862475077312,0.012049436569213867
2965,919.4443008060007,0.6552783400002227,ok,0.05756950378417969,0.011936301986376444,0.02723217010498047
2966,919.5562023940001,0.9181444480000209,ok,0.38637304306030273,0.011965152829192405,0.026933670043945312
2967,919.6686485770006,0.7708359059997747,ok,0.2701723575592041,0.011985194683074952,0.026933670043945312
2968,919.7790194770005,0.7645501480001258,ok,0.16622090339660645,0.011923060125234176,0.026933670043945312
2969,919.8895853159993,0.4412250019995554,ok,0.05026698112487793,0.011595524847507477,0.011904239654541016
2970,920.0007265999993,0.6354482149999967,ok,0.38600993156433105,0.011612629890441895,0.011918306350708008
2971,920.1267553590005,0.7769325849985762,ok,0.2579762935638428,0.012486475706100463,0.02702617645263672
2972,920.3759681020001,1.0068235690014262,ok,0.38646578788757324,0.011895516339470358,0.027661561965942383
2973,920.501509415999,0.621239243000673,ok,0.2552821636199951,0.011559669176737468,0.012157440185546875
2974,920.6257621099994,0.699223212999641,ok,0.1283094882965088,0.011925438176030699,0.027661561965942383
2975,920.7501962129991,0.845681501999934,ok,0.386246919631958,0.012042367780530775,0.027408361434936523
2976,920.8758378059993,0.6225357620005525,ok,0.25787973403930664,0.01162094275156657,0.012263298034667969
2977,921.000913074,0.6526099610000529,ok,0.13059163093566895,0.011991103490193685,0.027408361434936523
2978,921.1259234919999,0.7353460020003695,ok,0.3856923580169678,0.011587973298697636,0.012181520462036133
2979,921.2502950359994,1.0177177879995725,ok,0.2585306167602539,0.011944966931496897,0.026860713958740234
2980,921.3751587049992,0.7553057650002302,ok,0.13078641891479492,0.011864437776453355,0.026860713958740234
2981,921.5005254000007,0.710749157000464,ok,0.38555455207824707,0.011552731196085611,0.011920452117919922
2982,922.1254945319997,0.6061681769988354,ok,0.18793225288391113,0.019153583617437454,0.08966183662414551
2983,922.2504649099992,0.6360376490010822,ok,0.06400060653686523,0.017327994108200073,0.08966183662414551
2984,922.500693263999,0.8340059100009967,ok,0.36308813095092773,0.01159700666155134,0.011888980865478516
2985,922.6260867189994,0.7371648469998036,ok,0.28847813606262207,0.011676975198694178,0.014601469039916992
2986,922.8751971229995,0.3553188890000456,ok,0.03052973747253418,0.011597083165095402,0.011888980865478516
2987,923.0018572579993,0.7632462980000128,ok,0.3849761486053467,0.011561109173682428,0.011710643768310547
2988,923.2506873339989,0.6564979880004103,ok,0.14111709594726562,0.012114799022674561,0.014717578887939453
2989,923.5009689180006,0.8858952470000077,ok,0.3846466541290283,0.01200042963027954,0.02762579917907715
2990,923.7505848769997,0.6481771580001805,ok,0.1414775848388672,0.011992646426689334,0.02762579917907715
2991,923.8756629649997,0.8173487870008103,ok,0.38976454734802246,0.012108823832343607,0.027280092239379883
2992,924.0003957949993,0.7626356040000246,ok,0.258145809173584,0.012041020393371581,0.027280092239379883
2993,924.1258416700002,0.6723053860005166,ok,0.13085603713989258,0.012019867120787155,0.027280092239379883
2994,924.2502271829999,0.818435118000707,ok,0.39137887954711914,0.012080795624676873,0.027109384536743164
2995,924.3763698419989,0.7386191839996172,ok,0.25896525382995605,0.012038243444342362,0.027109384536743164
2996,924.6260320910005,0.9001784569991287,ok,0.39029836654663086,0.012024396803320908,0.02729010581970215
2997,924.7501797160003,0.8816755509997165,ok,0.25818777084350586,0.011967058181762696,0.02729010581970215
2998,924.8767076709992,0.7552004360004503,ok,0.14191293716430664,0.011967058181762696,0.02729010581970215
2999,925.0010937349998,0.9025979570014897,ok,0.3907182216644287,0.012060089809138601,0.027105331420898438
3000,925.1251501309998,0.8255546489999688,ok,0.2585434913635254,0.01203451156616211,0.027105331420898438
3001,925.2505285059997,0.7001252539994312,ok,0.14269375801086426,0.01203451156616211,0.027105331420898438
3002,925.3771421099991,0.9724690850016486,ok,0.3922719955444336,0.011994935096578395,0.027336597442626953
3003,925.501169137,0.673842053000044,ok,0.25981950759887695,0.012157589197158813,0.027336597442626953
3004,925.6254383609994,0.584579506999944,ok,0.1427595615386963,0.01212421144757952,0.027336597442626953
3005,925.7521032650002,0.9844743050016405,ok,0.39166808128356934,0.011958807706832886,0.02741265296936035
3006,925.875970993,0.6985926969991851,ok,0.2711179256439209,0.01210188164430506,0.02741265296936035
3007,926.0008610719997,0.5619987949994538,ok,0.1424100399017334,0.01211529067068389,0.02741265296936035
3008,926.1442478070003,0.9517270469987125,ok,0.39223623275756836,0.011819834294526474,0.014560937881469727
3009,926.2861932140004,0.7386865129992657,ok,0.2469344139099121,0.011586485839471585,0.012237548828125
3010,926.7148203309989,0.9741898199990828,ok,0.4022645950317383,0.011960490890171217,0.027489185333251953
3011,926.8580661470005,0.8893648070006748,ok,0.26353001594543457,0.011931255751965093,0.027489185333251953
3012,927.0014447720005,0.6414102039998397,ok,0.1136484146118164,0.011987419355483283,0.027489185333251953
3013,927.1431420509998,0.777558138999666,ok,0.3865220546722412,0.011636979877948761,0.012130975723266602
3014,927.429912431,0.6332138720008516,ok,0.09654831886291504,0.012196881430489677,0.014628410339355469
3015,927.7141622509989,1.0324730440006533,ok,0.370164155960083,0.012802343368530273,0.0538630485534668
3016,927.8579516930004,0.9121299269991141,ok,0.2310934066772461,0.012766709694495568,0.0538630485534668
3017,928.000899360999,0.6639838559985947,ok,0.08760309219360352,0.01298078270845635,0.0538630485534668
3018,928.1433494539997,0.9474098530008632,ok,0.38732171058654785,0.012073952977250262,0.014616966247558594
3019,928.2868795579998,0.680739215000358,ok,0.28264689445495605,0.011692143976688385,0.012289047241210938
3020,928.4305182200005,0.5603133099994011,ok,0.14311456680297852,0.011694655698888442,0.012289047241210938
3021,928.7150667980004,0.8643371350008238,ok,0.4003474712371826,0.011999800398543075,0.027767419815063477
3022,928.8575600210006,0.7217898630005948,ok,0.25999975204467773,0.011999800398543075,0.027767419815063477
3023,929.143986043,0.92690733299969,ok,0.38501667976379395,0.011981915343891491,0.027231693267822266
3024,929.2875213459993,0.8299130529994727,ok,0.23480772972106934,0.011956562598546347,0.027231693267822266
3025,929.4292450749999,0.40489694499956386,ok,0.09625411033630371,0.011643142700195312,0.012299776077270508
3026,929.5716155789996,0.9453956599991216,ok,0.386441707611084,0.011988454394870333,0.027360200881958008
3027,929.7146409359993,0.7789446970000427,ok,0.24692606925964355,0.011995188025541084,0.027360200881958008
3028,929.8573113870007,0.6940909839995584,ok,0.09605193138122559,0.011971200505892435,0.027360200881958008
3029,930.0005210830004,0.7714688289997866,ok,0.38654613494873047,0.011662052523705268,0.012264728546142578
3030,930.1445927719997,0.9213882900003227,ok,0.2466139793395996,0.01191396713256836,0.027265071868896484
3031,930.2879621070006,0.5582870960006403,ok,0.10766434669494629,0.01209169626235962,0.027265071868896484
3032,930.4301188919999,1.0457038730000932,ok,0.38748669624328613,0.012348940739264855,0.027098417282104492
3033,930.5715729229996,0.6797309539997514,ok,0.24681663513183594,0.011599355273776583,0.012155294418334961
3034,930.7159552800003,0.523610185000507,ok,0.09634637832641602,0.011600358145577567,0.012155294418334961
3035,931.0005172780002,1.034545746000731,ok,0.3866298198699951,0.011869952363787958,0.027318239212036133
3036,931.1671896980006,0.8797311170001194,ok,0.22420239448547363,0.011865068365026403,0.027318239212036133
3037,931.3337587699989,0.6663884350000444,ok,0.05759024620056152,0.01188079833984375,0.027318239212036133
3038,931.5009902559996,0.9228497269996296,ok,0.3960404396057129,0.012330276210133622,0.0270540714263916
3039,931.6672779399996,0.6326300159998937,ok,0.2343456745147705,0.011573690356630268,0.012226104736328125
3040,932.000219313999,0.8154810720006935,ok,0.3882303237915039,0.011540358407156809,0.011998891830444336
3041,932.1681514739994,0.7321291469997959,ok,0.22643327713012695,0.01154017448425293,0.011998891830444336
3042,932.3333527169998,0.578472478000549,ok,0.0572969913482666,0.011900459017072405,0.0266721248626709
3043,932.5010316690004,1.2199354209988087,ok,0.3834648132324219,0.011729107584272112,0.02694869041442871
3044,932.6674678119998,0.7145180529987556,ok,0.21065711975097656,0.011492627007620675,0.012014389038085938
3045,933.0010260309991,0.7431835349998437,ok,0.39369726181030273,0.01156103199925916,0.011902332305908203
3046,933.1674669240001,0.5417650830004277,ok,0.22163891792297363,0.01154015614436223,0.011662960052490234
3047,933.3332041619997,0.41095344399946043,ok,0.061122894287109375,0.01156103199925916,0.011902332305908203
3048,933.5012361419995,0.9661044670010597,ok,0.2820010185241699,0.01296404296276616,0.027469396591186523
3049,933.6676737639991,0.4262264270000742,ok,0.12014985084533691,0.011523542404174804,0.012073278427124023
3050,934.0005004689992,1.0981684460002725,ok,0.395599365234375,0.011893096723054586,0.02806830406188965
3051,934.1681014419992,0.8373623400002543,ok,0.22866129875183105,0.011933414303526586,0.02806830406188965
3052,934.3337909309994,0.5784761979994073,ok,0.07203483581542969,0.011586160194583056,0.012130498886108398
3053,934.5004997510005,0.8295821039992006,ok,0.385908842086792,0.011629535092247857,0.012331008911132812
3054,934.6679313860004,0.6621815300004528,ok,0.22395682334899902,0.011629535092247857,0.012331008911132812
3055,934.8336643639996,0.49647969100078626,ok,0.061911821365356445,0.011629535092247857,0.012331008911132812
3056,935.0004873130001,0.8031856039997365,ok,0.35682129859924316,0.011625818304113439,0.011961936950683594
3057,935.1678703779999,0.5892853069999546,ok,0.18241310119628906,0.01162282625834147,0.011961936950683594
3058,935.3332720689996,0.556141123000998,ok,0.026983976364135742,0.011939320453377656,0.014629125595092773
3059,935.5004785450001,0.842987632000586,ok,0.40723395347595215,0.011677006312779018,0.014603376388549805
3060,935.6679891580006,0.6467478779995872,ok,0.24470186233520508,0.011592698819709547,0.011872053146362305
3061,935.833144012,0.35458494299928134,ok,0.07376933097839355,0.01160077615217729,0.011870861053466797
3062,936.0007262639992,0.6650209760009602,ok,0.3618903160095215,0.011600891749064127,0.011737823486328125
3063,936.168155727999,0.5090911160004907,ok,0.19949078559875488,0.011601438522338867,0.011737823486328125
3064,936.3331848429989,0.5015157480011112,ok,0.0317692756652832,0.01236198345820109,0.014704704284667969
3065,936.5002349499991,0.7359313140004815,ok,0.3623082637786865,0.011586004687893775,0.011801958084106445
3066,936.6679291620003,0.6261604490009631,ok,0.18777108192443848,0.011590613259209527,0.011888742446899414
3067,936.8338131689998,0.46024130299883836,ok,0.02943253517150879,0.011590613259209527,0.011888742446899414
3068,937.0005698789992,1.177692681998451,ok,0.33097338676452637,0.014587544558341043,0.08472967147827148
3069,937.2009583279996,0.8042061350006406,ok,0.1222846508026123,0.01566893146151588,0.08472967147827148
3070,937.4008660010004,1.1033351320002112,ok,0.38559436798095703,0.011797650385711152,0.02690434455871582
3071,937.6009723730003,0.6159597049991135,ok,0.18669486045837402,0.012014529284308939,0.02690434455871582
3072,937.8011010449991,0.7606391980007174,ok,0.3840620517730713,0.011524946458878057,0.01201939582824707
3073,938.0008200699995,0.771165669999391,ok,0.18822884559631348,0.012285719747128694,0.014402389526367188
3074,938.401472698999,0.7502042260002781,ok,0.39169883728027344,0.011504452804039264,0.011806488037109375
3075,938.6008926869999,0.5362615890007874,ok,0.19932079315185547,0.01150287049157279,0.011806488037109375
3076,938.8002142149999,1.0105838939998648,ok,0.38076043128967285,0.012309455871582031,0.027216434478759766
3077,939.001180928999,0.4595463589994324,ok,0.17310404777526855,0.011551888092704441,0.011747598648071289
3078,939.2003563889994,0.9366012410009716,ok,0.38363003730773926,0.012107117609544233,0.014577388763427734
3079,939.4001700329991,0.5948688600001333,ok,0.1874549388885498,0.011564402019276339,0.011945009231567383
3080,939.8008759519998,0.871586972998557,ok,0.358776330947876,0.011932663801239758,0.014605283737182617
3081,940.0002031200002,0.5727855349996389,ok,0.15952181816101074,0.01153262222514433,0.011821985244750977
3082,940.5003905899994,0.9167672860003222,ok,0.22269344329833984,0.016979795694351197,0.08736300468444824
3083,940.7508868709992,1.1180892379998113,ok,0.3846867084503174,0.011739605762919441,0.02668023109436035
3084,941.0005359000006,0.7759079810002731,ok,0.12764549255371094,0.011764751290375332,0.02668023109436035
3085,941.2507792739998,0.8494022169998061,ok,0.39330101013183594,0.011486944399381938,0.011863231658935547
3086,941.5003499630002,0.5857426059992576,ok,0.1406235694885254,0.01148912068959829,0.011863231658935547
3087,941.7504336170005,0.8439645739999833,ok,0.3775160312652588,0.012849569320678711,0.05361199378967285
3088,942.000233974999,0.5655623040001956,ok,0.12443733215332031,0.012835668795036547,0.05361199378967285
3089,942.2501999209999,0.8021936509994703,ok,0.3718268871307373,0.011541591750250923,0.011765003204345703
3090,942.5009696599991,0.5657158329995582,ok,0.11734366416931152,0.011541566333255253,0.011765003204345703
3091,942.7506785980004,0.8578351769992878,ok,0.34410595893859863,0.012171077728271484,0.014607667922973633
3092,943.000456714999,0.4658747060002497,ok,0.1015472412109375,0.01156474749247233,0.012558460235595703
3093,943.2506522290005,0.74745743800122,ok,0.3818023204803467,0.011537655194600423,0.011878490447998047
3094,943.5004950660004,0.6539415569986886,ok,0.13099026679992676,0.012155681848526001,0.014678955078125
3095,943.7505366610003,0.7374973810001393,ok,0.38639402389526367,0.011533901609223464,0.012237310409545898
3096,944.0002444389993,0.6719433170001139,ok,0.12920141220092773,0.01229068778810047,0.014528989791870117
3097,944.3337463280004,0.7955325160000939,ok,0.36444664001464844,0.011527511808607314,0.01189112663269043
3098,944.6673412460004,0.5047216719995049,ok,0.030472517013549805,0.011675804089277219,0.014615774154663086
3099,945.0009093850003,0.7496465790009097,ok,0.20880460739135742,0.020553627014160157,0.08733749389648438
3100,945.3335030620001,1.0708574700001918,ok,0.390841007232666,0.014175710223969958,0.014438152313232422
3101,946.0007058779993,0.9224492979992647,ok,0.3842661380767822,0.013985034581777212,0.014467239379882812
3102,947.0019030000003,0.7686333599995123,ok,0.029239654541015625,0.018080306053161622,0.09441947937011719
3103,947.5009559480004,1.041518175001329,ok,0.3074009418487549,0.013835631884061374,0.02644062042236328
3104,948.000607942,1.2732827720010391,ok,0.3837575912475586,0.012604606324347897,0.02664661407470703
3105,948.5002592349992,0.8716041919997224,ok,0.38700389862060547,0.01187752454708784,0.0143585205078125
3106,949.0006374929999,0.8528983470005187,ok,0.3931114673614502,0.014081185863864037,0.014424324035644531
3107,950.0007272820003,1.023193988001367,ok,0.15393424034118652,0.017081799507141112,0.08730697631835938
3108,950.5007144430001,0.8146310969987098,ok,0.3922865390777588,0.013092533747355143,0.014303445816040039
3109,951.0004751060005,1.1296074300007604,ok,0.3419013023376465,0.014108498891194662,0.015212297439575195
3110,953.0012859790004,0.7662096010008099,ok,0.16824817657470703,0.014190034168522532,0.014498472213745117
3111,954.0007426449993,0.8711603150004521,ok,0.0960690975189209,0.017654651819273483,0.08759188652038574
3112,969.001281412,0.601486051999018,ok,0.13639497756958008,0.021370581218174527,0.13370084762573242
3113,971.0010281390005,0.9990021260000503,ok,0.16283583641052246,0.017424664598830204,0.08742356300354004
3114,972.0000961139995,0.5436569949997647,ok,0.050911664962768555,0.020747112191241722,0.08688235282897949
3115,973.0004895380007,0.4876240620014869,ok,0.09986305236816406,0.024787378311157227,0.08716607093811035
3116,974.0019192429991,0.772217877998628,ok,0.18876886367797852,0.014183378219604493,0.014645576477050781
3117,975.000144665999,0.7288314489996992,ok,0.1185140609741211,0.019169269069548574,0.08720541000366211
3118,977.0011143299998,0.670840553000744,ok,0.07221221923828125,0.019419479370117187,0.09206390380859375
3119,978.0011365760001,0.6146269519995258,ok,0.16287517547607422,0.02254403264899003,0.0871286392211914
3120,979.0002652889998,0.8450988789991243,ok,0.09334111213684082,0.017942230875899152,0.08710646629333496
3121,980.0003191649994,0.6423772500002087,ok,0.09864354133605957,0.02029399688427265,0.08730602264404297
3122,981.0012168729991,1.0394927060006012,ok,0.12482953071594238,0.016956207887181697,0.0868520736694336
3123,982.002033232,0.8994081350010674,ok,0.07941484451293945,0.017292017522065536,0.08724522590637207
3124,983.0009847660003,0.6671045439998124,ok,0.027996301651000977,0.018876133543072326,0.0874638557434082
3125,984.0008961530002,0.904359932999796,ok,0.15343451499938965,0.017923291136578815,0.08731198310852051
3126,985.0003174029989,0.8401677789988753,ok,0.15247702598571777,0.01847528086768256,0.08732438087463379
3127,987.0009707369991,0.8221725589992275,ok,0.19373250007629395,0.01913657784461975,0.08735442161560059
3128,988.0010011119994,0.7124029429996881,ok,0.1156156063079834,0.019353699684143067,0.08755278587341309
3129,990.0005299829991,0.7957717190001858,ok,0.07116961479187012,0.018170729661599185,0.08750486373901367
3130,1025.000888139999,0.6362721059995238,ok,0.17858028411865234,0.014236242540421025,0.0144805908203125
3131,1026.0019925300003,0.8571690209992084,ok,0.11950922012329102,0.018042701482772826,0.09448528289794922
3132,1026.5006892849997,0.9910169330014469,ok,0.37935495376586914,0.014068779491242907,0.026678085327148438
3133,1027.000428170999,0.9421847510002408,ok,0.39514923095703125,0.011776431040330366,0.014271020889282227
3134,1027.334193494,0.5107415139991645,ok,0.07072067260742188,0.011431004550005938,0.011989116668701172
3135,1028.0012742630006,0.8835027409986651,ok,0.025600910186767578,0.016872668266296388,0.08737421035766602
3136,1028.3349337759992,0.7899890720000258,ok,0.3820767402648926,0.011476692031411564,0.011845827102661133
3137,1028.6678691449997,0.5832969889997912,ok,0.043111562728881836,0.011955044990362124,0.014405965805053711
3138,1029.0010222130004,0.9439127759997064,ok,0.28993654251098633,0.014380232854322954,0.026999473571777344
3139,1029.5004970110003,0.7196765200005757,ok,0.3837265968322754,0.011501762602064345,0.011922836303710938
3140,1029.7513072969996,0.7332494559996121,ok,0.14223718643188477,0.012492221334706182,0.026153087615966797
3141,1030.0011212099998,0.8492497970000841,ok,0.3896927833557129,0.01243011610848563,0.026449203491210938
3142,1030.2009010820002,0.47835282499909226,ok,0.19476795196533203,0.011485825414242952,0.01178121566772461
3143,1030.4008124920001,0.8999791030000779,ok,0.38968539237976074,0.011816092899867467,0.026134252548217773
3144,1030.601084468999,0.8491633880003064,ok,0.18175697326660156,0.011743120713667437,0.026134252548217773
3145,1030.8003074459994,1.0302531850011292,ok,0.39220404624938965,0.0119666915673476,0.02630329132080078
3146,1031.0006348019997,0.48406373699981486,ok,0.18588542938232422,0.011527727047602335,0.011795520782470703
3147,1031.16734833,0.5001763020009093,ok,0.025805950164794922,0.011494845151901245,0.011795520782470703
3148,1031.333939229,0.7714198569992732,ok,0.3920145034790039,0.011472225189208984,0.011779069900512695
3149,1031.5008751139994,0.5700775389996124,ok,0.23059368133544922,0.01146493639264788,0.011779069900512695
3150,1031.6675987620001,0.632568655999421,ok,0.05638456344604492,0.012226078245374892,0.025905847549438477
3151,1031.8337199340003,0.7978996460005874,ok,0.3892817497253418,0.01144245792837704,0.011780023574829102
3152,1032.0011490559991,0.47084782700039796,ok,0.21755337715148926,0.01146080493927002,0.011780023574829102
3153,1032.1435158469994,0.6913195960005396,ok,0.08363962173461914,0.011839494705200196,0.026060104370117188
3154,1032.286575701999,0.781397183000081,ok,0.38559794425964355,0.011519959478667288,0.01426076889038086
3155,1032.4293841990002,0.6106608999998571,ok,0.23660588264465332,0.011435900965044576,0.01171255111694336
3156,1032.7143494289994,1.0818946239996876,ok,0.37787437438964844,0.012707732341907642,0.057367563247680664
3157,1032.8579969589991,0.6950798849993589,ok,0.22878551483154297,0.011971080625379408,0.02725958824157715
3158,1033.0013582619995,0.45475487099975,ok,0.09206724166870117,0.011523604393005371,0.01204991340637207
3159,1033.1251417679996,0.8267051050006557,ok,0.38459229469299316,0.013577192060409053,0.057367563247680664
3160,1033.2505108709993,0.615310330000284,ok,0.2580270767211914,0.013494052886962891,0.057367563247680664
3161,1033.375874903999,0.4204307880008855,ok,0.1312863826751709,0.014068001195004112,0.057367563247680664
3162,1033.6251620719995,0.9509173070000543,ok,0.3357815742492676,0.01682594243217917,0.08734631538391113
3163,1033.7511328399996,0.7089330689996132,ok,0.23123621940612793,0.01899378498395284,0.08734631538391113
3164,1033.8759848869995,0.5374658700002328,ok,0.11138129234313965,0.01969693899154663,0.08734631538391113
3165,1034.0002691690006,0.8231959940003435,ok,0.3954939842224121,0.012075529379003188,0.026820898056030273
3166,1034.125752381,0.895284692000132,ok,0.24711894989013672,0.011926819296444164,0.026820898056030273
3167,1034.2510467440006,0.584287019999465,ok,0.14255023002624512,0.012064838409423828,0.026820898056030273
3168,1034.3753410160007,0.9289280009998038,ok,0.38995838165283203,0.012005667353785315,0.026714563369750977
3169,1034.500217802999,0.6872401000000536,ok,0.26979780197143555,0.012094331510139235,0.026714563369750977
3170,1034.6252370189995,0.6322310590003326,ok,0.14216232299804688,0.012036433586707482,0.026714563369750977
3171,1034.750495111999,0.901240612998663,ok,0.3903069496154785,0.011634236290341332,0.011996984481811523
3172,1034.8755029080003,0.6953014930004429,ok,0.26984524726867676,0.011644649505615234,0.011996984481811523
3173,1035.0008805809994,0.7460787579984753,ok,0.14249038696289062,0.012167130907376608,0.026625871658325195
3174,1035.111233349,0.42477670200059947,ok,0.03793144226074219,0.011640489101409912,0.011996984481811523
3175,1035.3334691130003,0.857936274000167,ok,0.38489842414855957,0.011985176487972862,0.02689528465270996
3176,1035.4448145229999,0.8396454069988977,ok,0.26918816566467285,0.011931709621263586,0.02689528465270996
3177,1035.556178642999,0.5962954790011281,ok,0.16462206840515137,0.011582838164435493,0.011890411376953125
3178,1035.778117279,0.8701191920008569,ok,0.38522768020629883,0.012011148990728917,0.027151823043823242
3179,1035.8895109690002,0.6608993489990098,ok,0.2696080207824707,0.01160837709903717,0.011948823928833008
3180,1036.0008804480003,0.7634508129995083,ok,0.15390896797180176,0.011938844408307756,0.027151823043823242
3181,1036.100518886,0.6057072610001342,ok,0.061299800872802734,0.011972351507707075,0.027151823043823242
3182,1036.201577591999,0.9095059129995207,ok,0.3860645294189453,0.011795904578232184,0.014521360397338867
3183,1036.3006342049994,0.6485494019998441,ok,0.29276609420776367,0.011618129138288826,0.011978864669799805
3184,1036.5010908900003,0.5402343780006049,ok,0.09639930725097656,0.011604109325924435,0.011978864669799805
3185,1036.7013943269994,0.8535191209994082,ok,0.39300990104675293,0.01199478072089118,0.027302265167236328
3186,1036.9005745129998,0.9349434310006473,ok,0.19597172737121582,0.011871584126206695,0.027302265167236328
3187,1037.0003405299994,0.3648593020006956,ok,0.09189486503601074,0.011574604294516823,0.011878013610839844
3188,1037.091859545999,0.899778345001323,ok,0.3903377056121826,0.01239107847213745,0.026645421981811523
3189,1037.1832781819994,0.6638222050005425,ok,0.2920551300048828,0.011693803469340007,0.012236833572387695
3190,1037.2736207069993,0.5849697539997578,ok,0.19961857795715332,0.011701045497771232,0.012236833572387695
3191,1037.364959393999,0.4821854630008602,ok,0.10695862770080566,0.011693803469340007,0.012236833572387695
3192,1037.5458281039992,1.1825406520001707,ok,0.3901088237762451,0.011881014016958383,0.02668166160583496
3193,1037.637121181,0.8002888549999625,ok,0.2966151237487793,0.012017285823822022,0.02668166160583496
3194,1037.727465856,0.6477789689997735,ok,0.20333313941955566,0.011636687649620904,0.01194000244140625
3195,1037.8190428710004,0.5215144439989672,ok,0.1213541030883789,0.011630448428067293,0.01194000244140625
3196,1037.9097659340005,0.6094852679998439,ok,0.02892279624938965,0.011968394543262238,0.02668166160583496
3197,1038.0018044850003,0.9289472499986005,ok,0.3868141174316406,0.012008395305899687,0.026669740676879883
3198,1038.0844032650002,0.5739958650010522,ok,0.3054804801940918,0.011663595835367838,0.011961698532104492
3199,1038.3339101309994,0.6087052450002375,ok,0.06171464920043945,0.01200236515565352,0.026669740676879883
3200,1038.4174289929997,0.8431993869999133,ok,0.38737988471984863,0.012104968229929606,0.027461528778076172
3201,1038.5006211380005,0.7088151690004452,ok,0.30553746223449707,0.01166386315316865,0.012039661407470703
3202,1038.5847300959995,0.4741860590002034,ok,0.2239983081817627,0.011709213256835938,0.012039661407470703
3203,1038.6685746450003,0.6622937379997893,ok,0.13073968887329102,0.012048318272545225,0.027461528778076172
3204,1038.7505368809998,0.4588403979996656,ok,0.04926586151123047,0.01166386315316865,0.012039661407470703
3205,1038.8345536590004,0.7640542970002571,ok,0.3882327079772949,0.01168049176534017,0.012220382690429688
3206,1038.9178895229998,0.6690930700005993,ok,0.306321382522583,0.011685001439061659,0.012220382690429688
3207,1039.0007888799992,0.5166498940016027,ok,0.22417211532592773,0.011695436809373938,0.012220382690429688
3208,1039.0780808239997,0.7224556949986436,ok,0.15422272682189941,0.011997767116712488,0.026779890060424805
3209,1039.154396897,0.6461059829998703,ok,0.07327651977539062,0.011997767116712488,0.026779890060424805
3210,1039.3087989769992,0.8690581509999902,ok,0.38715457916259766,0.012102967814395302,0.027375221252441406
3211,1039.3860370919992,0.8043430309990072,ok,0.31698060035705566,0.012094626059898963,0.027375221252441406
3212,1039.4623435350004,0.9266929290006374,ok,0.23554587364196777,0.011983283928462438,0.027375221252441406
3213,1039.539888747,0.49353737700039346,ok,0.1538856029510498,0.011684355912385163,0.012013912200927734
3214,1039.6157691829994,0.5270191180006805,ok,0.08391237258911133,0.012125280925205775,0.027375221252441406
3215,1039.6926024309996,0.6727772499998537,ok,0.38884615898132324,0.011741150980410368,0.01215362548828125
3216,1039.8466941539991,0.5772806879995187,ok,0.22480559349060059,0.011745938232966832,0.01215362548828125
3217,1039.9240443580002,0.4882636910006113,ok,0.15495848655700684,0.011752155092027452,0.01215362548828125
3218,1040.0003492300002,0.4379791120009031,ok,0.07348155975341797,0.011750582990975216,0.01215362548828125
3219,1040.0776083349992,0.8761212410008739,ok,0.38988494873046875,0.012108417657705454,0.027762889862060547
3220,1040.154945159,0.7168509419989277,ok,0.3033871650695801,0.011674992740154266,0.01196432113647461
3221,1040.2315411790005,0.48366123999949195,ok,0.2325899600982666,0.01168121099472046,0.011731624603271484
3222,1040.3088773130003,0.5976879270001518,ok,0.1508944034576416,0.01214231082371303,0.027762889862060547
3223,1040.3855539929991,0.6039184850014863,ok,0.08060121536254883,0.012091233616783506,0.027762889862060547
3224,1040.4625026899994,0.9174149659993418,ok,0.39415502548217773,0.012117777551923479,0.027779817581176758
3225,1040.5391618600006,0.864633077999315,ok,0.30759692192077637,0.012116486375982111,0.027779817581176758
3226,1040.6154812120003,0.7173922769998171,ok,0.23744487762451172,0.011727013086017809,0.012099981307983398
3227,1040.692901254999,0.6756879159984237,ok,0.1555650234222412,0.01212695168285835,0.027779817581176758
3228,1040.769340117,0.30213869600083854,ok,0.08536505699157715,0.01181481866275563,0.012099981307983398
3229,1040.9237312469995,0.7388724680004088,ok,0.39016056060791016,0.011794354234422957,0.012108325958251953
3230,1041.0006352149994,0.8311612369998329,ok,0.3072676658630371,0.012174705179726205,0.028125762939453125
3231,1041.0712208749992,0.6030551020012354,ok,0.23679018020629883,0.0117923720129605,0.012108325958251953
3232,1041.1446680709996,0.839438507999148,ok,0.1670398712158203,0.012067282641375507,0.028125762939453125
3233,1041.2149917539991,0.8169829249982286,ok,0.09723258018493652,0.012057037189089018,0.028125762939453125
3234,1041.2873135200007,0.2224047519994201,ok,0.02736687660217285,0.011842648188273111,0.012108325958251953
3235,1041.3580471789992,0.9943082939989836,ok,0.39235639572143555,0.012081409494082132,0.027620553970336914
3236,1041.4309623400004,0.7525917330003722,ok,0.3208637237548828,0.011767387390136719,0.012346029281616211
3237,1041.500283751,0.5317241180000565,ok,0.2505214214324951,0.011789365248246626,0.012346029281616211
3238,1041.5711694990005,0.4956958790007775,ok,0.1798992156982422,0.011800594329833984,0.012346029281616211
3239,1041.6445165160003,0.5628886479989887,ok,0.10962748527526855,0.011769848900872308,0.012346029281616211
3240,1041.7144378920002,0.7565473499998916,ok,0.03902292251586914,0.012041009705642173,0.027620553970336914
3241,1041.8589766339992,0.8347031670000433,ok,0.3917231559753418,0.011780427561865913,0.012150764465332031
3242,1041.9293114869997,0.8753589469997678,ok,0.3214907646179199,0.012135088443756104,0.027555465698242188
3243,1042.0002776340007,0.5531313289993705,ok,0.2504842281341553,0.011792242527008057,0.012150764465332031
3244,1042.0680143779991,0.5792830409991439,ok,0.17927837371826172,0.011784203350543976,0.012150764465332031
3245,1042.1333294529995,0.5603793890004454,ok,0.12104058265686035,0.011780427561865913,0.012150764465332031
3246,1042.2007270989998,0.6749147819991776,ok,0.05083799362182617,0.012102785110473633,0.027555465698242188
3247,1042.3335438499998,0.6590589440002077,ok,0.39289116859436035,0.011801503953479585,0.012128114700317383
3248,1042.4004958309997,0.7836923630002275,ok,0.3217456340789795,0.012181745635138618,0.027199268341064453
3249,1042.4688048400003,0.8801838370000041,ok,0.25040221214294434,0.012072110176086425,0.027199268341064453
3250,1042.600599509,0.7003394000003027,ok,0.12109065055847168,0.012087754581285559,0.027199268341064453
3251,1042.6674615909997,0.6932553879996703,ok,0.0623171329498291,0.012067430159624885,0.027199268341064453
3252,1042.7338612059993,0.8560328490002576,ok,0.3910484313964844,0.012264947096506754,0.02848672866821289
3253,1042.800190602,0.765897840999969,ok,0.33206796646118164,0.012279468424179974,0.02848672866821289
3254,1042.8678431669996,0.7695258309995552,ok,0.2609217166900635,0.01222284436225891,0.02848672866821289
3255,1042.9338085759991,0.8219467439994332,ok,0.19031739234924316,0.012143807411193848,0.02848672866821289
3256,1043.0630873560003,0.6209980420007923,ok,0.06173205375671387,0.01218503713607788,0.02848672866821289
3257,1043.1252517960002,0.7879604380013916,ok,0.39026927947998047,0.011842366187803207,0.012315034866333008
3258,1043.1883623289996,0.7727903640006843,ok,0.3222324848175049,0.012312875475202288,0.027841806411743164
3259,1043.2506729279994,0.6744882160000998,ok,0.2637002468109131,0.01234234869480133,0.027841806411743164
3260,1043.3131141470003,0.7769562990015402,ok,0.1928424835205078,0.012175534082495647,0.027841806411743164
3261,1043.3758848929992,0.4267268960011279,ok,0.13320541381835938,0.011870083601578423,0.012315034866333008
3262,1043.438191031999,0.8176305400011188,ok,0.07466387748718262,0.01210259993871053,0.027841806411743164
3263,1043.5007507890004,0.7310008140011632,ok,0.3975403308868408,0.011827000865229854,0.01214599609375
3264,1043.5625905430006,0.5630167459985387,ok,0.33507418632507324,0.011823177337646484,0.01214599609375
3265,1043.6270469640003,0.8597295979998307,ok,0.2637152671813965,0.01220155269541639,0.029079675674438477
3266,1043.6882574030005,0.7864340199994331,ok,0.20442891120910645,0.012205118718354599,0.029079675674438477
3267,1043.750580341999,0.6057330299991008,ok,0.14543533325195312,0.012315094470977783,0.029079675674438477
3268,1043.8127749329997,0.4727080709999427,ok,0.07429647445678711,0.011834406852722168,0.01214599609375
3269,1043.8760869540001,0.9678985640002793,ok,0.38736462593078613,0.012161094209422236,0.027182340621948242
3270,1043.9393255659998,0.6063614939994295,ok,0.3236048221588135,0.011872129006819292,0.012393951416015625
3271,1044.0003300059998,0.7254616689988325,ok,0.2647101879119873,0.012261794673071967,0.027182340621948242
3272,1044.0609495589997,0.4019949820012698,ok,0.20620393753051758,0.011864980061848959,0.012393951416015625
3273,1044.118242781,0.5956939229999989,ok,0.14701628684997559,0.01183549336024693,0.012393951416015625
3274,1044.1767795319993,0.497708822000277,ok,0.08773493766784668,0.011837525801225142,0.012393951416015625
3275,1044.235914858,0.41482212399932905,ok,0.02840399742126465,0.011835636631135018,0.012393951416015625
3276,1044.295633099,0.6889401650005311,ok,0.39319705963134766,0.011768797169560972,0.012094497680664062
3277,1044.3539293519989,0.6305863819998194,ok,0.3456687927246094,0.011768797169560972,0.012094497680664062
3278,1044.4124840629993,0.7118912629994156,ok,0.28681182861328125,0.011744369779314314,0.012094497680664062
3279,1044.529948812,0.5477785840012075,ok,0.16830182075500488,0.011751197999523531,0.012094497680664062
3280,1044.647910406,0.5670672230007767,ok,0.05088376998901367,0.012228157462143317,0.028589963912963867
3281,1044.7659457299997,1.1118417020006746,ok,0.3824319839477539,0.01204471668954623,0.027045249938964844
3282,1044.8242653329999,0.8889672029999929,ok,0.3236665725708008,0.012129089567396376,0.027045249938964844
3283,1044.8821610590003,0.8311060770010954,ok,0.26473212242126465,0.012129089567396376,0.027045249938964844
3284,1045.0007335289993,0.6304964330010989,ok,0.14746618270874023,0.012180146418119731,0.027045249938964844
3285,1045.0563420239996,0.6216476570007217,ok,0.08923506736755371,0.012148312159946986,0.027045249938964844
3286,1045.1118858099999,0.6012934670015966,ok,0.030888080596923828,0.012129089567396376,0.027045249938964844
3287,1045.1675080149998,0.9976757959993847,ok,0.3912627696990967,0.013225885954770174,0.058193206787109375
3288,1045.2221299190005,0.6675423430006049,ok,0.3437309265136719,0.011804626538203312,0.012106657028198242
3289,1045.3895417999993,0.8825484469998628,ok,0.1677110195159912,0.012998297529400519,0.058193206787109375
3290,1045.5009075100006,0.6763852090007276,ok,0.06199908256530762,0.013194073571099176,0.058193206787109375
3291,1045.5562631579996,0.7919906229999469,ok,0.39449119567871094,0.0135750240749783,0.058193206787109375
3292,1045.6115759160002,0.9723106279998319,ok,0.33448219299316406,0.013161547640536694,0.058193206787109375
3293,1045.668405590999,0.5088565989990457,ok,0.2753434181213379,0.01512871469770159,0.058193206787109375
3294,1045.7234247409997,0.6719089569996868,ok,0.21602082252502441,0.013877614851920836,0.058193206787109375
3295,1045.7787628589995,0.5812740140008827,ok,0.16910195350646973,0.014081810201917375,0.058193206787109375
3296,1045.8340593869998,0.4737091520000831,ok,0.11026239395141602,0.01370537757873535,0.058193206787109375
3297,1045.889740142,0.5995131809995655,ok,0.0509796142578125,0.013436983793209761,0.058193206787109375
3298,1045.9460910609996,0.996412935999615,ok,0.38692784309387207,0.01213931550784987,0.028115034103393555
3299,1046.0003898470004,0.8944854569999734,ok,0.30043530464172363,0.012159395217895507,0.028115034103393555
3300,1046.0594266240005,0.7877463789991452,ok,0.2649352550506592,0.012188649759059998,0.028115034103393555
3301,1046.1763400180007,0.4546141120008542,ok,0.14609003067016602,0.011822779973347982,0.01213836669921875
3302,1046.2354551539993,0.6832029720007995,ok,0.08706426620483398,0.012148770880191884,0.028115034103393555
3303,1046.294249732,0.6836129189996427,ok,0.027853727340698242,0.012125042768625112,0.028115034103393555
3304,1046.4125276939994,0.6471979129983083,ok,0.39241981506347656,0.011854124069213868,0.012198925018310547
3305,1046.4728415600002,0.7036857820003206,ok,0.3339264392852783,0.011800146102905274,0.012198925018310547
3306,1046.58904411,0.7800508939999418,ok,0.21542811393737793,0.012138488557603624,0.02766108512878418
3307,1046.6481120160006,0.6740105889984989,ok,0.15642023086547852,0.01217108238034132,0.02766108512878418
3308,1046.7064175689993,0.7103445749999082,ok,0.09787464141845703,0.012115352007807518,0.02766108512878418
3309,1046.8242962240001,0.7805002599998261,ok,0.3926548957824707,0.011782507742604902,0.012149572372436523
3310,1046.9417869930003,0.6871155189983256,ok,0.27364110946655273,0.01178992155826453,0.012149572372436523
3311,1047.0010188380002,0.7499246049992507,ok,0.21465492248535156,0.012171631767636254,0.028128385543823242
3312,1047.062896861,0.577711902998999,ok,0.15583443641662598,0.011789132567013012,0.012149572372436523
3313,1047.125212949999,0.7205055710001034,ok,0.09753704071044922,0.012121486663818359,0.028128385543823242
3314,1047.1886785900006,0.5742604120005126,ok,0.027317523956298828,0.012160977651906569,0.028128385543823242
3315,1047.3122731469994,0.6859345799985022,ok,0.3932473659515381,0.011804228243620499,0.01215052604675293
3316,1047.375261060999,0.6929661109988956,ok,0.33391523361206055,0.011783690288149077,0.01215052604675293
3317,1047.438939259,0.5240845719999925,ok,0.2629365921020508,0.011808383464813232,0.01215052604675293
3318,1047.5626048459999,0.557302654000523,ok,0.14554500579833984,0.012278333306312561,0.02792048454284668
3319,1047.6259652970002,0.6473593409991736,ok,0.08647441864013672,0.012139622370402019,0.02792048454284668
3320,1047.6887741419996,1.132187151000835,ok,0.385221004486084,0.01207208236058553,0.027871131896972656
3321,1047.7510212119996,1.0222868690016185,ok,0.3216056823730469,0.012084309543882097,0.027871131896972656
3322,1047.8131132130002,0.8059754570003861,ok,0.26239776611328125,0.012158088905866756,0.027871131896972656
3323,1047.8758869390003,0.6848331279998092,ok,0.20335626602172852,0.012205883076316431,0.027871131896972656
3324,1047.938176657999,0.6225972089996503,ok,0.13313698768615723,0.012205883076316431,0.027871131896972656
3325,1048.0003697089996,0.41438076800113777,ok,0.07413792610168457,0.011788200449060511,0.012130975723266602
3326,1048.126070238999,0.8162778400001116,ok,0.3925814628601074,0.012297919302275686,0.027293682098388672
3327,1048.2504656389992,0.9283579739985726,ok,0.2629566192626953,0.012125037751107846,0.027293682098388672
3328,1048.3124985409995,0.7835865130000457,ok,0.2038431167602539,0.012172248052514118,0.027293682098388672
3329,1048.375812381999,0.6256663929998467,ok,0.14507436752319336,0.012237737053319028,0.027293682098388672
3330,1048.4389202849998,0.598067352999351,ok,0.07433128356933594,0.012210026019957007,0.027293682098388672
3331,1048.5002243630006,0.9416614420006226,ok,0.3977499008178711,0.012177234472230423,0.027830123901367188
3332,1048.5629296989991,0.6747150229984982,ok,0.3342723846435547,0.011832519813820167,0.01215219497680664
3333,1048.625258087999,0.7808160869990388,ok,0.2753274440765381,0.012198430299758912,0.027830123901367188
3334,1048.6885696890004,0.8703773479992378,ok,0.20449233055114746,0.01209269829516141,0.027830123901367188
3335,1048.750870288999,0.7029348569994909,ok,0.1452488899230957,0.012167470021681353,0.027830123901367188
3336,1048.938442401999,0.9295185939990915,ok,0.392988920211792,0.01211001152216002,0.027146339416503906
3337,1049.0004925829999,0.7845308259984449,ok,0.3216843605041504,0.012159453497992622,0.027146339416503906
3338,1049.067456834,0.7412475969995285,ok,0.2624938488006592,0.012146372544138055,0.027146339416503906
3339,1049.3336710999993,0.973200739999811,ok,0.390209436416626,0.012112301328907843,0.027936458587646484
3340,1049.4020043889996,0.6994790759999887,ok,0.33125877380371094,0.01174624760945638,0.012137889862060547
3341,1049.5339992059999,0.5089237979991594,ok,0.19007372856140137,0.01175495147705078,0.012137889862060547
3342,1049.6011047350003,0.31363631000021996,ok,0.13155817985534668,0.011819584029061454,0.012137889862060547
3343,1049.6674182009992,0.6277058650011895,ok,0.06175875663757324,0.01211939917670356,0.027936458587646484
3344,1049.7337890870003,0.7726078650011914,ok,0.3932623863220215,0.011791598412298387,0.012166500091552734
3345,1049.8001990419998,0.8646160059997783,ok,0.32077479362487793,0.012169433194537496,0.02801799774169922
3346,1049.8680074549993,0.6265639949997421,ok,0.24957752227783203,0.011785085995992024,0.012166500091552734
3347,1049.9339162550004,0.5488480439998966,ok,0.19088220596313477,0.011789321899414062,0.012166500091552734
3348,1050.0673819099993,0.3685953399999562,ok,0.050913333892822266,0.011797914505004883,0.012166500091552734
3349,1050.1336593260003,1.0425269299994397,ok,0.3813018798828125,0.012099652920129165,0.028424739837646484
3350,1050.2019811850005,0.7502767809983197,ok,0.31055521965026855,0.011771054828868192,0.012109041213989258
3351,1050.2672949989992,0.585696217000077,ok,0.25159311294555664,0.011790505161991826,0.012109041213989258
3352,1050.3340394719999,0.7242396389992791,ok,0.18045449256896973,0.012162568957306618,0.028424739837646484
3353,1050.4003652480005,0.42884262799998396,ok,0.1102285385131836,0.011783952713012696,0.012109041213989258
3354,1050.4671352000005,0.6381122579987277,ok,0.05156254768371582,0.012133527309336561,0.028424739837646484
3355,1050.5335632650003,1.0593164889996842,ok,0.39261317253112793,0.012108883767757775,0.027463197708129883
3356,1050.6001639879996,0.8510579400008282,ok,0.33372020721435547,0.01220159995846632,0.027463197708129883
3357,1050.6679867120001,0.6141015989996959,ok,0.26264166831970215,0.011829418795449393,0.012230396270751953
3358,1050.7333006659992,0.5136632379999355,ok,0.19218921661376953,0.011828336715698242,0.012230396270751953
3359,1050.8016763649994,0.503925958999389,ok,0.1335282325744629,0.011830766995747885,0.012230396270751953
3360,1050.8671560580005,0.4779337259988097,ok,0.0626821517944336,0.012314647436141968,0.027463197708129883
3361,1050.933239345999,0.9114473449990328,ok,0.38586878776550293,0.012165120669773646,0.027860641479492188
3362,1051.0724442819992,0.8897678060002363,ok,0.2399904727935791,0.012095676018641545,0.027860641479492188
3363,1051.143423698999,0.7130108229994221,ok,0.16909551620483398,0.01215669166210086,0.027860641479492188
3364,1051.2143450269996,0.6302850539996143,ok,0.09819865226745605,0.012165120669773646,0.027860641479492188
3365,1051.2862405060005,0.7000714509995305,ok,0.027213573455810547,0.012090232637193467,0.027860641479492188
3366,1051.357251943,0.8055106100000557,ok,0.39246273040771484,0.01180636521541711,0.01215982437133789
3367,1051.4305592300007,0.7718236920009076,ok,0.3217310905456543,0.011809859957013811,0.01215982437133789
3368,1051.5003767670005,0.544899897000505,ok,0.25083351135253906,0.011834725089695143,0.01215982437133789
3369,1051.5719566589996,0.6303422529999807,ok,0.18022847175598145,0.011809859957013811,0.01215982437133789
3370,1051.6440500669996,0.5583001750001131,ok,0.10953521728515625,0.011809859957013811,0.01215982437133789
3371,1051.7143413590002,0.46030107499973383,ok,0.03924155235290527,0.011803641038782457,0.01215982437133789
3372,1051.7874216389991,0.8516151240000909,ok,0.39321470260620117,0.01214440663655599,0.027606487274169922
3373,1051.8575968219993,0.613420395000503,ok,0.32172608375549316,0.01171217794003694,0.012007951736450195
3374,1051.9309078799997,0.7669032020003215,ok,0.2514667510986328,0.012097480820446479,0.027606487274169922
3375,1052.000474778999,0.552271534999818,ok,0.18013501167297363,0.011705621083577474,0.012007951736450195
3376,1052.0717664429994,0.6378998099989985,ok,0.10944151878356934,0.012087532452174596,0.027606487274169922
3377,1052.2145330700005,0.5883938940005464,ok,0.3894643783569336,0.011749331156412761,0.012114763259887695
3378,1052.3589187439993,0.7389926650012058,ok,0.2492074966430664,0.012066101416563377,0.027110815048217773
3379,1052.429233216999,0.692417785001453,ok,0.17903399467468262,0.012058897716243093,0.027110815048217773
3380,1052.643199238999,0.9158502479986055,ok,0.3874995708465576,0.012098982220604307,0.0275726318359375
3381,1052.71483076,0.8441706270004943,ok,0.3167996406555176,0.012098982220604307,0.0275726318359375
3382,1052.7881057979994,0.6723925219994271,ok,0.24706172943115234,0.011722162791660854,0.012050867080688477
3383,1052.8580799430001,0.4740453600006731,ok,0.17714929580688477,0.011745383342107138,0.012050867080688477
3384,1052.930382618999,0.7101772070000152,ok,0.09610867500305176,0.012043529627274493,0.0275726318359375
3385,1053.0779665360005,1.0925554009991174,ok,0.3902885913848877,0.011976785827101323,0.027474403381347656
3386,1053.3089357360004,0.720926606998546,ok,0.15558528900146484,0.012044000625610351,0.027474403381347656
3387,1053.385285627999,0.3832028290016751,ok,0.08535599708557129,0.011706421772638956,0.011999130249023438
3388,1053.4626487820005,0.8734848420008348,ok,0.38884711265563965,0.012386183989675422,0.028201580047607422
3389,1053.6151972879998,0.5553809700013517,ok,0.22466254234313965,0.011744535886324368,0.012405157089233398
3390,1053.6937207209994,0.4062821460011037,ok,0.15446782112121582,0.011745429039001465,0.012405157089233398
3391,1053.846678283,0.8228269749997708,ok,0.3808102607727051,0.012210478101457868,0.0283966064453125
3392,1053.9247490010002,0.8747481409991451,ok,0.2935371398925781,0.012127917745838995,0.0283966064453125
3393,1054.0010786330004,0.6925945130005857,ok,0.2232208251953125,0.01220759829959354,0.0283966064453125
3394,1054.0773288159999,0.5395905320001475,ok,0.1412339210510254,0.011736199259757996,0.012345075607299805
3395,1054.154162683999,0.6452589289983734,ok,0.07078099250793457,0.012127917745838995,0.0283966064453125
3396,1054.231756526,0.8892227599990292,ok,0.3909332752227783,0.012191405663123498,0.027916908264160156
3397,1054.30909608,0.8000016549995053,ok,0.32054662704467773,0.01220229424928364,0.027916908264160156
3398,1054.3852927129992,0.5777399529997638,ok,0.23834490776062012,0.011799194194652416,0.01255941390991211
3399,1054.4626282169993,0.8473815100005595,ok,0.15653300285339355,0.012085372751409357,0.027916908264160156
3400,1054.5389644890001,0.7710888569999952,ok,0.08621358871459961,0.012085372751409357,0.027916908264160156
3401,1054.615595248999,0.9223742529993615,ok,0.39631009101867676,0.01218662943158831,0.028371572494506836
3402,1054.6926832650006,0.6290395140003966,ok,0.308931827545166,0.011828060150146485,0.01220250129699707
3403,1054.769881549999,0.756138861999716,ok,0.23830580711364746,0.012197477061574051,0.028371572494506836
3404,1054.8466607179998,0.5218760400002793,ok,0.15598559379577637,0.011827855274595064,0.01220250129699707
3405,1054.9240109519997,0.3739459850003186,ok,0.08587479591369629,0.011814604634824007,0.01220250129699707
3406,1055.000716090999,0.6420583250001073,ok,0.39340710639953613,0.011759710311889649,0.01268458366394043
3407,1055.0833253710007,0.6637395340003422,ok,0.29955267906188965,0.011711219261432516,0.01268458366394043
3408,1055.1671422599993,0.44067484799961676,ok,0.2166154384613037,0.011767387390136719,0.01268458366394043
3409,1055.2504778139992,0.7733087590004288,ok,0.1340773105621338,0.012563973057026766,0.02777695655822754
3410,1055.5009390310006,0.6968455879996327,ok,0.39224839210510254,0.011656264464060465,0.011989355087280273
3411,1055.667934965999,0.7670711499995377,ok,0.22830939292907715,0.012017144713290902,0.0271298885345459
3412,1055.7502097380002,0.5912472800009709,ok,0.14429998397827148,0.012086405072893415,0.0271298885345459
3413,1055.8335031320003,0.5079974159998528,ok,0.05857992172241211,0.012086405072893415,0.0271298885345459
3414,1055.9177972079997,0.8780961029988248,ok,0.387270450592041,0.01168212890625,0.012018680572509766
3415,1056.0011198419998,0.6676547410006606,ok,0.3055078983306885,0.011706048044665107,0.012018680572509766
3416,1056.083212575999,0.8354298190006375,ok,0.22394657135009766,0.012014024111689354,0.027680397033691406
3417,1056.1675263420002,0.7389999360002548,ok,0.14281725883483887,0.012019326289494833,0.027680397033691406
3418,1056.2509323350005,0.38270544199986034,ok,0.06137990951538086,0.01170494006230281,0.012018680572509766
3419,1056.4176803709997,0.948879992000002,ok,0.38845086097717285,0.012061023712158203,0.02770709991455078
3420,1056.500177082,0.6629025010006444,ok,0.306410551071167,0.011720788889917833,0.012329578399658203
3421,1056.5838148429993,0.4164505199987616,ok,0.22479796409606934,0.011783758799235025,0.012329578399658203
3422,1056.667803680999,0.5933329929994215,ok,0.1311938762664795,0.012152135372161865,0.02770709991455078
3423,1056.751059975999,0.28415663499981747,ok,0.050050973892211914,0.011776924133300781,0.012329578399658203
3424,1056.8340390920002,0.9910950590001448,ok,0.38936710357666016,0.012015009919802347,0.02762603759765625
3425,1056.917688783,0.6005623720011499,ok,0.3066425323486328,0.011716676794964334,0.012275457382202148
3426,1057.0003288730004,0.7502364610008954,ok,0.22476816177368164,0.011679388755975767,0.012275457382202148
3427,1057.091549101,0.45010626899966155,ok,0.1316981315612793,0.01172316551208496,0.012275457382202148
3428,1057.1822374929998,0.6197353409988864,ok,0.05000448226928711,0.012024371520332668,0.02762603759765625
3429,1057.3653527629995,0.9769896859997971,ok,0.38808774948120117,0.013127010922099268,0.058281660079956055
3430,1057.4557591470002,0.7416840030000458,ok,0.3064303398132324,0.01311349868774414,0.058281660079956055
3431,1057.545813204999,0.9140908820008917,ok,0.2126314640045166,0.012863618022990677,0.058281660079956055
3432,1057.6363797979993,0.5257031869987259,ok,0.11984491348266602,0.013257273312272697,0.058281660079956055
3433,1057.8181071300005,0.7465882310007146,ok,0.3879246711730957,0.01171400629240891,0.012189388275146484
3434,1057.9100925509993,0.7752248019987746,ok,0.2945363521575928,0.01169741153717041,0.012189388275146484
3435,1058.0917704229996,0.49609502400016936,ok,0.10895490646362305,0.011718088580716041,0.012189388275146484
3436,1058.182247016999,0.6319166699995549,ok,0.02732682228088379,0.01202601316023846,0.027683734893798828
3437,1058.2736010530007,0.71515660499972,ok,0.3894057273864746,0.01168375748854417,0.012102842330932617
3438,1058.3644998340005,0.7684732079997048,ok,0.29541897773742676,0.01167790954177444,0.012102842330932617
3439,1058.4558151809997,0.7472116260014445,ok,0.21353721618652344,0.012045588604239531,0.027231693267822266
3440,1058.5461078459994,0.5472951569990983,ok,0.12030577659606934,0.011673436846051898,0.012102842330932617
3441,1058.7275291000005,0.9346068609993381,ok,0.38816022872924805,0.012032308361747047,0.02768397331237793
3442,1058.8183375520002,0.6166756869988603,ok,0.2943077087402344,0.01165164433992826,0.012055635452270508
3443,1058.9096802879994,0.7404878830002417,ok,0.20142698287963867,0.012040354484735533,0.02768397331237793
3444,1059.0009198259995,0.6612661740000476,ok,0.1082613468170166,0.012032308361747047,0.02768397331237793
3445,1059.1006228229999,1.0535258269992482,ok,0.3917410373687744,0.011951314078436958,0.027549266815185547
3446,1059.3002294149992,0.5356610140006524,ok,0.18961024284362793,0.011686759335654122,0.012210845947265625
3447,1059.4005757859995,0.9325003479989391,ok,0.08531522750854492,0.012117925812216365,0.027549266815185547
3448,1059.5011092259992,0.5947490700000344,ok,0.38840770721435547,0.01163935661315918,0.012184858322143555
3449,1059.6007076639999,0.6810860890000185,ok,0.294710636138916,0.011642545461654663,0.012184858322143555
3450,1059.9004676189998,1.065643045001707,ok,0.38718414306640625,0.011940704692493786,0.027299165725708008
3451,1060.0008392210002,0.977089915999386,ok,0.294330358505249,0.0119368348802839,0.027299165725708008
3452,1060.1010140340004,0.3250098850003269,ok,0.18955445289611816,0.011696887016296387,0.01218557357788086
3453,1060.2002976139993,0.42275285699906817,ok,0.08472537994384766,0.011638685509010597,0.01218557357788086
3454,1060.300979141999,1.0198000090003916,ok,0.3866443634033203,0.012012916452744427,0.02706170082092285
3455,1060.4012555049994,0.7439979219998349,ok,0.2818465232849121,0.012137982580396865,0.02706170082092285
3456,1060.5002107279997,0.6094019470001513,ok,0.18880701065063477,0.011699965505888968,0.012203693389892578
3457,1060.6008380269996,0.6031367699997645,ok,0.08457136154174805,0.012091450574921399,0.02706170082092285
3458,1060.7005466440005,0.9276301580011932,ok,0.38876795768737793,0.01207652202872343,0.027512550354003906
3459,1060.8008654749992,0.6358667959993909,ok,0.2835993766784668,0.011707799775259835,0.012134075164794922
3460,1060.901116268,0.6920423459996528,ok,0.19002819061279297,0.012098681926727296,0.027512550354003906
3461,1061.0010879420006,0.5451306739996653,ok,0.08430051803588867,0.012136737505594889,0.027512550354003906
3462,1061.1117872270006,0.736416334999376,ok,0.38878345489501953,0.011661503996167864,0.01215362548828125
3463,1061.2231290870004,0.9123299559996667,ok,0.2829303741455078,0.012024598963120404,0.027666807174682617
3464,1061.3349381120006,0.5947453400003724,ok,0.1661844253540039,0.011659554072788783,0.01215362548828125
3465,1061.4448937430006,0.42688808200000494,ok,0.06163668632507324,0.011666250228881837,0.01215362548828125
3466,1061.5563866609991,0.7757882379992225,ok,0.3902885913848877,0.011642532963906565,0.012278556823730469
3467,1061.6673253440003,0.8217559730001085,ok,0.2849602699279785,0.012025262034216593,0.027361631393432617
3468,1061.7786712430006,0.6867807119997451,ok,0.16928696632385254,0.012033654422294803,0.027361631393432617
3469,1061.8909389649998,0.6448850719989423,ok,0.06449079513549805,0.012001991271972656,0.027361631393432617
3470,1062.001012666,0.7202188120008941,ok,0.3870351314544678,0.01168228961803295,0.01227569580078125
3471,1062.1116129919992,0.8461845290003112,ok,0.2705056667327881,0.011998917745507282,0.027357101440429688
3472,1062.2236653159998,0.6415189799990912,ok,0.16590189933776855,0.012082055995338842,0.027357101440429688
3473,1062.3333325990006,0.4689756509997096,ok,0.04978299140930176,0.011670750730177936,0.01227569580078125
3474,1062.4447347280002,0.9111286059996928,ok,0.38771557807922363,0.011981527010599772,0.027545690536499023
3475,1062.55697822,0.7017153860015242,ok,0.2703394889831543,0.011603968484061105,0.012250900268554688
3476,1062.6676453050004,0.6024757360009971,ok,0.16613411903381348,0.011603011025322808,0.012250900268554688
3477,1062.8893554019996,0.7726343140002427,ok,0.38605308532714844,0.011689116877894248,0.014590978622436523
3478,1063.0009529599993,0.6208320820005611,ok,0.28156614303588867,0.01158468212400164,0.012178421020507812
3479,1063.1255087890004,0.5079561849997845,ok,0.1543416976928711,0.011583459788355333,0.012178421020507812
3480,1063.3760362960002,0.8651633310000761,ok,0.32303404808044434,0.011988813226873224,0.027688264846801758
3481,1063.500414516,0.5501729730003717,ok,0.19582176208496094,0.01161503791809082,0.012148141860961914
3482,1063.625958696999,0.568686037999214,ok,0.06850552558898926,0.012017148733139037,0.027688264846801758
3483,1063.750182468999,0.7870536929985974,ok,0.38669753074645996,0.011653431000248078,0.012279748916625977
3484,1063.875506201999,0.6329181110013451,ok,0.25899457931518555,0.011654527982076009,0.012279748916625977
3485,1064.0009068540003,0.6645739160012454,ok,0.1429762840270996,0.01205376216343471,0.02800774574279785
3486,1064.1260949579992,0.8529217720006272,ok,0.3922858238220215,0.011670344754269249,0.012257575988769531
3487,1064.2513651909994,0.5301202400005423,ok,0.259324312210083,0.011701107025146484,0.012257575988769531
3488,1064.3757987810004,0.5685425189985835,ok,0.14325666427612305,0.011668866021292551,0.012257575988769531
3489,1064.5011776329993,0.6852462839997315,ok,0.01570892333984375,0.012044632876360858,0.027364253997802734
3490,1064.6257110419992,1.1580660529998568,ok,0.39325618743896484,0.011879739307221911,0.027519702911376953
3491,1064.7506819280006,0.7771180459985771,ok,0.2650134563446045,0.012015156629608899,0.027519702911376953
3492,1064.8756847639997,0.4960667049999756,ok,0.13713359832763672,0.01161358274262527,0.012075424194335938
3493,1065.000183062999,0.7951790249990154,ok,0.3906376361846924,0.011663465788870148,0.012267351150512695
3494,1065.1449466630002,0.6270154000012553,ok,0.24737048149108887,0.011655838258804814,0.012267351150512695
3495,1065.286631298999,0.7006647849993897,ok,0.10806775093078613,0.012019713719685873,0.027164936065673828
3496,1065.430057091,0.6618088590003026,ok,0.3907787799835205,0.011589299548755993,0.01209568977355957
3497,1065.5719783450004,0.5312455200000841,ok,0.2508127689361572,0.011587899664173956,0.01209568977355957
3498,1065.714653531999,0.3885990329999913,ok,0.09991455078125,0.011587899664173956,0.01209568977355957
3499,1066.0014748949998,0.9172678750001069,ok,0.13774466514587402,0.01614657868730261,0.08727598190307617
3500,1066.1433944990004,0.7407225900005869,ok,0.39180922508239746,0.011563185987801388,0.01204228401184082
3501,1066.2869164599997,0.4932324579986016,ok,0.192610502243042,0.011558330059051514,0.01204228401184082
3502,1066.430335301,0.6731047749999561,ok,0.09957695007324219,0.012055972348088804,0.026986360549926758
3503,1066.571751178999,0.7375073170005635,ok,0.3924548625946045,0.011826629991884585,0.01438283920288086
3504,1066.7143105979994,0.5157690599990019,ok,0.2540433406829834,0.0115334533509754,0.011987924575805664
3505,1066.8573410930003,0.3957308919998468,ok,0.11531329154968262,0.01154153243355129,0.011987924575805664
3506,1067.0008670930001,0.8994419929986179,ok,0.33887553215026855,0.011958832210964627,0.027374744415283203
3507,1067.1676128399995,0.7208712749998085,ok,0.17761731147766113,0.01196521520614624,0.027374744415283203
3508,1067.333478442999,0.9805026359990734,ok,0.38873863220214844,0.012024049957593283,0.02783036231994629
3509,1067.5010382229993,0.6676034409993008,ok,0.21197795867919922,0.011685584042523359,0.012039422988891602
3510,1067.6678145189999,0.6930664680003247,ok,0.050139427185058594,0.01200323379956759,0.02783036231994629
3511,1067.8337255629995,0.5853751270005887,ok,0.3896336555480957,0.011746692657470702,0.012198209762573242
3512,1068.000532738999,0.5926831959986885,ok,0.2258927822113037,0.011688907941182455,0.012198209762573242
3513,1068.1672159459995,0.5808224350003002,ok,0.062003374099731445,0.012624716758728028,0.027818918228149414
3514,1068.3331648490002,0.8327763699999196,ok,0.38675475120544434,0.011627867415144637,0.012240171432495117
3515,1068.5003020519998,0.7467554689992539,ok,0.2117164134979248,0.011624634265899658,0.012240171432495117
3516,1068.667414944999,0.5795886160012742,ok,0.044092655181884766,0.011624634265899658,0.012240171432495117
3517,1069.000415392,0.9328873440008465,ok,0.2889425754547119,0.018515579840716195,0.09071111679077148
3518,1069.3339466950001,1.0891958769989287,ok,0.39156436920166016,0.012865594092835771,0.05930900573730469
3519,1069.5002899949995,0.7199633829986851,ok,0.30434322357177734,0.011491789136614118,0.011809825897216797
3520,1069.667930914,0.6736373200001253,ok,0.12673234939575195,0.01307828426361084,0.05930900573730469
3521,1069.8337703380002,0.7635243789991364,ok,0.3940913677215576,0.013471768452570988,0.05930900573730469
3522,1070.0014943959995,0.6451329179999448,ok,0.22163867950439453,0.013228329022725423,0.05930900573730469
3523,1070.1681188229995,0.46404524199897423,ok,0.06094169616699219,0.013286195952316811,0.05930900573730469
3524,1070.3335524209997,0.7645670999991125,ok,0.34548377990722656,0.012095595851089016,0.02753424644470215
3525,1070.500329167,0.5977300140002626,ok,0.18230915069580078,0.012095595851089016,0.02753424644470215
3526,1070.6679059060007,0.8391435470002762,ok,0.39243078231811523,0.011963917149437798,0.014619827270507812
3527,1070.833311884,0.5878970760004449,ok,0.2236042022705078,0.01158589522043864,0.012095212936401367
3528,1071.1672402130007,0.7806134260008548,ok,0.3596973419189453,0.0116195889080272,0.01192474365234375
3529,1071.3335733229997,0.59967203800079,ok,0.19782686233520508,0.011621576367002544,0.01192474365234375
3530,1071.5003637690006,0.39815317200009304,ok,0.031074047088623047,0.01161332130432129,0.011850595474243164
3531,1071.6674909920002,0.8107533839993266,ok,0.31448984146118164,0.011575512769745618,0.012375831604003906
3532,1071.8339244210001,0.7015913560007903,ok,0.15190649032592773,0.011763334274291992,0.014652013778686523
3533,1072.1675165430006,0.7346567789991241,ok,0.3893146514892578,0.011560772146497453,0.011911392211914062
3534,1072.3338510720005,0.6397922929991182,ok,0.22729134559631348,0.011900273236361418,0.014644145965576172
3535,1072.6671779469998,0.5220211779997044,ok,0.3440389633178711,0.01160275936126709,0.012398481369018555
3536,1072.8347057459996,0.7525849400008155,ok,0.17064499855041504,0.012733031402934681,0.02704763412475586
3537,1073.000284882999,0.8531992890002584,ok,0.3876683712005615,0.011575020276583158,0.011889934539794922
3538,1073.16809999,0.6997658609998325,ok,0.21263504028320312,0.011582654714584351,0.011889934539794922
3539,1073.3345139190005,0.5074038289985765,ok,0.04365682601928711,0.011574807919954,0.011889934539794922
3540,1073.5007595799998,0.8954948949995014,ok,0.3928253650665283,0.011565753391810827,0.011861801147460938
3541,1073.6676827350002,0.8770085199994355,ok,0.21900582313537598,0.011923002746869932,0.01455378532409668
3542,1073.8341148630007,0.5969176909984526,ok,0.05711770057678223,0.011571497387356229,0.011861801147460938
3543,1074.3337473770007,0.9136577230001421,ok,0.24573230743408203,0.015883515520793635,0.08966064453125
3544,1074.5002182259996,0.8281720470004075,ok,0.08160209655761719,0.015262097120285034,0.08966064453125
3545,1074.6675539770004,0.7879115840005397,ok,0.39319705963134766,0.011628018485175239,0.012312173843383789
3546,1074.8339916959994,0.8213743140004226,ok,0.29157257080078125,0.012229482332865397,0.027127504348754883
3547,1075.0004347150007,0.48977568699956464,ok,0.11846327781677246,0.011626521746317545,0.012312173843383789
3548,1075.1671823710003,0.9554526140000235,ok,0.38503479957580566,0.011924344560374384,0.027185916900634766
3549,1075.3335777600005,0.5651321969999117,ok,0.2220630645751953,0.011594184807368688,0.012180089950561523
3550,1075.5004074160006,0.5872256210004707,ok,0.057340145111083984,0.011940928392632062,0.027185916900634766
3551,1075.6674967790004,0.8795959279996168,ok,0.3849971294403076,0.012357636501914576,0.014532089233398438
3552,1075.833812379,0.5432848489999742,ok,0.22311615943908691,0.01161630337054913,0.012041330337524414
3553,1076.0009152019993,0.3299193729999388,ok,0.0496518611907959,0.011612794616005638,0.012041330337524414
3554,1076.1677718579995,0.9480391849992884,ok,0.3976142406463623,0.011954957788640802,0.027328968048095703
3555,1076.333961319,0.7937411549992248,ok,0.23540663719177246,0.01194819344414605,0.027328968048095703
3556,1076.500294227999,0.5298944010010018,ok,0.07310247421264648,0.011586515527022513,0.011666297912597656
3557,1076.668604401999,0.9747304529992107,ok,0.3868567943572998,0.011970687419810194,0.02729487419128418
3558,1076.8339787290006,0.7626651949994994,ok,0.2245616912841797,0.011998165485470794,0.02729487419128418
3559,1077.0004042679993,0.521976727000947,ok,0.061966657638549805,0.011628709341350355,0.012028932571411133
3560,1077.1678656479999,0.648241462000442,ok,0.38658618927001953,0.011619295392717634,0.012069463729858398
3561,1077.3332808260002,0.5064568660000077,ok,0.22426319122314453,0.011623859405517578,0.012069463729858398
3562,1077.500728085999,0.3958619610002643,ok,0.05023503303527832,0.011916593269065575,0.014527320861816406
3563,1078.0017658279994,0.7651724440001999,ok,0.1499311923980713,0.018216963970299923,0.087615966796875
3564,1078.1678797700006,0.9717961669994111,ok,0.39339160919189453,0.011847780105915475,0.026719331741333008
3565,1078.3333834160003,0.6980566649999673,ok,0.21843791007995605,0.01151417463253706,0.011967897415161133
3566,1078.500885386,0.6735160099997302,ok,0.05682778358459473,0.011833271980285644,0.026719331741333008
3567,1078.6676500920003,0.7707754369985196,ok,0.38329148292541504,0.011534079909324646,0.012048482894897461
3568,1078.8351293619999,0.5915150060009182,ok,0.21029400825500488,0.011536344405143492,0.012048482894897461
3569,1079.0005659489998,0.6350449519995891,ok,0.04941511154174805,0.012301476105399754,0.0269014835357666
3570,1079.167852180999,0.7997675050010002,ok,0.39190220832824707,0.011486067491419175,0.011894941329956055
3571,1079.3336825650003,0.6108849339998415,ok,0.21928882598876953,0.011478357017040253,0.011894941329956055
3572,1079.5006314090006,0.6098484529993584,ok,0.0569150447845459,0.012112438678741455,0.02664780616760254
3573,1079.667780931999,0.8422842400013906,ok,0.3827626705169678,0.011440209853343474,0.012024402618408203
3574,1079.8342152410005,0.7910790469995845,ok,0.21090340614318848,0.01193650225375561,0.02680659294128418
3575,1080.1676590539992,0.8817022000002908,ok,0.3880650997161865,0.011477051711663968,0.012064695358276367
3576,1080.3340798930003,0.8116662150005141,ok,0.22815847396850586,0.011809239784876505,0.02722954750061035
3577,1080.5004865419996,0.7839487370001734,ok,0.05701255798339844,0.01175473133722941,0.02722954750061035
3578,1080.6675088659995,0.6050953419999132,ok,0.3931713104248047,0.011569415821748622,0.012159109115600586
3579,1080.8339422139998,0.7133660170002258,ok,0.22139739990234375,0.0115040453468881,0.012159109115600586
3580,1081.0003711930003,0.6881439879998652,ok,0.06088566780090332,0.011778308795048641,0.026316165924072266
3581,1081.1679127030002,0.7038041569994675,ok,0.38168787956237793,0.011475856487567607,0.011825799942016602
3582,1081.3335974279998,0.6981094439997833,ok,0.22019505500793457,0.011462080478668212,0.011825799942016602
3583,1081.5009965179997,0.5718192899985297,ok,0.04891610145568848,0.01152782780783517,0.014287471771240234
3584,1081.6677731239997,0.6795126899996831,ok,0.3843052387237549,0.01144277056058248,0.011782646179199219
3585,1081.8337825870003,0.83258018000015,ok,0.2235567569732666,0.012593330220973238,0.014241218566894531
3586,1082.0009608889995,0.33463340300113487,ok,0.051963090896606445,0.011443998502648395,0.011782646179199219
3587,1082.5004772440006,0.9522847890002595,ok,0.2026982307434082,0.015093699097633362,0.08493447303771973
3588,1082.6674443579996,0.6817008710004302,ok,0.04755449295043945,0.015909830729166668,0.08493447303771973
3589,1082.8342065140005,0.9333125379998819,ok,0.3930847644805908,0.011910089632359946,0.027170658111572266
3590,1083.0005512429998,0.5902933760007727,ok,0.2550957202911377,0.011555247836642794,0.012102603912353516
3591,1083.1680373830004,0.5376476559995353,ok,0.09479308128356934,0.011535019487948031,0.012102603912353516
3592,1083.3331908929995,0.8453096030007146,ok,0.38361644744873047,0.01144083340962728,0.011954307556152344
3593,1083.6683119810004,0.5653842639985669,ok,0.049481868743896484,0.011568676857721238,0.014301300048828125
3594,1083.8336925990006,0.840195296001184,ok,0.38542842864990234,0.012965118183809169,0.059548377990722656
3595,1084.001113229,0.8241854699990654,ok,0.21412253379821777,0.013157478968302409,0.059548377990722656
3596,1084.3344455229999,0.745915674000571,ok,0.39325833320617676,0.011600675254032529,0.011945724487304688
3597,1084.500844012,0.7923914559996774,ok,0.22004199028015137,0.011937452399212381,0.027441740036010742
3598,1084.667449528999,0.6840657009997813,ok,0.05832552909851074,0.011906151678047929,0.027441740036010742
3599,1084.8335213709997,0.714473216999977,ok,0.38552188873291016,0.01161902039139359,0.012249946594238281
3600,1085.000962471,0.8008371249998163,ok,0.2118680477142334,0.01233604679936948,0.026896953582763672
3601,1085.1678309959989,0.4495584920005058,ok,0.049749135971069336,0.011613701329086765,0.012249946594238281
3602,1085.3334048519991,0.7340268339994509,ok,0.39254093170166016,0.01157059839793614,0.011929035186767578
3603,1085.500744903,0.45165838400134817,ok,0.2187650203704834,0.011593328581915962,0.011929035186767578
3604,1085.667550479,0.5271153829999093,ok,0.05747222900390625,0.01213027979876544,0.014480113983154297
3605,1085.8339752470001,0.8251824720009608,ok,0.38986682891845703,0.011964879717145648,0.01460409164428711
3606,1086.0005742649992,0.5034054309999192,ok,0.21638059616088867,0.011560097984645678,0.011874914169311523
3607,1086.1678951659997,0.4056846179992135,ok,0.04555225372314453,0.011574852055516737,0.011945724487304688
3608,1086.3333077829993,0.786078589000681,ok,0.34899258613586426,0.011586825052897135,0.011894941329956055
3609,1086.500834863,0.718065356999432,ok,0.18672513961791992,0.011959397515585257,0.014589548110961914
3610,1086.667310900999,0.31329063100019994,ok,0.021719694137573242,0.01159192125002543,0.011876821517944336
3611,1086.834277975,1.0146436380000523,ok,0.40918445587158203,0.013965799694969541,0.027140140533447266
3612,1087.3332868430007,0.9600014450006711,ok,0.38497257232666016,0.01191886435163782,0.027289152145385742
3613,1087.5008330830005,0.8274148029995558,ok,0.21373772621154785,0.011903104782104492,0.027289152145385742
3614,1087.6675339689991,0.5168749090007623,ok,0.043289899826049805,0.011577545068202874,0.012189626693725586
3615,1087.8339690579996,0.9100303320010426,ok,0.3854339122772217,0.011770509538196382,0.014525175094604492
3616,1088.001193779999,0.6729800140001316,ok,0.21171832084655762,0.011580046854521098,0.012257099151611328
3617,1088.1678821860005,0.37973133599916764,ok,0.04993081092834473,0.011601386246857819,0.012257099151611328
3618,1088.3334087219991,0.910820025999783,ok,0.3921358585357666,0.011545998709542411,0.012052297592163086
3619,1088.5008877719993,0.881940206998479,ok,0.21899962425231934,0.011833967985930267,0.026691675186157227
3620,1088.6690785760002,0.5868725139989692,ok,0.057593345642089844,0.01189822374388229,0.026691675186157227
3621,1088.8331982939999,0.7914025239988405,ok,0.3953890800476074,0.011559435815522165,0.011928081512451172
3622,1089.0006437339998,0.7085741070004588,ok,0.22242426872253418,0.011888907505915714,0.014430761337280273
3623,1089.1673408909992,0.36536943499959307,ok,0.06098318099975586,0.01157379150390625,0.011928081512451172
3624,1089.3341490660005,0.9883101079994958,ok,0.4031233787536621,0.011896436413129171,0.027599334716796875
3625,1089.5020753219997,0.8203264219991979,ok,0.22991418838500977,0.011896436413129171,0.027599334716796875
3626,1089.8334659619995,1.0148569350003527,ok,0.3851597309112549,0.012397785576022401,0.027485370635986328
3627,1090.167252501,0.42084781199991994,ok,0.050035953521728516,0.0115891695022583,0.012183666229248047
3628,1090.3336021310006,0.7227506569997786,ok,0.38611817359924316,0.011599849771570277,0.01222538948059082
3629,1090.5009443719991,0.43991945200104965,ok,0.22439193725585938,0.011622218524708468,0.01222538948059082
3630,1090.667564678999,0.6670879930006777,ok,0.057878732681274414,0.0125808817275027,0.027201414108276367
3631,1090.8351029780006,0.7182662850009365,ok,0.393632173538208,0.011545566412118765,0.012176036834716797
3632,1091.0010487210002,0.9678164889992331,ok,0.23125123977661133,0.012337783287311423,0.02685070037841797
3633,1091.3332403429995,0.899450920000163,ok,0.39139485359191895,0.01150818665822347,0.012136459350585938
3634,1091.500923100999,0.7457522459990287,ok,0.23050999641418457,0.01150757767433344,0.012136459350585938
3635,1092.0010263299991,1.0284220419998746,ok,0.2877819538116455,0.011903465771284259,0.02769017219543457
3636,1092.1677143769994,0.8616700849997869,ok,0.11584281921386719,0.011903465771284259,0.02769017219543457
3637,1092.3348530490002,0.7991435490002914,ok,0.38573670387268066,0.011716513072743136,0.012161970138549805
3638,1092.5002327170005,0.9216190139995888,ok,0.21227359771728516,0.01203558737771553,0.028120756149291992
3639,1092.6678371750004,0.5362879170006636,ok,0.05017733573913574,0.01171690821647644,0.012161970138549805
3640,1092.8341606550002,0.917072221998751,ok,0.3928396701812744,0.012020900135948545,0.02771472930908203
3641,1093.1671490009994,0.7118731680002384,ok,0.06464505195617676,0.011943470756962614,0.02771472930908203
3642,1093.333700977999,0.8128422440004215,ok,0.38672542572021484,0.011660351072038923,0.012245893478393555
3643,1093.5010185289993,0.6455766729995958,ok,0.22365903854370117,0.011660351072038923,0.012245893478393555
3644,1093.6676406059996,0.43228794599963294,ok,0.05012178421020508,0.011659491446710402,0.012245893478393555
3645,1093.8334482600003,1.1600487710002199,ok,0.3425569534301758,0.015002030246662643,0.08970880508422852
3646,1094.0002391960006,0.8296135840009811,ok,0.17950034141540527,0.016194918216803134,0.08970880508422852
3647,1094.1677453150005,0.8490077419992303,ok,0.3914299011230469,0.011687592456215307,0.012200355529785156
3648,1094.3339423859998,0.5430679189994407,ok,0.17309784889221191,0.01169273486504188,0.012200355529785156
3649,1094.5003228349997,0.7354840099997091,ok,0.049721479415893555,0.012048951062289152,0.02741074562072754
3650,1094.668070152,0.8808610150008462,ok,0.3827981948852539,0.011620143564735971,0.012142181396484375
3651,1094.8340114549992,0.6799725140008377,ok,0.21906828880310059,0.011613394084729646,0.012142181396484375
3652,1095.0006493010005,0.7607354000010673,ok,0.055649757385253906,0.011871880498425713,0.02688455581665039
3653,1095.1677779639995,0.6861836629996105,ok,0.38677549362182617,0.011593282222747803,0.011892557144165039
3654,1095.3340121439996,0.8798597240001982,ok,0.22389531135559082,0.012231024412008433,0.014539480209350586
3655,1095.5004693219998,0.515113174000362,ok,0.050137996673583984,0.011580787206950941,0.011892557144165039
3656,1095.8345243990007,0.8021699230012018,ok,0.40242671966552734,0.011527885090221058,0.01179647445678711
3657,1096.0002313639998,1.0579531139992469,ok,0.24057579040527344,0.012522082775831223,0.027460336685180664
3658,1096.501291663999,0.7303411339999002,ok,0.3852353096008301,0.011609307357243128,0.01217031478881836
3659,1096.667864171999,0.7751806180003769,ok,0.2145092487335205,0.012188402089205656,0.027231693267822266
3660,1096.8332455790005,0.49062552800023695,ok,0.05785489082336426,0.011598361863030327,0.01217031478881836
3661,1097.000277191999,0.8119667609989847,ok,0.38472580909729004,0.011567510877336774,0.012065649032592773
3662,1097.1676723929995,0.6216156120008236,ok,0.22229743003845215,0.011561213117657286,0.012065649032592773
3663,1097.3340389820005,0.534949096998389,ok,0.05753064155578613,0.011772840450971555,0.01449894905090332
3664,1097.5002325419991,1.0750022920001356,ok,0.38879823684692383,0.013520051021965183,0.06032729148864746
3665,1097.6679162799992,0.5579773649988056,ok,0.2272043228149414,0.011610163582695855,0.011928558349609375
3666,1097.8334139359995,0.3576087199999165,ok,0.0597987174987793,0.011597891648610434,0.011878490447998047
3667,1098.000817217,0.8422056790004717,ok,0.39324045181274414,0.01310670737064246,0.06032729148864746
3668,1098.167606952,0.6753412630005187,ok,0.21913933753967285,0.01310670737064246,0.06032729148864746
3669,1098.334105939999,0.508897204999812,ok,0.058046579360961914,0.01310670737064246,0.06032729148864746
3670,1098.5016372589998,0.7103850399998919,ok,0.3308532238006592,0.0116865458311858,0.014634847640991211
3671,1098.8339049009992,0.34927230900029826,ok,0.039882659912109375,0.011573057174682617,0.012089252471923828
3672,1099.0009142639992,0.9146317320009985,ok,0.25560808181762695,0.0159529447555542,0.08432316780090332
3673,1099.167493801,0.7599768960008078,ok,0.09366011619567871,0.015846426894025104,0.08432316780090332
3674,1099.3332366949999,0.9645599049999873,ok,0.38341522216796875,0.01182616324651809,0.014487504959106445
3675,1099.500658265999,0.576514970000062,ok,0.26813340187072754,0.01160465677579244,0.012102603912353516
3676,1099.6673533920002,0.5598558580004465,ok,0.10689806938171387,0.011582091047957137,0.012102603912353516
3677,1100.0006541950006,0.6958676310005103,ok,0.32955050468444824,0.011579569180806477,0.012026548385620117
3678,1100.1676610079994,0.7796675209992827,ok,0.15661859512329102,0.01196291446685791,0.027307748794555664
3679,1100.3349704890006,0.8201333529996191,ok,0.38959431648254395,0.011846937452043805,0.014651775360107422
3680,1100.500373515999,0.5975723240007937,ok,0.2148597240447998,0.011611515475857643,0.011993408203125
3681,1100.8340323560005,0.925205093999466,ok,0.3433868885040283,0.011937318964207426,0.027925968170166016
3682,1101.000502593999,0.6189335849994677,ok,0.180680513381958,0.012035989761352539,0.027925968170166016
3683,1101.1673742090006,0.6966023850000056,ok,0.38906168937683105,0.011673164367675782,0.01214289665222168
3684,1101.3337972280005,0.61122769999929,ok,0.22394108772277832,0.011662229895591736,0.01214289665222168
3685,1101.501199987999,0.45831084700148494,ok,0.05048847198486328,0.011659701665242514,0.01214289665222168
3686,1101.6688915449995,0.7885803770004713,ok,0.323685884475708,0.012005580438149942,0.02682209014892578
3687,1101.8334559989999,0.867547175999789,ok,0.16066908836364746,0.011857390403747559,0.02682209014892578
3688,1102.0010578580004,0.9858594359993731,ok,0.3848381042480469,0.011721990546401667,0.014575958251953125
3689,1102.167844182999,0.7532767110005807,ok,0.2230360507965088,0.01160629229112105,0.011919498443603516
3690,1102.3332526100003,0.6109202219995495,ok,0.06115388870239258,0.011611207671787428,0.011919498443603516
3691,1102.6671408479997,0.8653397939997376,ok,0.3406250476837158,0.01195665200551351,0.027468204498291016
3692,1102.833228399999,0.8271441640008561,ok,0.17806792259216309,0.011896475306097066,0.027468204498291016
3693,1103.0001924930002,0.9668417160009994,ok,0.38852906227111816,0.011990952999033827,0.02752971649169922
3694,1103.1677823219998,0.5389315029988211,ok,0.2118675708770752,0.01168975463280311,0.012067556381225586
3695,1103.3341980999994,0.5469178169987572,ok,0.05000495910644531,0.011658738299113949,0.012067556381225586
3696,1103.5008460970002,0.837247939000008,ok,0.38817524909973145,0.011616146242296373,0.012007713317871094
3697,1103.6674865040004,0.7762801989993022,ok,0.2244713306427002,0.012161872603676536,0.027315616607666016
3698,1103.8339269419994,0.4344866669998737,ok,0.050331830978393555,0.011617114467005576,0.012007713317871094
3699,1104.000168052,0.9453107350000209,ok,0.382565975189209,0.011943239635891384,0.026702404022216797
3700,1104.1678081499995,0.5652738629996747,ok,0.2202320098876953,0.011625494275774275,0.01241302490234375
3701,1104.3336153330001,0.7746187929988082,ok,0.05789756774902344,0.01186764442314536,0.026702404022216797
3702,1104.5009447339999,0.7926309520007635,ok,0.38527727127075195,0.011619098258740974,0.011919975280761719
3703,1104.6677060990005,0.7920104879995051,ok,0.22310900688171387,0.011949523635532545,0.027134180068969727
3704,1104.8332862450006,0.6383135920004861,ok,0.060942649841308594,0.011942224299654048,0.027134180068969727
3705,1105.000648485,0.7603703119984857,ok,0.38608837127685547,0.011607247014199533,0.012100934982299805
3706,1105.1686796600006,0.6500690939992637,ok,0.21170806884765625,0.011606686645083956,0.012100934982299805
3707,1105.3337388199998,0.5134805159996176,ok,0.049555063247680664,0.011681343379773591,0.014524698257446289
3708,1105.5007579529993,0.6996235599999636,ok,0.3713874816894531,0.011517869101630317,0.011605024337768555
3709,1105.6674098700005,0.5900403659998119,ok,0.19798541069030762,0.011795097781765846,0.014626502990722656
3710,1106.1679859739997,0.8038623880001978,ok,0.12155938148498535,0.017398965986151444,0.09076952934265137
3711,1106.3341564450002,0.9346071750005649,ok,0.3840298652648926,0.01197617162357677,0.02685832977294922
3712,1106.5006912520003,0.6895064640011697,ok,0.205902099609375,0.0115052369924692,0.011840343475341797
3713,1106.667402867999,0.33918360300049244,ok,0.05675935745239258,0.011519038158914318,0.011840343475341797
3714,1106.8350506459992,0.6864742589987145,ok,0.38832712173461914,0.01153033971786499,0.012057781219482422
3715,1107.0010250779997,0.715655694999441,ok,0.22689080238342285,0.011508709046898819,0.012057781219482422
3716,1107.1671437789992,0.7371904250012449,ok,0.05461573600769043,0.011769396918160575,0.02647709846496582
3717,1107.3339563139998,0.9823636149994854,ok,0.3939385414123535,0.011904319127400717,0.014352798461914062
3718,1107.500340482,0.5760012439986895,ok,0.22129273414611816,0.011491997488613787,0.011802911758422852
3719,1107.6680537600005,0.5228073480011517,ok,0.06057453155517578,0.011487447298490085,0.011802911758422852
3720,1108.0005611390006,0.8335874189997412,ok,0.3396177291870117,0.012192102578970103,0.026686906814575195
3721,1108.167842929999,0.4901540610007942,ok,0.1674647331237793,0.01152189878317026,0.011881828308105469
3722,1108.3336474240004,0.6844760559997667,ok,0.3944990634918213,0.011536210775375366,0.011971712112426758
3723,1108.6681633160006,0.46300588799931575,ok,0.057157278060913086,0.012110687792301178,0.014484643936157227
3724,1108.8342252580005,0.7950224809992505,ok,0.3255472183227539,0.014383531385852445,0.026927709579467773
3725,1109.1677044490007,0.7740506059999461,ok,0.3895256519317627,0.011592753231525421,0.01189565658569336
3726,1109.333912729,0.8899991670004965,ok,0.21515893936157227,0.011872564662586559,0.026963233947753906
3727,1109.500347997,0.7001294150013564,ok,0.04368281364440918,0.01187487818160147,0.026963233947753906
3728,1109.6677541570007,0.7978808869993372,ok,0.38515257835388184,0.011571098776424633,0.012099504470825195
3729,1109.8341814449996,0.7552110039996478,ok,0.22312521934509277,0.012311560767037528,0.026862144470214844
3730,1110.1676097670006,0.9658211529986147,ok,0.3889942169189453,0.012625927274877375,0.027062416076660156
3731,1110.5007981199997,0.363986066000507,ok,0.05740094184875488,0.011498746871948242,0.011847734451293945
3732,1110.668744396,0.7803027139998449,ok,0.3820829391479492,0.011622406542301178,0.014399290084838867
3733,1110.8341548919998,0.586446495999553,ok,0.22137904167175293,0.0115339199701945,0.012146949768066406
3734,1111.0010435170007,0.3393651919996046,ok,0.0570986270904541,0.011540402536806852,0.012146949768066406
3735,1111.200894316,1.0491077470014716,ok,0.2788360118865967,0.016941531137986618,0.08962583541870117
3736,1111.400615524999,0.5641057030006777,ok,0.08313584327697754,0.017722212351285495,0.08962583541870117
3737,1111.6011770980003,0.7996357319989329,ok,0.39447522163391113,0.013570241928100586,0.06049013137817383
3738,1111.8008859279998,0.8364101049992314,ok,0.2455916404724121,0.013081848621368408,0.06049013137817383
3739,1112.0018967369997,0.5724722119994112,ok,0.04260897636413574,0.012824064493179322,0.06049013137817383
3740,1112.2003152369998,0.714123138001014,ok,0.38695812225341797,0.011584175957573785,0.012282609939575195
3741,1112.4002734450005,0.752107590000378,ok,0.1772773265838623,0.012231731414794922,0.027119159698486328
3742,1112.6015177520003,0.6316995569995925,ok,0.3872871398925781,0.011596667139153732,0.011867046356201172
3743,1112.8008466749998,0.7085125439989497,ok,0.1907339096069336,0.012726044043516502,0.02705979347229004
3744,1113.0006656740006,0.8814692779997131,ok,0.3913383483886719,0.011945565541585287,0.02684640884399414
3745,1113.20083695,0.7276976140001352,ok,0.19432592391967773,0.011913022329640944,0.02684640884399414
3746,1113.400503519999,0.9181562310004665,ok,0.3867189884185791,0.01151915126376682,0.011935234069824219
3747,1113.6005774669993,0.7606340080001246,ok,0.1758713722229004,0.011633674303690592,0.01447153091430664
3748,1114.0017510109992,0.8240423789993656,ok,0.38303089141845703,0.014565722695712385,0.027121543884277344
3749,1114.4003740879998,0.8911270169992349,ok,0.38443493843078613,0.011923243359821598,0.027239322662353516
3750,1114.600893981,0.7947943220005982,ok,0.18621158599853516,0.011866164207458497,0.027239322662353516
3751,1114.8002621529995,0.9229652610010817,ok,0.38373327255249023,0.011931782419031317,0.02725529670715332
3752,1115.0020373160005,0.6864337389997672,ok,0.17615127563476562,0.011952138528591248,0.02725529670715332
3753,1115.251025603,0.8172457250002481,ok,0.38483548164367676,0.011541095044877794,0.012177467346191406
3754,1115.5008820740004,0.700265692999892,ok,0.13017868995666504,0.012182659573025174,0.027252197265625
3755,1115.750399446999,0.9751705639991997,ok,0.3964371681213379,0.012724795124747536,0.026479482650756836
3756,1116.0009138919995,0.4182296019989735,ok,0.14346671104431152,0.011520548300309614,0.012166261672973633
3757,1116.2502987160005,0.8809492919990589,ok,0.3864781856536865,0.013497018814086914,0.014373779296875
3758,1116.7507285800002,0.9760162870006752,ok,0.40818142890930176,0.01202076414357061,0.027092456817626953
3759,1117.0011772159996,0.58665780299998,ok,0.15617012977600098,0.011501623524559869,0.011790990829467773
3760,1117.2507689279992,0.8207340660010232,ok,0.39111995697021484,0.01151402129067315,0.012087106704711914
3761,1117.5012770230005,0.748889816000883,ok,0.138200044631958,0.012099879128592355,0.027042865753173828
3762,1117.7509165949996,0.7167620649997843,ok,0.3957834243774414,0.011498387043292705,0.012119531631469727
3763,1118.0004197479993,0.6359100110003055,ok,0.1546189785003662,0.012244582176208496,0.014426469802856445
3764,1118.3333713230004,0.8885966580000968,ok,0.33408069610595703,0.013709581815279447,0.026836156845092773
3765,1118.6672513009999,0.9203926120007964,ok,0.3909492492675781,0.013161946565676957,0.014473915100097656
3766,1119.6675781640006,0.8532868330003112,ok,0.18494963645935059,0.01391973394028684,0.0269012451171875
3767,1120.0011000939994,0.9662742280015664,ok,0.3821885585784912,0.013019284536672194,0.014338970184326172
3768,1120.3340400100005,0.25550716199904855,ok,0.057025909423828125,0.011516392230987549,0.011991024017333984
3769,1120.667747297999,0.7448495799999364,ok,0.3317105770111084,0.01463928046049895,0.027080774307250977
3770,1121.0006445039999,1.1862468580002314,ok,0.38628125190734863,0.012482915605817522,0.027062416076660156
3771,1121.333498959999,0.4815881719987374,ok,0.0434110164642334,0.011519458558824327,0.012030363082885742
3772,1121.667937332999,0.6564004100000602,ok,0.3939242362976074,0.011531659534999303,0.012127876281738281
3773,1122.0003772220007,0.6321296229998552,ok,0.05729985237121582,0.012745696444844091,0.014380931854248047
3774,1122.5005715379993,0.9432545399995433,ok,0.16362690925598145,0.018144845962524414,0.08720636367797852
3775,1123.0014988980001,0.9714338940011658,ok,0.3933565616607666,0.013808727264404297,0.026445627212524414
3776,1123.5010085800004,1.0392832669986092,ok,0.39032745361328125,0.013288127615096722,0.025934457778930664
3777,1124.0011015269993,0.8860247079992405,ok,0.3883793354034424,0.013062854607899984,0.014242887496948242
3778,1124.500842256999,0.9311564109993924,ok,0.4114046096801758,0.014378901890345982,0.026530742645263672
3779,1125.0012782510003,0.708650172000489,ok,0.39295005798339844,0.013693888982137045,0.014258384704589844
3780,1126.001090328,0.7794567700002517,ok,0.17750048637390137,0.014289634983714035,0.0202176570892334
3781,1127.0021584240003,0.9364563670005737,ok,0.11257433891296387,0.019218302908397857,0.0874631404876709
3782,1128.000788681,0.8624398749998363,ok,0.025297164916992188,0.017471201876376536,0.08742570877075195
3783,1140.0009199489996,0.8782549320003454,ok,0.11455559730529785,0.017769109635126023,0.08735918998718262
3784,1141.0021020130007,0.7174309969996102,ok,0.13632631301879883,0.019489510305996598,0.08725428581237793
3785,1142.0008366370002,0.6566114960005507,ok,0.07181477546691895,0.019612156111618567,0.08729743957519531
3786,1143.0018563819995,0.9084101089993055,ok,0.17419743537902832,0.018198624635354068,0.08725619316101074
3787,1144.0005299660006,0.8878638109999883,ok,0.18980741500854492,0.0184342216800999,0.0873405933380127
3788,1146.0009671280004,0.8767923639989021,ok,0.05478525161743164,0.01752645554749862,0.08730912208557129
3789,1147.0004728650001,0.855962798001201,ok,0.14928746223449707,0.018177195599204617,0.0872654914855957
3790,1147.5007881790007,0.7936306190003961,ok,0.3786277770996094,0.0140703661101205,0.014240741729736328
3791,1148.0017584670004,0.9346014200000354,ok,0.3219029903411865,0.014387351710621903,0.026904821395874023
3792,1148.5011907980006,0.8844990990000952,ok,0.3833334445953369,0.01377394539969308,0.014449119567871094
3793,1149.0005612000004,1.173700479001127,ok,0.409074068069458,0.014046758975622789,0.014181375503540039
3794,1150.000618172,0.88304823100043,ok,0.2120521068572998,0.018608924320765902,0.08730030059814453
3795,1150.5006249580001,1.0351376779999555,ok,0.41064023971557617,0.01386682553724809,0.026747465133666992
3796,1151.0009226919992,1.1086420129995531,ok,0.38420605659484863,0.013419499764075646,0.014416694641113281
3797,1152.0015935779993,0.9219152850000683,ok,0.15123724937438965,0.018258600700192334,0.08733892440795898
3798,1152.5006865319992,0.7973622370009252,ok,0.39338040351867676,0.013727681977408273,0.01430821418762207
3799,1153.5009399819992,0.8255817909994221,ok,0.11227631568908691,0.018344345845674213,0.08724689483642578
3800,1154.0010023169998,0.541363629999978,ok,0.3543515205383301,0.011542320251464844,0.011854410171508789
3801,1154.3336545740003,0.6344876999992266,ok,0.02223348617553711,0.013258234659830729,0.014602184295654297
3802,1154.667614389,0.9917960500006302,ok,0.33673667907714844,0.014177449544270833,0.015075445175170898
