idx,scheduled_t_rel_s,t_rel_s,latency_s,status,ttft_s,avg_tbt_s,worst_tbt_s
0,0.0,0.011085046999141923,1.2706489470001543,ok,0.07593936800003576,0.015122533556942598,0.04816824400040787
1,0.3999999999999999,0.4011009659989213,1.2622540419997677,ok,0.06528473899925302,0.015151013075951538,0.04840182999942044
2,1.0,1.0014210699991963,1.3028449280009227,ok,0.06431451500066032,0.015677262265819104,0.04856700699929206
3,1.2000000000000002,1.2009915439994074,1.3066702020005323,ok,0.06688360200132593,0.01569302498733756,0.048704785000154516
4,1.4,1.4017501599992102,1.2961180239999521,ok,0.054138216999490396,0.015720901354442606,0.04871321199971135
5,1.7999999999999998,1.8010103779997735,1.2700327359998482,ok,0.06477294099931896,0.016069749626670574,0.048707838001064374
6,2.111,2.111389755998971,1.2359339940012433,ok,0.06722798600094393,0.01479327148099631,0.048714235999796074
7,2.333,2.3337078689983173,1.3399759349995293,ok,0.0626035179993778,0.016588833129874244,0.09023551900099847
8,2.5,2.5008394039996347,1.2980346040003496,ok,0.05770328200014774,0.01569998767088323,0.0900435200001084
9,3.3810000000000002,3.3816034229985235,1.5993910030010738,ok,0.056239658000777126,0.020574965853326528,0.11810663700089208
10,3.476,3.4766390749991842,1.5748918440003763,ok,0.10151700300048105,0.018650111050618173,0.08980114099904313
11,3.524,3.5247331809987372,1.5265682110002672,ok,0.09003404400027648,0.01865590644155855,0.08936723599981633
12,3.572,3.5725218719999248,1.4791154819995427,ok,0.044812060999902315,0.018155537936694645,0.08983470800012583
13,4.0,4.00187432599887,1.675013358999422,ok,0.08821150000039779,0.02060761279220993,0.078594038999654
14,4.039,4.040166592998503,1.6364223889995628,ok,0.08654285199918377,0.019618327240510276,0.053282113000022946
15,4.079,4.0810637579998,1.5956478439984494,ok,0.04828714699942793,0.020095361415592556,0.07595152599969879
16,4.237,4.23814756199863,1.6156668670009822,ok,0.06657003200052714,0.01960840653163923,0.05357051099963428
17,4.316,4.3169133979990875,1.578993230999913,ok,0.06584728300003917,0.01915339798734415,0.05325331000130973
18,4.395,4.3972757369992905,1.5408779919998778,ok,0.06424975800109678,0.018691175658216395,0.05325149799864448
19,4.513,4.514204194998456,1.5079403279996768,ok,0.10231344599924341,0.0187412762666645,0.05195490099868039
20,4.553,4.553265504999217,1.4693695419991855,ok,0.06583593699906487,0.01776595153164117,0.051561942000262206
21,4.632,4.6340482010000414,1.4301788960001431,ok,0.06321192100040207,0.01730304692404089,0.05197091499940143
22,5.033,5.034064032999595,1.5417388539990498,ok,0.06667052099874127,0.01867135965822635,0.05293966899989755
23,5.133,5.133654804998514,1.4977857119993132,ok,0.059368696000092314,0.018207409999998658,0.052636555999924894
24,5.2,5.200214741998934,1.4949153190009383,ok,0.056077143000948126,0.01821281316455198,0.052772786000787164
25,5.267,5.2674829509996925,1.5098705889995472,ok,0.10004625999863492,0.01784556206331229,0.05371288700007426
26,5.3,5.300323415998719,1.4771303870002157,ok,0.06945976099996187,0.017818425607586078,0.05371010799899523
27,5.467,5.467311835998771,1.4723126440003398,ok,0.06582793200141168,0.017802963265803787,0.05377246700118121
28,5.733,5.733306611999069,1.4300401159998728,ok,0.06271511500017368,0.017307579177213483,0.05403873799878056
29,6.115,6.116068183999232,1.6799978950002696,ok,0.054103095000755275,0.020580626784803942,0.05403786299939384
30,6.173,6.173411033998491,1.6886870029993588,ok,0.0944552709988784,0.02017987234176883,0.0538170239997271
31,6.201,6.201564991999476,1.6597248239995679,ok,0.06886137299989059,0.0201371105949299,0.05404329299926758
32,6.431,6.431837006999558,1.6135362129989517,ok,0.05850499499865691,0.019683581721518392,0.05381738699907146
33,6.632,6.6320957749994704,1.8064878550012509,ok,0.09912625800097885,0.021611912544300785,0.09059258999877784
34,6.661,6.661712828999953,1.7760334560007323,ok,0.07249836800110643,0.021563334303785188,0.09058441300112463
35,6.833,6.8331154249990504,1.8177442249998421,ok,0.06361847999869497,0.02220363503798995,0.09104771800048184
36,7.173,7.1736810709990095,2.2550299079994147,ok,0.06752593300006993,0.027689593784802864,0.23893728599978203
37,7.345000000000001,7.346120436999627,2.377821807998771,ok,0.05722237099871563,0.029374329708878554,0.23937753799873462
38,7.401999999999999,7.403416890998415,2.3512248789993464,ok,0.06431989100019564,0.028947520582272474,0.23943690399937623
39,7.4879999999999995,7.488699628998802,2.312631577000502,ok,0.060017415999027435,0.028513763886080654,0.23935667300065688
40,7.545999999999999,7.546175682999092,2.2867097230009676,ok,0.10185511500094435,0.027656066721497556,0.2393620410002768
41,7.574999999999999,7.576650059998428,2.2563429340007133,ok,0.07382529499955126,0.027626609898740027,0.23936905099981232
42,7.661,7.661669295999673,2.203010944998823,ok,0.05391584399876592,0.027203395936719717,0.23933905299963953
43,7.718999999999999,7.719789230999595,2.176623727998958,ok,0.06203291899873875,0.026766663746848624,0.2388921029996709
44,7.776,7.777105426999697,2.151173084999755,ok,0.06914241699996637,0.026354491696203027,0.2389031230013643
45,8.025,8.02688973199838,2.2853464020008687,ok,0.0686559000005218,0.028059048480999875,0.2389124700002867
46,8.101,8.101728740999533,2.426050276000751,ok,0.05855108400101017,0.02996794834175892,0.2394141779986967
47,8.202,8.203633523999088,2.4779874550004024,ok,0.06454072400083533,0.030549261594928736,0.23936485400008678
48,8.278,8.278399267999703,2.434349706998546,ok,0.08791086800010817,0.029701572822771975,0.23892019499908201
49,8.303,8.303593285998431,2.4093030339990946,ok,0.09942146799949114,0.0292388299113796,0.23936747100015054
50,8.328,8.328317259998585,2.3843832239999756,ok,0.0774131819998729,0.029201950088624667,0.23935267600063526
51,8.353,8.353269280998575,2.3593059129998437,ok,0.05242309000095702,0.029200732303793244,0.23939632100154995
52,8.454,8.454978680998465,2.4423433609990752,ok,0.06512562799980515,0.03009097846835532,0.2395972240010451
53,8.554,8.554717291999623,2.44446065000011,ok,0.06423728899972048,0.03012906846835236,0.23964659700141056
54,8.63,8.63115816699974,2.414588924000782,ok,0.10294141600024886,0.02926107978481336,0.23972760300057416
55,8.655,8.656105592999666,2.389234033000321,ok,0.08080653700017137,0.029220263037984032,0.23962765999931435
56,8.781,8.781957746999979,2.5255199809998885,ok,0.0696864440014906,0.03189359340259606,0.23964493099992978
57,9.0,9.000309865999952,2.7590245329993195,ok,0.05885372800003097,0.03417899546835957,0.23962804099937784
58,9.067,9.06734444599897,2.7282885179993173,ok,0.09149562799939304,0.033376465202539445,0.20586359000117227
59,9.09,9.090233754999645,2.7058398940007464,ok,0.10463569500097947,0.032926470924060515,0.1727057860007335
60,9.135,9.135304134999387,2.6595757530012634,ok,0.09696964900103922,0.03243771839239528,0.17267006100155413
61,9.157,9.158247398998355,2.637590051999723,ok,0.11074972499955038,0.03198513650632673,0.1727019059999293
62,9.179,9.179850362999787,2.6160743159998674,ok,0.08918168700074602,0.0319858033923958,0.17271890900155995
63,9.224,9.225077112998406,2.570946357998764,ok,0.08035738299986406,0.031526278556951566,0.1727193780006928
64,9.247,9.247476126000038,2.5482805430001463,ok,0.09437419099958788,0.03106191000001615,0.17270094600098673
65,9.269,9.269121000999803,2.5268577949991595,ok,0.07529751299989584,0.03103223672152598,0.17271946700020635
66,9.359,9.359641058999841,2.5189433169998665,ok,0.10430125600032625,0.03056466434178288,0.1655071549994318
67,9.381,9.382058897999741,2.4977555530003883,ok,0.1193412709999393,0.030106329898732343,0.16552213099930668
68,9.404,9.404365044998485,2.4749753169999167,ok,0.09706853600073373,0.030099769860740547,0.16549334499904944
69,9.449,9.449831691999862,2.429840330998559,ok,0.09390183499999694,0.029568634126572083,0.1655023200000869
70,9.494,9.495170526999573,2.384281976999773,ok,0.08551227399948402,0.029098145772163835,0.16549504599970533
71,9.538,9.539099802999772,2.3406569540002238,ok,0.04467866900085937,0.02906282513923324,0.16550615500091226
72,10.04,10.040869423999538,2.9959185130010155,ok,0.10119876700082386,0.036641595278467054,0.2079099379989202
73,10.061,10.061868080998465,2.973891191999428,ok,0.11726605600051698,0.036159286493669625,0.20726787300009164
74,10.081,10.082691373998387,2.954554285000995,ok,0.09634247400026652,0.036179546658245326,0.20788628800073639
75,10.101,10.10168411199993,2.9356587450001825,ok,0.07738582199999655,0.03618033072151648,0.20788185099991097
76,10.121,10.121566337998956,2.915977145001307,ok,0.09351259300092352,0.03572704374682526,0.20783325099910144
77,10.141,10.142127888999312,2.894968972999777,ok,0.07568564000030165,0.03568672505064604,0.20788822499889648
78,10.303,10.30393084699972,2.934689261999665,ok,0.09301619299913,0.03596989837974952,0.20790209299957496
79,10.343,10.343688889999612,2.8948014280013012,ok,0.08996690100138949,0.03550372978479342,0.20789791599963792
80,10.383,10.383844202999171,2.854980923000767,ok,0.08666668700061564,0.035041588329108836,0.20789051599967934
81,10.404,10.405130949999148,2.833599115998368,ok,0.10212853299890412,0.035473271220774684,0.20789382500151987
82,10.424,10.424290647999442,2.814687464000599,ok,0.08293105700067827,0.03457885115188484,0.20788619800077868
83,10.464,10.464885482999307,2.774386291001065,ok,0.04517710700019961,0.035443888272725,0.20784544999878563
84,10.546,10.546428175999608,2.7627831749996403,ok,0.09937747100048,0.033713607316448235,0.2072703569992882
85,10.566,10.566888973999085,2.7414382490005664,ok,0.08153624499936996,0.03454369985715916,0.2072677100004512
86,10.707,10.708138381998651,3.194441306999579,ok,0.10422904999904858,0.03911620664556825,0.3954516599987983
87,10.728,10.728579804999754,3.173568496998996,ok,0.08648193899898615,0.03907653629113743,0.3962375110004359
88,10.828,10.82925884999895,3.204636995000328,ok,0.10286322100000689,0.03926241841771669,0.39550274899920623
89,10.889,10.889526350998494,3.1444747210007336,ok,0.045508860999689205,0.03922711227849366,0.3954729060005775
90,11.073,11.073748539000007,3.2362209480015736,ok,0.10271874200043385,0.039664230772163876,0.39545580099911604
91,11.129,11.129716243000075,3.178670368000894,ok,0.08323404300062975,0.04019976698701057,0.3956474149999849
92,11.165,11.16553503599971,3.1442221270008304,ok,0.08480164700085879,0.038726462063291535,0.3954636489997938
93,11.184,11.184667259998605,3.124767459001305,ok,0.10259071000109543,0.039248576844140376,0.396230407000985
94,11.202,11.202691033999145,3.1075414730003104,ok,0.08452715699968394,0.03826564069620158,0.3956729580004321
95,11.239,11.240151827998488,3.068345584999406,ok,0.04956301399943186,0.03821208256962149,0.395646791001127
96,11.312,11.31256126199878,3.169290269001067,ok,0.09470988199973362,0.03891839758228032,0.395463374999963
97,11.331,11.332084050000049,3.1498766430013347,ok,0.1119065570001112,0.039453784129883776,0.3954580139998143
98,11.367,11.367225359999793,3.1145185450004647,ok,0.07679608500075119,0.038451636063275396,0.3954608879994339
99,11.386,11.386349284999596,3.0957138949997898,ok,0.09417852200022025,0.03898061835065306,0.3954588569995394
100,11.422,11.422474175999014,3.0600158630004444,ok,0.06068679500094731,0.03796579948099366,0.3956615389997751
101,11.551,11.551804219998303,3.1884573759998602,ok,0.08035174500037101,0.03934262505063549,0.39545691100101976
102,11.643,11.643347703999098,3.3564070100001118,ok,0.09319540799879178,0.0413060781898775,0.39609409799959394
103,11.661,11.661792130998947,3.3377011339998717,ok,0.07728470500114781,0.041270544531644075,0.3960405070010893
104,11.808,11.808956167998986,3.4511592029994063,ok,0.10433480000028794,0.04236449196201947,0.39583793000019796
105,11.827,11.829169336999257,3.4308362960000522,ok,0.08727492899924982,0.042323092430372446,0.3958159630001319
106,12.017,12.018067760998747,3.663943293000557,ok,0.0928301410003769,0.04520350658228231,0.3958983909997187
107,12.034,12.03448350599865,3.647948511001232,ok,0.07896112100024766,0.045176603987346416,0.39605699599997024
108,12.135,12.135329105998608,3.8700105309999344,ok,0.09611042200049269,0.047770422746838494,0.3959775699986494
109,12.169,12.169835185999546,3.8356833919988276,ok,0.06445700799849874,0.04773667744304959,0.39599966700006917
110,12.185,12.18672437099849,3.8189844400003494,ok,0.047489873999438714,0.047740061050625386,0.3960205129988026
111,12.236,12.236486039999363,3.8087962429999607,ok,0.09918386900062615,0.046956653708870755,0.39585693000117317
112,12.27,12.270451850999962,3.7749960269993608,ok,0.06785388500065892,0.04692546934177388,0.396073902000353
113,12.337,12.337927636999666,3.782590787001027,ok,0.07482449800045288,0.0469332051265777,0.395794146001208
114,12.438,12.438277546998506,3.892940718000318,ok,0.09758503700140864,0.04804198208860069,0.39587625700005447
115,12.472,12.473027459998775,3.8583525470003224,ok,0.06577754799945978,0.04800694336709172,0.39591910099989036
116,12.488,12.489365430999896,3.842260991999865,ok,0.04940995200013276,0.04801010879748015,0.3959383399997023
117,12.555,12.556006327999057,3.9904654099991603,ok,0.07656893499915896,0.04954255731646771,0.39595833599923935
118,12.69,12.690408555999966,4.295124239999495,ok,0.10011029799898097,0.053101094126598386,0.3961701409989473
119,12.74,12.740226620999238,4.245751603999452,ok,0.0890149749993725,0.052616569291141,0.3961713860007876
120,12.774,12.774715109999306,4.209165017999112,ok,0.0902107129986689,0.05213812767088493,0.3961269960000209
121,12.808,12.809733016998507,4.174254924999332,ok,0.09297411300030944,0.051661430227830325,0.39612819099966146
122,12.825,12.826276830999632,4.158950934999666,ok,0.113355359999332,0.05120974627848975,0.3961317710000003
123,12.842,12.843445313999837,4.142214569999851,ok,0.09622027199839067,0.05121473813926082,0.39616982100051246
124,12.858,12.858352256998842,4.127469683000527,ok,0.08133729699875403,0.0512165082784836,0.396170930000153
125,12.892,12.893163710999943,4.09185959000024,ok,0.04907221100074821,0.051174059974695,0.3961280989988154
126,13.084,13.084306868999192,4.492232140000851,ok,0.09347298000102455,0.055679952848100886,0.3961285459990904
127,13.101,13.102216241999486,4.474638932999369,ok,0.07876842399855377,0.05708875285714597,0.39613101900067704
128,13.118,13.118161992999376,4.459052164000241,ok,0.06278843700056314,0.05564852187342671,0.3961700159998145
129,13.135,13.136104182998679,4.441694197999823,ok,0.044950453000637935,0.05565455112658048,0.3961694619993068
130,13.286,13.286679186998299,4.765189330999419,ok,0.0785530649991415,0.05932403437974601,0.3961704489993281
131,13.303,13.303404253998451,4.748951969999325,ok,0.061813794000045164,0.05933043211391837,0.3961715189998358
132,13.388,13.389023323999936,4.988881700999627,ok,0.09879184099918348,0.06189952191140682,0.3642132400000264
133,13.404,13.40480940299858,4.973286331000054,ok,0.12061621800057765,0.06142592539240295,0.3266239870008576
134,13.438,13.438684983999337,4.939317820000724,ok,0.08677291700041678,0.06142429667087976,0.3272109379995527
135,13.455,13.45611440399989,4.922260731000279,ok,0.10665558599976066,0.06095669341772884,0.3165187310005422
136,13.472,13.472471506998772,4.906072675999894,ok,0.09026183400055743,0.060959266607593994,0.3165090779984894
137,13.505,13.507027145999018,4.871942001000207,ok,0.0942271610001626,0.06047707646833755,0.3165404139999737
138,13.555,13.55612491699867,4.8205580369995005,ok,0.08440498200070579,0.05995090286074928,0.3165968329994939
139,13.572,13.572961002999364,4.804837718000272,ok,0.1047309010009485,0.061039842129869244,0.31725814799938235
140,13.589,13.58936478599935,4.789501165998445,ok,0.08828270399862959,0.059508762367104166,0.3164990179993765
141,13.606,13.6064481909998,4.77173367999967,ok,0.10808105199976126,0.05903330158227756,0.31652296100037347
142,13.656,13.656735574999402,4.721536596000078,ok,0.09429321199968399,0.05857237093670524,0.3163655030002701
143,13.707,13.70789505599896,4.670778187000906,ok,0.08011310000074445,0.05810931563290161,0.31632179000007454
144,13.724,13.724722928998744,4.6540523749990825,ok,0.10020514899952104,0.05764328822783394,0.3163164849993336
145,13.774,13.774254583999209,4.602291781000531,ok,0.05345944400141889,0.05757960927847399,0.31640190799953416
146,13.842,13.842920709999817,4.6564568350004265,ok,0.09308225300082995,0.057763865443029076,0.316357927998979
147,13.892,13.893023339998763,4.606875172999935,ok,0.07952875699993456,0.05730777015189601,0.31631265000032727
148,13.909,13.909151566998844,4.590127228000711,ok,0.0666315950002172,0.05725896843038834,0.3163712690002285
149,14.109,14.110155972999564,5.201594534000833,ok,0.07267474500076787,0.06492271930380147,0.31631419899895263
150,14.233,14.2335079759996,5.6193200849993445,ok,0.11039477899976191,0.06973290811392756,0.31631274199935433
151,14.249,14.24973088599836,5.602563792001092,ok,0.09413744599987695,0.06972670946835266,0.3163284800011752
152,14.264,14.264938492999136,5.587188166999113,ok,0.08228461799990328,0.06968194981011867,0.3163891149997653
153,14.295,14.295251096998982,5.557745757001612,ok,0.052016427000125987,0.06969257675949318,0.3163122370006022
154,14.357,14.357461436999074,5.656333523000285,ok,0.09935922200020286,0.07034101492404894,0.3172097179995035
155,14.389,14.389169733998642,5.625274480998996,ok,0.0704209549985535,0.07031431379747821,0.31638069700056803
156,14.528,14.528230610998435,5.641922752998653,ok,0.09459248299936007,0.07021903554430284,0.31637564999982715
157,14.575,14.575286527999197,5.595029737000004,ok,0.08436773999892466,0.06975502921518398,0.316318882001724
158,14.59,14.593060270999558,5.5774106070002745,ok,0.10381219900045835,0.06928586930378146,0.3161955700015824
159,14.637,14.638091009999698,5.532851809000931,ok,0.06162017399947217,0.06925584826583159,0.3162411949997477
160,14.653,14.653513208999357,5.516709743998945,ok,0.04623725799865497,0.06924628801266695,0.31619108599988976
161,14.715,14.715937674998713,5.605494843000997,ok,0.11069555700123601,0.06955421435442893,0.3161955100003979
162,14.761,14.762549572998978,5.558945319999111,ok,0.10049068700027419,0.06909417424050177,0.3161898630005453
163,14.777,14.778584147999936,5.542967723999027,ok,0.08448994100035634,0.06909447655695508,0.31619186700118007
164,14.823,14.823336677000043,5.498481077998804,ok,0.07616045899885648,0.06863678672152097,0.31623858000057226
165,14.854,14.85483928999929,5.466922215999148,ok,0.08124036799927126,0.0681730120759542,0.31623507400036033
166,14.87,14.870254010998906,5.451008567000827,ok,0.10229122600139817,0.06770498055694485,0.31620469499830506
167,14.886,14.887120406998292,5.4349843979998695,ok,0.08545851899907575,0.0677152882531636,0.31624177400044573
168,14.901,14.901684762999139,5.419004412000504,ok,0.07424053300019295,0.06765484468354471,0.3162061189996166
169,14.917,14.91803846899893,5.4036724970010255,ok,0.05792265400123142,0.06766752902531382,0.3162260509998305
170,15.0,15.00369697899987,5.69567341200127,ok,0.07268986199960636,0.07117667700001647,0.3161946499985788
171,15.072,15.075929433000056,5.670728851999229,ok,0.10515359899909527,0.07045009221520225,0.3162176530004217
172,15.087,15.088457520998418,5.65804852600013,ok,0.09541523299958499,0.07041273902532223,0.316199229000631
173,15.187999999999999,15.1890509320001,5.683809031001147,ok,0.10513763900053164,0.07061589791139133,0.3161913439998898
174,15.202000000000002,15.202567423999426,5.67005029900065,ok,0.12771781999981613,0.07015561950632944,0.3163219449997996
175,15.216999999999999,15.218051549998563,5.654417567000564,ok,0.1122003210002731,0.07015445037974086,0.3162678370008507
176,15.245000000000001,15.246074770999257,5.625506480000695,ok,0.08423425200089696,0.07014229873417621,0.31620410200048354
177,15.274000000000001,15.27564950499982,5.596642538999731,ok,0.05917974499971024,0.07009414763291992,0.3162214830008452
178,15.332,15.332477492998805,5.664291996999964,ok,0.11096970200014766,0.07029481008861165,0.3162162540011195
179,15.361,15.361836165999193,5.63500867699986,ok,0.0845266479991551,0.07025904179746145,0.3162322629996197
180,15.448,15.448541787998693,5.633260373000667,ok,0.11113288600063242,0.06990015611391535,0.3163386569995055
181,15.489999999999998,15.4907372939997,5.5912587710008665,ok,0.10607190799964883,0.06943238767089957,0.3163919349990465
182,15.504999999999999,15.505378476998885,5.576250628000707,ok,0.09147338000002492,0.06942696441772661,0.31628566500148736
183,15.518999999999998,15.519760915998631,5.561769018999257,ok,0.08001330799925199,0.06938901135442933,0.3162493509989872
184,15.533000000000001,15.533321589999105,5.547569890999512,ok,0.06641001800016966,0.06938143788606276,0.3163035010002204
185,15.663,15.666888599998856,5.886180085999513,ok,0.10465868000028422,0.07318360420253203,0.31637337599931925
186,15.692,15.692468584999006,5.860333022001214,ok,0.11659873200005677,0.07270516845570064,0.3163556999988941
187,15.706,15.706535885999983,5.846706543001346,ok,0.10257554600138974,0.07271033186075732,0.3164237509990926
188,15.75,15.750372029999198,5.802795502999288,ok,0.061715395999272005,0.07267170672151488,0.3164080170008674
189,15.806999999999999,15.80816352399961,5.809958650999761,ok,0.09537591799926304,0.07233629781013072,0.3164410109984601
190,15.850999999999999,15.851305999000033,5.7664535460007755,ok,0.08956595400013612,0.07185913259495522,0.31629296699975384
191,15.864999999999998,15.865427641998394,5.752394629000264,ok,0.11261902699880011,0.0713893897468379,0.3162963220001984
192,15.893999999999998,15.89518361699993,5.721718992001115,ok,0.08281373800127767,0.07137817984808471,0.31622103299923765
193,15.908999999999999,15.909718279999652,5.707977304999076,ok,0.07120729899907019,0.07135123178481471,0.3162811549991602
194,15.922999999999998,15.923331165999116,5.694616577000488,ok,0.05762885500007542,0.0713540874430346,0.31629918399994494
195,16.054,16.054172485999516,6.217113816001074,ok,0.07291740300024685,0.07777430870887253,0.4044059620009648
196,16.121,16.127157109998734,6.197991409999304,ok,0.10562327399929927,0.07711824477215326,0.4044325699996989
197,16.175,16.17657883999891,6.148632017999262,ok,0.09317974999976286,0.07665108501265722,0.40443147900077747
198,16.229,16.22964510299971,6.095653904998471,ok,0.04307796399916697,0.076614705379753,0.4044319379991066
199,16.269,16.26984371599974,6.116513922999729,ok,0.06794826299847045,0.07656380575951252,0.40425549099927593
200,16.336,16.337866503999976,6.1352935139984766,ok,0.10534069899949827,0.07632814718988212,0.40414475699981267
201,16.35,16.351140505999865,6.122104707001199,ok,0.13113613800123858,0.07583483083544706,0.404153817000406
202,16.404,16.404415072998745,6.069471971000894,ok,0.11477071700028318,0.07537569405063044,0.40456680600073014
203,16.418,16.418486248998306,6.055629684999076,ok,0.1006376299992553,0.075379460987336,0.40443743700052437
204,16.431,16.431843820999347,6.04232850399967,ok,0.08731986500060884,0.07537968427848545,0.40443568699993193
205,16.444,16.444418660999872,6.029638687999977,ok,0.07796780600074271,0.07533740346834632,0.40312033699956373
206,16.538,16.538580123999054,6.103571731000557,ok,0.0965447819999099,0.0760381321265816,0.40322508300050686
207,16.578,16.57851608799865,6.063329689999591,ok,0.0945045200005552,0.07555447698732794,0.40318503900016367
208,16.605,16.60847769599968,6.032687656001144,ok,0.10220049500094319,0.07506912162025861,0.4027831259991217
209,16.619,16.61934377199941,6.022572235999178,ok,0.09130575800008955,0.07507913434176461,0.4032205729999987
210,16.646,16.646324438999727,5.994912890000705,ok,0.10065807300088636,0.07461062111390594,0.40323279699987324
211,16.659,16.65956636899864,5.982411843999216,ok,0.0873806899999181,0.07462045160757987,0.4043104049997055
212,16.686,16.68720208099876,5.954823734999081,ok,0.06282336000003852,0.07458210244303816,0.4043100120015879
213,16.767,16.767226533998837,6.000266560000455,ok,0.09913255799983745,0.07469770483545243,0.40431023800010735
214,16.781,16.781232130999342,5.986458984998535,ok,0.1175564499990287,0.07428971224051772,0.4043081229992822
215,16.808,16.80918024699895,5.958754186000078,ok,0.08964481200018781,0.07429234265823019,0.4043338119990949
216,16.834,16.836844330999156,5.930587057000594,ok,0.09923670199896151,0.07381435564558517,0.4043469140015077
217,16.861,16.861186010999518,5.906183601999146,ok,0.07876668199969572,0.07376446334177372,0.40425146000052337
218,16.875,16.87655526599883,5.890998987000785,ok,0.06347281700072926,0.073765979582288,0.4042803240008652
219,16.888,16.88905621399863,5.878824846999123,ok,0.05086176199984038,0.07377148854430754,0.40433245199892554
220,17.051,17.051564571998824,6.42408651400001,ok,0.10332473800008302,0.08000923418987003,0.4042828630008444
221,17.076,17.076715258999684,6.39965538800061,ok,0.11503315300069517,0.07955169981012866,0.4032464580013766
222,17.126,17.12864538499889,6.3478009379996365,ok,0.09988963499927195,0.0790872818481056,0.4032412109991128
223,17.138,17.13871372599897,6.337954369000727,ok,0.09002780099945085,0.07908747478481179,0.4032736500012106
224,17.164,17.16510667199873,6.31180264700015,ok,0.09939390200088383,0.07863790175948061,0.4031668970001192
225,17.202,17.202954024000064,6.274013378000745,ok,0.09782191600061196,0.08021009522077269,0.4031664930007537
226,17.214,17.21502306399998,6.262037454000165,ok,0.08579272399947513,0.07818013277215016,0.4031373990001157
227,17.227,17.228337126000042,6.248778301000129,ok,0.10881602100016607,0.07772088177213696,0.40460252500088245
228,17.265,17.265696073000072,6.211128293000002,ok,0.10800671300057729,0.07725452953164227,0.40455995999946026
229,17.328,17.329015289999006,6.147714548000295,ok,0.08116291099941009,0.07878619027272994,0.40457397300087905
230,17.353,17.353376434999518,6.1231313810003485,ok,0.06031991900090361,0.0767442603037931,0.4045215639998787
231,17.429,17.42990370699954,6.249977993998982,ok,0.09792014099912194,0.07787380860760625,0.4045846389999497
232,17.467,17.46811289099969,6.211854899000173,ok,0.06266841099932208,0.0778376009620382,0.4045814599994628
233,17.58,17.58508340499975,6.427454523000051,ok,0.10557098999925074,0.08002346349367374,0.40455688999827544
234,17.631,17.632489085999623,6.380230176999248,ok,0.09648590100005094,0.07954083406327266,0.40459366899995075
235,17.681,17.681905351999376,6.330936312999256,ok,0.08501492799950938,0.07906210296204325,0.4045724389998213
236,17.694,17.694839535999563,6.318152457000906,ok,0.07526643500023056,0.07902369116456175,0.4044711130009091
237,17.706,17.706794091998745,6.306520848998844,ok,0.0633832009989419,0.0790267827721632,0.4035682329995325
238,17.719,17.720016460998522,6.292888749001577,ok,0.05005793600139441,0.07902299255695226,0.4035791109999991
239,17.795,17.798728467998444,6.290071076000459,ok,0.10725047899904894,0.07826336335443856,0.40361991000099806
240,17.833,17.833670393998545,6.255372370000259,ok,0.1096149980003247,0.0777942181392501,0.403544624999995
241,17.845,17.846447074000025,6.242273093001131,ok,0.09680987300089328,0.07779047730379912,0.4036380289999215
242,17.858,17.859253324999372,6.229203419999976,ok,0.08411614799842937,0.07778556155698182,0.40352637999967556
243,17.896,17.896459153998876,6.192100816000675,ok,0.08397411000078137,0.07731787253164206,0.4050519490010629
244,17.908,17.908167017998494,6.1803522589998465,ok,0.07611839799938025,0.07726856891140069,0.4041816170010861
245,17.933,17.933338688999356,6.155622865000623,ok,0.05091526099931798,0.07727459118988135,0.40506718899996486
246,18.024,18.02485451999928,6.347824239001056,ok,0.11614413400093326,0.0788816475822709,0.40421208899897465
247,18.047,18.049082172999988,6.324443286999667,ok,0.12900625099973695,0.07842305582276891,0.4050609460009582
248,18.119,18.120124176999525,6.25357939100104,ok,0.09582976599995163,0.07794601411393459,0.4050419539998984
249,18.143,18.1431870969991,6.231048390000069,ok,0.11020916300003591,0.07747868931644779,0.4050677520008321
250,18.166,18.166263748998972,6.207392674999937,ok,0.0870894359995873,0.07747199621519053,0.4050399989992002
251,18.19,18.190303069999572,6.183071274999747,ok,0.10026681599993026,0.0769971349873461,0.4042094470005395
252,18.202,18.202928085998792,6.170907514000646,ok,0.08770935800021107,0.0770023344810144,0.4050939470016601
253,18.214,18.21542473199952,6.158353722999891,ok,0.07922646199949668,0.07695079713925271,0.4039456889986468
254,18.237,18.237793151000005,6.136319994000587,ok,0.056826222000381676,0.07695537010127,0.4040201509997132
255,18.308,18.308842645999903,6.408378710999386,ok,0.10112706600011734,0.07983842302532645,0.40318026000022655
256,18.332,18.33225536200007,6.385056703000373,ok,0.11611351600004127,0.07935351889873461,0.4031547350004985
257,18.344,18.34490919899872,6.373049025998625,ok,0.10343112499867857,0.07936200875950288,0.40389607699944463
258,18.368,18.368199645999994,6.349291890001041,ok,0.08405588999994507,0.0793065985443131,0.4039612599990505
259,18.392,18.39271698399898,6.323899024999264,ok,0.05943587299952924,0.07929639297467878,0.40455467799984035
260,18.404,18.405032361999474,6.3120849979986815,ok,0.04715581399977964,0.07930261518986645,0.4045504300011089
261,18.487,18.487167989998852,6.727497088000746,ok,0.1011716709999746,0.08387712987342075,0.40454969700112997
262,18.498,18.501743797000017,6.713587467000252,ok,0.12540971700036607,0.08339445082278468,0.40454693399988173
263,18.51,18.51104750400009,6.704369236000275,ok,0.1161521560006804,0.0833949557088516,0.4045221449996461
264,18.557,18.562204156000007,6.653060327000276,ok,0.10299512399978994,0.08291195094937427,0.4045231820000481
265,18.593,18.59354816599989,6.621920724001029,ok,0.07518014400011452,0.0828699488481072,0.40452283400009037
266,18.665,18.66528620600002,6.611189279999962,ok,0.09750155500114488,0.08245142568352716,0.40449894400080666
267,18.689,18.68992151599923,6.58677803700084,ok,0.11060010400069586,0.08197674025315699,0.404500274999009
268,18.701,18.702917492999404,6.573842245999913,ok,0.09757182799876318,0.08197792583545195,0.404525198000556
269,18.724,18.724836569999752,6.551980318999995,ok,0.11275492099957773,0.0815090090126651,0.4031350540008134
270,18.736,18.73852263399931,6.5383871190006175,ok,0.09912411000004795,0.0815094758860901,0.40311659299914027
271,18.783,18.784009235998383,6.49294971999916,ok,0.09098578299926885,0.08103733916456654,0.40312183700007154
272,18.807,18.80770605499856,6.469307081999432,ok,0.10469289899992873,0.08056456237974562,0.4031254129986337
273,18.83,18.83082729399939,6.444933025000864,ok,0.08153999100068177,0.08054888387343016,0.4030964209996455
274,18.842,18.842813780998767,6.433733061998282,ok,0.10703659199862159,0.08008455193671177,0.40318292299889436
275,18.878,18.87816985599966,6.399002238998946,ok,0.07575658499990823,0.08004092429114337,0.40399934200104326
276,18.89,18.89015638299861,6.386966316000326,ok,0.0637026029999106,0.08004114754430126,0.4039984850005567
277,18.902,18.9023965339984,6.3746769670015055,ok,0.05142954400071176,0.08004093969621069,0.40399786600028165
278,19.047,19.047549889999573,6.992090334999375,ok,0.12014643399925262,0.08698643294938628,0.48073447100068734
279,19.059,19.06180045599831,6.977994259001207,ok,0.10586940000030154,0.086988744519002,0.4809773540000606
280,19.071,19.071727868999005,6.967734126001233,ok,0.13324551600089762,0.08651232588608418,0.48104442399926484
281,19.083,19.083889160998297,6.955518493999989,ok,0.12097032200108515,0.08651298610125138,0.481044041000132
282,19.119,19.119949019999694,6.919574649000424,ok,0.08504782400086697,0.08651281759493135,0.4810457969997515
283,19.143,19.144065833999775,6.895862150999164,ok,0.0973832189993118,0.08605652368355607,0.4809828990000824
284,19.166,19.16714872599914,6.872589021000749,ok,0.1120880140006193,0.08557578196202105,0.48097190199951
285,19.19,19.19049870299932,6.849384626000756,ok,0.08877078300065477,0.08557721516456385,0.48098076399946876
286,19.202,19.20258853299856,6.836091123001097,ok,0.08040996199997608,0.08551471845569296,0.4810420600006182
287,19.214,19.215174149998347,6.824156067999866,ok,0.06784007100031886,0.08552272622783456,0.4810437300002377
288,19.226,19.227945701999488,6.8106311350002215,ok,0.054926597000303445,0.08551484669619583,0.4809726910007157
289,19.285,19.285208779998356,6.807578353000281,ok,0.11716894600067462,0.08468854872151933,0.4809844060000614
290,19.32,19.321031038,6.771442859000672,ok,0.11888537999948312,0.08420940903799212,0.4809793750009703
291,19.344,19.34486517299956,6.746436310999343,ok,0.09502760699979262,0.08419463237976144,0.4810426389994973
292,19.368,19.37145755599886,6.720800941999187,ok,0.10751143999914348,0.08371233858228543,0.48073974100043415
293,19.38,19.38110437299838,6.711081654000736,ok,0.09783351800069795,0.08371178958227171,0.48093882799912535
294,19.404,19.40455731399925,6.687988371999381,ok,0.11071106400049757,0.0832565027594913,0.481004508001206
295,19.416,19.41644013899895,6.675892471999759,ok,0.09879827400072827,0.0832541696202532,0.4809927490005066
296,19.463,19.464130431999365,6.628254879999076,ok,0.0873195330004819,0.08279647475948095,0.4809940100003587
297,19.498,19.498169820999465,6.594522931000029,ok,0.05736994200015033,0.08274857853163517,0.48100302899911185
298,19.51,19.51045882499966,6.581568816000072,ok,0.0451178510011232,0.08273953378481069,0.4809818730009283
299,19.569,19.570147716000065,6.649901935999878,ok,0.11237834299936367,0.08275329184811821,0.48100316999989445
300,19.581,19.582081020998885,6.638031201999183,ok,0.13864321399887558,0.08227057273419448,0.4810041860000638
301,19.605,19.605559331999757,6.6138933860002,ok,0.11527453700000478,0.08226064059493217,0.48098782599845435
302,19.617,19.61844131699945,6.601561117000529,ok,0.10243619799985026,0.08226722718986994,0.4810018919997674
303,19.629,19.630532137000046,6.589165036999475,ok,0.0901618089992553,0.08226568184810402,0.48099321000154305
304,19.665,19.665787734998958,6.55374257999938,ok,0.0920744190007099,0.08179305718985683,0.4809892970006331
305,19.689,19.689705089998824,6.530238781000662,ok,0.10559522100083996,0.08132440499998032,0.48100549199989473
306,19.701,19.701827040998978,6.517943504999494,ok,0.09351274899927375,0.08132162786076358,0.4810018770003808
307,19.724,19.725065158998405,6.4945649490000505,ok,0.07406668300063757,0.08127162729114032,0.48099109300164855
308,19.83,19.8339066009994,6.649740537999605,ok,0.11073163299988664,0.0827718483797301,0.48055098700024246
309,19.842,19.842899257999306,6.641606605000561,ok,0.10178588300004776,0.08278233783544871,0.4810034519996407
310,19.878,19.879888886998742,6.604388853998898,ok,0.1013385059995926,0.0823168182025164,0.480952249999973
311,19.914,19.918936409998423,6.565619888000583,ok,0.06584455900156172,0.0822754493924031,0.48095131700029015
312,20.09,20.093378777999533,6.934296729001289,ok,0.10931382600028883,0.0863918761012739,0.4809546699998464
313,20.112,20.117522558999553,6.910315175000505,ok,0.08882922399970994,0.08634772955697315,0.4809532399995078
314,20.157,20.158102634999523,6.868551441999443,ok,0.048233075000098324,0.08633265434177183,0.48095672899944475
315,20.235,20.237897069999235,7.0203665110002476,ok,0.11579377299858606,0.08739946501267282,0.48094922400014184
316,20.246,20.246303779998925,7.012672640999881,ok,0.10742550199938705,0.08740786427848964,0.48094962799950736
317,20.257,20.25990683999953,6.999136087000807,ok,0.13168849400062754,0.08692951502531816,0.4809296740004356
318,20.302,20.302747272999113,6.956389560000389,ok,0.08875601299951086,0.08693187489875008,0.48095348400056537
319,20.314,20.315249548999418,6.944056812999406,ok,0.11388706700017792,0.08645764687341248,0.4809527400011575
320,20.336,20.33699148300002,6.922479147999184,ok,0.09210909600005834,0.08646018900000417,0.48095346199988853
321,20.359,20.35989011499987,6.898235906000991,ok,0.07281252900065738,0.08639738315190398,0.48095319800086145
322,20.37,20.371811195998816,6.8863916369991784,ok,0.06092632099898765,0.08639808635444188,0.480951109999296
323,20.437,20.437916297998527,7.0238774709996505,ok,0.116182679999838,0.0874387903417692,0.48095342100168637
324,20.46,20.462550145999558,6.999316786999771,ok,0.1285987720002595,0.08697090605063393,0.4809531169994443
325,20.526,20.52865282499988,6.93327771300028,ok,0.09961780899902806,0.08650183136710496,0.48095351600022695
326,20.56,20.560277261998635,6.901785296000526,ok,0.10514606200013077,0.086033213645558,0.48115441700065276
327,20.605,20.605347789000007,6.85677344099895,ok,0.06318673500027217,0.08599459097468419,0.48068438799964497
328,20.728,20.73052498299876,7.069495126999755,ok,0.10850750699864875,0.08811344455698188,0.480676470000617
329,20.785,20.786057856999832,7.014279326000178,ok,0.057502018000377575,0.08806020007595859,0.4811513099994045
330,20.841,20.84121237799991,7.046947622000516,ok,0.12275443299949984,0.08764781892405384,0.48067016000095464
331,20.896,20.89659399499942,6.991404845999568,ok,0.07066399600080331,0.08760397775949968,0.48115352999957395
332,21.011,21.011908432999917,7.1061159769997175,ok,0.10257016499963356,0.08865222525316853,0.4806689479992201
333,21.022,21.028601758998775,7.088596191000761,ok,0.12379115899966564,0.08816169912659208,0.48081898799864575
334,21.045,21.046113522999804,7.071181780000188,ok,0.10638110299987602,0.08816182729113486,0.4808181690004858
335,21.067,21.067905042998973,7.049570668999877,ok,0.08447616299963556,0.08816555375949375,0.48081011100111937
336,21.079,21.079236197998398,7.038384301000406,ok,0.07629988600092474,0.08812726522783239,0.4811273630002688
337,21.168,21.1697141679997,7.11853588699887,ok,0.1087002609983756,0.08873190349368087,0.480672218998734
338,21.179,21.17991825899844,7.10783616000117,ok,0.13660302000062075,0.08824325393670963,0.48081778600135294
339,21.201,21.2013751279992,7.0864408779998485,ok,0.11521233799976471,0.08824321549368103,0.48081910600012634
340,21.224,21.224328728998444,7.062683305000974,ok,0.09213852600078098,0.08823441037973773,0.480811185998391
341,21.235,21.236345472998437,7.051343450000786,ok,0.08015842300119402,0.0882425241012657,0.4811212439999508
342,21.269,21.26926978999836,7.0186022559992125,ok,0.08491521799987822,0.08776802077213515,0.4811679020003794
343,21.28,21.280583402000047,7.00741867600118,ok,0.07656752000002598,0.08773211631645769,0.4811767739993229
344,21.37,21.3713872190001,7.348050144000808,ok,0.10682447200088063,0.09166067053164728,0.48090045599929
345,21.392,21.396946361999653,7.32203970000046,ok,0.1210364260005008,0.09115145206328922,0.481173187999957
346,21.471,21.472163121999984,7.247533465000743,ok,0.0500278529998468,0.09110727578482061,0.480899670999861
347,21.526,21.52637600199887,7.2452648550006415,ok,0.12781464700128709,0.09009343062024516,0.4811580160003359
348,21.537,21.538686668998707,7.235425795000992,ok,0.1155436640001426,0.0901247550506313,0.48117101800016826
349,21.549,21.55089783999938,7.222603156000332,ok,0.1407697120012017,0.08964314367088413,0.48117193000143743
350,21.582,21.583423854999637,7.189655012000003,ok,0.10805016800077283,0.0896402083797258,0.4811708350007393
351,21.594,21.595348109998667,7.1784780340003636,ok,0.09629330499956268,0.08964756488608203,0.4809024549995229
352,21.605,21.60536765299912,7.1685552910003025,ok,0.08614275699983409,0.08965045439240212,0.48089912999967055
353,21.627,21.628048964999834,7.145968491999156,ok,0.10097904000031122,0.08917675405061772,0.4808993369988457
354,21.672,21.673426726998514,7.098328197998853,ok,0.0926034649983194,0.0886796969746833,0.48116484400088666
355,21.684,21.68567284799974,7.087508152999362,ok,0.0803300429997762,0.08869810753165876,0.48117561300023226
356,21.717,21.71884424399832,7.0544517999987875,ok,0.08415524199881474,0.08823125087342938,0.48117845299930195
357,21.751,21.75122382399968,7.0221679610003775,ok,0.08891042700088292,0.08776243153164315,0.4809063419997983
358,21.785,21.785215484998844,6.988506559999223,ok,0.09215327899983095,0.08729526355694625,0.4809400789999927
359,21.807,21.80717258599907,6.9670305180006835,ok,0.10698463399967295,0.08683570753165913,0.48094889399908425
360,21.818,21.819156089999524,6.954436584999712,ok,0.09496729300008155,0.08682842955694688,0.4809390899990831
361,21.874,21.874336831999244,6.898636633999558,ok,0.07698631300081615,0.0863496382404909,0.4809483219996764
362,21.896,21.896551086998443,6.8763119369996275,ok,0.09176576199934061,0.08811049454545189,0.48095489699881
363,21.907,21.908850955998787,6.86650153499977,ok,0.07950560900098935,0.08591095501264757,0.48094257799857587
364,21.919,21.919314887998553,6.85676523300026,ok,0.07325470500109077,0.08586681358226284,0.4809493939992535
365,22.022,22.024199570998462,6.824725937000039,ok,0.1160117170002195,0.08712558871428139,0.4814003629999206
366,22.045,22.047921071998644,6.8022376769986295,ok,0.12963246099934622,0.08446288903797733,0.4809411320002255
367,22.056,22.05708949399923,6.793184357999053,ok,0.1206109689992445,0.0866564674415713,0.48094071200102917
368,22.079,22.079522711999743,6.771023515999332,ok,0.09807391799949983,0.08446730149365907,0.4809392189999926
369,22.124,22.125694517999364,6.72497306400146,ok,0.05497760900107096,0.08442992478479867,0.4809397690005426
370,22.179,22.18021047199909,6.841266400999302,ok,0.10111495899946021,0.08531788044304368,0.48093962900020415
371,22.314,22.31420928499938,7.009433096000066,ok,0.08124354699975811,0.08769777388608671,0.4809399370005849
372,22.381,22.381356584999594,7.0304340360016795,ok,0.1261281710012554,0.087396038037972,0.48092803500003356
373,22.415,22.41914576199997,6.992723629000466,ok,0.1265035810010886,0.08691399397466279,0.48092731999895477
374,22.437,22.437294635999933,6.97467800099912,ok,0.10839781100003165,0.08691476277214596,0.48070657899916114
375,22.449,22.450165254998865,6.961868384998525,ok,0.0956057339990366,0.08691453801265761,0.48070546300004935
376,22.471,22.471239339998647,6.940288760999465,ok,0.07817652499943506,0.08686197750632599,0.48072786000011547
377,22.482,22.48512352399848,6.925575289000335,ok,0.06416214000091713,0.086852915177196,0.480733054000666
378,22.493,22.493872274999376,6.917480889998842,ok,0.05557209699873056,0.08685928706329867,0.48073678000037035
379,22.549,22.549492262998683,7.068307466999613,ok,0.12296826400051941,0.08791515393671874,0.4807313340006658
380,22.56,22.561820741999327,7.0563130539994745,ok,0.11055117399882874,0.08792063170887236,0.48071077299937315
381,22.616,22.616883947999668,7.001354247000563,ok,0.0590055000011489,0.09015998927271221,0.4807084700005362
382,22.684,22.68607769099981,7.0214991599987115,ok,0.11209199999939301,0.08746049965822426,0.48070728600032453
383,22.74,22.741986272998474,6.9639366249994055,ok,0.09415259100023832,0.08695892749365387,0.48073235000083514
384,22.762,22.763105809999615,6.943899615000191,ok,0.1111532429986255,0.08648998022786894,0.48072972299996763
385,22.773,22.77673471699927,6.930987865000134,ok,0.09742728699893632,0.08650039105063276,0.48070743199969
386,22.785,22.785471104998578,6.922359222000523,ok,0.08872702400003618,0.0865013246329218,0.4807069020007475
387,22.807,22.808357197000078,6.89956747100041,ok,0.10316962800061447,0.08603001097467716,0.48070709700004954
388,22.818,22.818287632999272,6.88973845000146,ok,0.09327541000129713,0.086030855240488,0.48070699099844205
389,22.852,22.85239047199866,6.8558496559999185,ok,0.10035949399934907,0.08551217896203088,0.48070490999998583
390,22.863,22.864569972998652,6.841246083000442,ok,0.08815213500020036,0.08548168688606823,0.4806564390000858
391,22.885,22.88543598599972,6.8216825330000574,ok,0.10476034800012712,0.08502397437974028,0.4806557750016509
392,22.896,22.897296198998447,6.809926076999545,ok,0.09293865499967069,0.08502483626582517,0.4806558239997685
393,22.919,22.919698620999043,6.787618004000251,ok,0.0745099180003308,0.08497573134176307,0.48065525600031833
394,22.941,22.94140637899909,6.766073537999546,ok,0.052717335000124876,0.08497887024048718,0.48063938800078176
395,23.012,23.013393579998592,7.008407040000748,ok,0.10267230600038602,0.08741391456961434,0.4806375530006335
396,23.035,23.0358364599997,6.985077671000909,ok,0.11743564599964884,0.08693165397470451,0.4806387120006548
397,23.083,23.08330095099882,6.938047383999219,ok,0.10725156999978935,0.08646539992404069,0.4806388130000414
398,23.107,23.108019111999965,6.913894383000297,ok,0.08257065900033922,0.08647208759492382,0.48063934499987226
399,23.131,23.13125873199897,6.890364861001217,ok,0.09614223900098295,0.0860021702531562,0.480639308998434
400,23.155,23.155447347999143,6.865578988999914,ok,0.07574339200073155,0.08594693392405123,0.4806564939990494
401,23.226,23.226889556999595,6.852672269000323,ok,0.0804831479999848,0.08572344586074122,0.4806561679997685
402,23.296,23.298288824998963,7.024414379000518,ok,0.09763189800105465,0.08768029937974588,0.4806400189991109
403,23.38,23.380655513999955,7.1512788309992175,ok,0.12841449400002602,0.08889667021519673,0.4806576129994937
404,23.416,23.419813672999226,7.112901805998263,ok,0.1270020799984195,0.08842874811392604,0.480658182001207
405,23.428,23.42865544399865,7.103654774999086,ok,0.11810769499970775,0.08842425922785545,0.48063890500088746
406,23.463,23.463756860999638,7.0688224469995475,ok,0.0829581310008507,0.0884282715949298,0.48021027100003266
407,23.475,23.47770832599963,7.05293760099994,ok,0.10644515600142768,0.08792928227845964,0.48021283600064635
408,23.487,23.48828944899833,7.042487032000281,ok,0.09598128600009659,0.08793008078482902,0.4802120050007943
409,23.498,23.49815643999864,7.032731301998865,ok,0.08604657399882853,0.08793235430381127,0.480211201000202
410,23.522,23.523283593998713,7.008580218000134,ok,0.0648647340003663,0.08789471196203384,0.4802114750000328
411,23.593,23.593344765999063,7.369399991999671,ok,0.11767942500046047,0.0917934111139057,0.48021157100083656
412,23.617,23.617650903999674,7.345210194000174,ok,0.13058663099945989,0.09132397907595514,0.4802106390015979
413,23.629,23.631828265999502,7.331193773999985,ok,0.1163743320012145,0.09132649856962152,0.4802109800002654
414,23.677,23.677900337999745,7.285324083000887,ok,0.07405797700084804,0.09128153821517186,0.48021008299838286
415,23.748,23.74831483699927,7.238094143000126,ok,0.1023140390007029,0.09032586456961798,0.4802111179997155
416,23.795,23.79520780799976,7.191505459999462,ok,0.09232436899947061,0.08986142617721248,0.48020944999916537
417,23.818,23.81866232899847,7.168503939999937,ok,0.07264173899966408,0.08982062762025415,0.4802106869992713
418,23.902,23.902506071999596,7.135943915000098,ok,0.09086020600079792,0.0891778258227751,0.48020965500109014
419,24.095,24.098299186000077,7.215621840001404,ok,0.10648071200012055,0.0899887840759554,0.4802101599998423
420,24.119,24.122526918999938,7.190611639000053,ok,0.11792471700027818,0.08952712694936284,0.4802120210006251
421,24.19,24.190390368999942,7.122993322000184,ok,0.08691130700026406,0.08906392117721305,0.48021183399941947
422,24.202,24.2026427339988,7.110911296000268,ok,0.07803933500144922,0.08902336397468273,0.4807486189984047
423,24.214,24.214969816999655,7.098703113999363,ok,0.06582703899948683,0.08902341986076057,0.4807439929991233
424,24.226,24.226803060999373,7.087030321999919,ok,0.054026578000048175,0.08902502111390899,0.4807282250003482
425,24.296,24.29701038499843,7.105128612000044,ok,0.10549763100061682,0.08860256518986533,0.4807026329999644
426,24.356,24.356846575999953,7.04478691300028,ok,0.08182371200018679,0.08813797740505741,0.48074092699971516
427,24.368,24.36906307499885,7.032440461000078,ok,0.10692504600046959,0.08766427964557023,0.4807448610008578
428,24.404,24.404691475998334,6.997057881000728,ok,0.10750565200032725,0.08720920003796419,0.4807465539997793
429,24.416,24.416643542999736,6.985334938999586,ok,0.09553138000046602,0.08721236187340788,0.48073683099937625
430,24.44,24.440867726998476,6.9613786680001795,ok,0.10762030400110234,0.08675608687342072,0.48070263500085275
431,24.487,24.4871977469993,6.915269208000609,ok,0.09776340000098571,0.08629717963290953,0.48070157499932975
432,24.498,24.499404339998364,6.903268183999899,ok,0.08559165699989535,0.08629931067088928,0.48070172799998545
433,24.51,24.51182457499999,6.888533003000703,ok,0.10947765800119669,0.08581030967086664,0.48073072399893135
434,24.557,24.55870035999942,6.841762856000059,ok,0.06633473500005493,0.0857645442658303,0.4807383890001802
435,24.641,24.64123440899857,6.892906134000441,ok,0.10950777000107337,0.08586548025315223,0.48074769499908143
436,24.665,24.66545399699862,6.868971055000657,ok,0.12177493499984848,0.08540724131646267,0.48071619699840085
437,24.689,24.689446282998688,6.84520229699956,ok,0.09781269999984943,0.08540927745569299,0.48071058000095945
438,24.701,24.702704964998702,6.832051348999812,ok,0.08462483599942061,0.08541013277216378,0.48070314600045094
439,24.712,24.712557450999157,6.822299104000194,ok,0.11250740400100767,0.08493372520252372,0.48070431599990116
440,24.724,24.727762992999487,6.807189897999706,ok,0.09726888899967889,0.08493537629112348,0.4807032179996895
441,24.748,24.748902117999023,6.7863437439991685,ok,0.11437733599996136,0.08445492802530691,0.4807038309991185
442,24.783,24.783943156999158,6.748726666000948,ok,0.07929959800094366,0.08442212568355253,0.4807022550012334
443,24.795,24.7955318159984,6.737255149000703,ok,0.1056240660000185,0.08394433070887179,0.48070553300021857
444,24.807,24.80740690699895,6.726529651999954,ok,0.09371872999872721,0.08395913862026462,0.4807066190005571
445,24.83,24.830241923998983,6.7038044320015615,ok,0.10787570000138658,0.08349239584808683,0.4807079950005573
446,24.842,24.842247212000075,6.691998267000599,ok,0.0959711880004761,0.08349368446834898,0.4807086140008323
447,24.89,24.890487999999095,6.644653831999676,ok,0.08460947399908036,0.08303819813924827,0.48070307899979525
448,24.926,24.926356138999836,6.6079712549999385,ok,0.08573654700012412,0.08255964883544119,0.4807092749997537
449,24.938,24.938268335999965,6.596782057000382,ok,0.11101643700021668,0.08209795825316661,0.48070283500055666
450,25.0,25.00033550599983,6.53418391500054,ok,0.05276320700068027,0.08204296435441036,0.4807090619997325
451,25.076,25.07632016899879,6.504726286999357,ok,0.10274025500075368,0.08103724817721994,0.48070541100059927
452,25.088,25.09169905499948,6.490448482998545,ok,0.09038908099864784,0.08101298337975164,0.4807090379999863
453,25.189,25.189287704999515,6.522712003999914,ok,0.11769055200056755,0.08107587954429066,0.48070391900000686
454,25.24,25.24095813599888,6.469302493000214,ok,0.10372889899917936,0.08057634363292522,0.4806547970001702
455,25.278,25.281799953998416,6.429625930999464,ok,0.06714782000017294,0.08053725165822631,0.48073817499971483
456,25.29,25.29060939899864,6.41983761100164,ok,0.05821091700090619,0.08052655084809632,0.4807389540001168
457,25.303,25.303337940998972,6.408194772999195,ok,0.045639599000423914,0.08053835712658677,0.4807392920010898
458,25.366,25.368162806998953,6.666818601999694,ok,0.10450885799946263,0.08306674601265547,0.4576014000012947
459,25.404,25.404726601998846,6.629121648998989,ok,0.10516745399945648,0.08258134735444424,0.4203131089998351
460,25.416,25.416786355999648,6.618317188000219,ok,0.09323892400061595,0.08259556946833545,0.4202707879994705
461,25.429,25.429868784000064,6.605342348999329,ok,0.08018151599935663,0.08259662101266292,0.42026242400061165
462,25.442,25.445238244999928,6.590077965000091,ok,0.10249338200083002,0.08212096411390823,0.3831206849990849
463,25.492,25.492878519999067,6.542534028998489,ok,0.0925344879997283,0.081645212734173,0.3750717170005373
464,25.504,25.505139179998878,6.530387291000807,ok,0.08031337800093752,0.08164608592405669,0.37508779500058154
465,25.542,25.542245197999364,6.4934133349997865,ok,0.08043806199930259,0.0811765094303719,0.3751295609999943
466,25.58,25.580966521998562,6.454905311999028,ok,0.0794110949991591,0.08070212006329908,0.3751474139990023
467,25.605,25.60567596599867,6.430299703999481,ok,0.09233864899943,0.08022701753165902,0.3751650049998716
468,25.618,25.61906719899889,6.417008869999336,ok,0.07892108999840275,0.08022863586076617,0.3751822779995564
469,25.656,25.65691565799898,6.37925187700057,ok,0.07856833400001051,0.07975518843037047,0.37518272299894306
470,25.669,25.670641235999938,6.365698826999505,ok,0.1025902910005243,0.07927956110126869,0.3752118459997291
471,25.681,25.682844287999615,6.35340901300151,ok,0.09035563799989177,0.07927887459493521,0.3751971080000658
472,25.694,25.695136497999556,6.340637548000814,ok,0.11529379800049355,0.07880147829113228,0.3747762799994234
473,25.706,25.70619938799973,6.327542680000988,ok,0.10426520300097764,0.07877513856961925,0.37484168999981193
474,25.744,25.745705771998473,6.292408446999616,ok,0.101734691999809,0.08039792168831325,0.374715523001214
475,25.757,25.758055416999923,6.280164794001394,ok,0.08946601699972234,0.07836293353164688,0.3747327410001162
476,25.795,25.795454923998477,6.242981746001533,ok,0.08900985200125433,0.0778980290506297,0.37476252800115617
477,25.82,25.820655570998497,6.218362671999785,ok,0.06773779700051819,0.07785568037975224,0.3748232639991329
478,25.833,25.834042638998653,6.204821811999864,ok,0.05431911300001957,0.07785406407594012,0.37479091599925596
479,25.896,25.896581792998404,6.219331016000069,ok,0.09751053900072293,0.0774908815696154,0.3746348320000834
480,25.908,25.908808490999945,6.208592448998388,ok,0.08527252299973043,0.07750993112658532,0.3748074530012673
481,26.076,26.0761631259993,6.5057814289993985,ok,0.10618975999932445,0.08100708012658933,0.37458975600020494
482,26.101,26.102773995999087,6.479801329000111,ok,0.08360401500067383,0.08096419002531893,0.37461279800118064
483,26.138,26.13873878999948,6.444008319000204,ok,0.047667819999333005,0.08096612112659167,0.37465599099959945
484,26.189,26.189605932999257,6.442547237000326,ok,0.12195397699906607,0.08000731196204205,0.37467071399987617
485,26.227,26.22981031499876,6.402422563000073,ok,0.11964047299989033,0.07952870006328673,0.37468648399953963
486,26.24,26.241777277999063,6.390515389000939,ok,0.10770886899990728,0.07952902069620352,0.3747008010013815
487,26.265,26.265708567998445,6.366682320000109,ok,0.08384549299989885,0.07952939896202661,0.3747512989993993
488,26.278,26.27975487099866,6.353139204000399,ok,0.10754503800126258,0.07905791045568203,0.375911780000024
489,26.29,26.29106628199952,6.34148091499992,ok,0.09627133899994078,0.07905310718987367,0.37581109200073115
490,26.303,26.30379044899928,6.328917668999566,ok,0.08361860299919499,0.07905419429116131,0.3758878629996616
491,26.315,26.31579014199997,6.31627492699954,ok,0.07533155899909616,0.07899893115190244,0.37567061399931845
492,26.34,26.340473520998785,6.290965494001284,ok,0.05067778000011458,0.07899061583543986,0.37564143000054173
493,26.391,26.391231494999374,6.3267880370003695,ok,0.12531698100065114,0.07849923453164892,0.3757072629996401
494,26.404,26.404425139999148,6.314306180998756,ok,0.11204274999909103,0.07850934625317287,0.37576084399916
495,26.416,26.41629389099944,6.302510219000396,ok,0.13776224600042042,0.07803458089873384,0.3757608150008309
496,26.467,26.467202571999223,6.251654335999774,ok,0.08688034699844138,0.07803492691141113,0.375776262000727
497,26.492,26.494563611999183,6.224353620000329,ok,0.06335754499923496,0.07798711588608817,0.37579389100028493
498,26.504,26.50455775499904,6.2145200349987135,ok,0.053341376999014756,0.07798941753164307,0.375827820998893
499,26.555,26.555256011999518,6.211948023001241,ok,0.12853309999991325,0.0770048901519163,0.37584439300007944
500,26.631,26.632157420999647,6.135220558000583,ok,0.05528386500009219,0.07696089816456635,0.37593127400032245
501,26.681,26.681232523998915,6.10920223300127,ok,0.08382196300044598,0.07627032559494067,0.3759505640009593
502,26.757,26.761606197998844,6.232153951999862,ok,0.11767906800014316,0.07739805706331003,0.3757274380004674
503,26.769,26.76970283999981,6.224149738000051,ok,0.10956901999998081,0.07739954859494855,0.3757444459988619
504,26.795,26.795627375999175,6.198285083999508,ok,0.120698718001222,0.07693128012657395,0.3768803820003086
505,26.807,26.8074592819994,6.186515543000496,ok,0.10891097300009278,0.07693152275949822,0.37689792399942235
506,26.82,26.82049440499941,6.173532939001234,ok,0.09595561000060115,0.07693119125316933,0.3769163959987054
507,26.871,26.872729707998587,6.12146077700163,ok,0.08016737200159696,0.07647188493669828,0.3761051170004066
508,26.883,26.883489469999404,6.110760329000186,ok,0.10642260399981751,0.07600409356962677,0.3761033809987566
509,26.933,26.933675184000094,6.06062745700001,ok,0.060003594000590965,0.07595709713924303,0.3761027410000679
510,27.04,27.041065922998314,6.060647063000943,ok,0.10537840799952392,0.07538295184812215,0.37610302699977183
511,27.054,27.062227186999735,6.038272406000033,ok,0.12169511100000818,0.07489297082279739,0.3767469810009061
512,27.121,27.125842207999085,5.975393910999628,ok,0.09518546699837316,0.07443269274683442,0.3768227250002383
513,27.148,27.148638891998417,5.952827515000536,ok,0.0756209030005266,0.07439480732910518,0.3769314960009069
514,27.242,27.24346597799922,5.981773724999584,ok,0.10632067200094752,0.07437261792403684,0.3769445190009719
515,27.269,27.270784897998965,5.953505596000468,ok,0.11626866900041932,0.07388868444304765,0.3768014340002992
516,27.283,27.283633926999755,5.94184999800018,ok,0.10345652600153699,0.07390351935441399,0.37611203499909607
517,27.31,27.310598293999647,5.915008852000028,ok,0.11328844700074114,0.07343907234177165,0.3761031020003429
518,27.323,27.328732042999036,5.895637882000301,ok,0.09513556099955167,0.07342374998734158,0.3768425060006848
519,27.35,27.350958308999907,5.874101409999639,ok,0.07657689199913875,0.07338606863291555,0.37686051099990436
520,27.431,27.43171694299963,6.228073999000117,ok,0.12150454800030275,0.07729798994936389,0.37695053100105724
521,27.511,27.511597496999457,6.148249945001226,ok,0.079228726999645,0.07682284545571057,0.37695448900012707
522,27.525,27.532467601999087,6.127464482000505,ok,0.0955771859989909,0.07635282503798418,0.3769571000011638
523,27.538,27.538683830000082,6.121371569000985,ok,0.08932997600095405,0.0763547769620115,0.3769604270000855
524,27.578,27.578451599998516,6.082138322999526,ok,0.09073470399926009,0.07584029841771416,0.37696619000053033
525,27.592,27.593026325999745,6.067778745000396,ok,0.08115030199951434,0.0757799079746971,0.3769692429996212
526,27.605,27.605994477999047,6.0540010610002355,ok,0.0682172550004907,0.07576923668354159,0.3769581990000006
527,27.673,27.673755860998426,6.109384039998986,ok,0.10557032099859498,0.07599729539242041,0.37696192099974724
528,27.794,27.794553617999554,6.0986317500010045,ok,0.12380614100038656,0.07563023203796478,0.3769630850001704
529,27.875,27.87540734399954,6.018303011000171,ok,0.08000922099927266,0.07516799817722707,0.37696818899894424
530,27.888,27.89293784399888,6.0008545690016035,ok,0.0992350840006111,0.07470385489874458,0.3769687359999807
531,27.929,27.92957224699967,5.964279526999235,ok,0.0664348889986286,0.0746560782025409,0.37696880499970575
532,28.027,28.027240784998867,5.976409348999368,ok,0.12243947499882779,0.07410070063292838,0.3769697409989021
533,28.04,28.04222561699862,5.961229274000289,ok,0.10748231400066288,0.07409785206328717,0.3769400269993639
534,28.067,28.068138606999128,5.935434639999585,ok,0.1187976040000649,0.07362813927848268,0.37696417899860535
535,28.08,28.08100321999882,5.922518747998765,ok,0.10590434400000959,0.07362783984809781,0.3769673260012496
536,28.094,28.09577428800003,5.90658158199949,ok,0.09123799799999688,0.07361155716454407,0.37697005700101727
537,28.108,28.10884963299941,5.894316620999234,ok,0.11525272099970607,0.07315252715189569,0.3769887260004907
538,28.148,28.149258879999252,5.853770562000136,ok,0.07884317100069893,0.07310003027848751,0.37698748000002524
539,28.162,28.16311656399921,5.839985021999382,ok,0.06503116800013231,0.07310048259493174,0.3769879379997292
540,28.256,28.256398777999493,5.818506015999446,ok,0.12409263500012457,0.07208101084808409,0.37339174800035835
541,28.269,28.27417756399882,5.800895647998914,ok,0.10635300399917469,0.07208264653163957,0.37340772899915464
542,28.31,28.31056410399833,5.764839752999251,ok,0.10754664200067054,0.07161113760759943,0.3735574229995109
543,28.336,28.336441944999024,5.7381430589994125,ok,0.0816387909999321,0.07160099350633722,0.3733876539990888
544,28.363,28.36349299899848,5.71124693999991,ok,0.09234825000021374,0.07112511555696753,0.3733905280005274
545,28.377,28.377344002999962,5.6974580160003825,ok,0.07840833000045677,0.07112703529114524,0.3733920180002315
546,28.39,28.39071415699982,5.684146376999706,ok,0.10250597499907599,0.07065350353164095,0.37339191600040067
547,28.404,28.40444869499879,5.67052223599967,ok,0.0887256210007763,0.07065548974684203,0.37340930299978936
548,28.444,28.44532109299871,5.629799743001058,ok,0.08657224200032942,0.0701672602531692,0.3734101450008893
549,28.458,28.45902479599863,5.616315475999727,ok,0.10942644199894858,0.06970729268355574,0.3735618439986865
550,28.485,28.485962486998687,5.587871333000294,ok,0.08245262200034631,0.06968844899999072,0.37337429100080044
551,28.511,28.512421411000105,5.562815105000482,ok,0.09378361800008861,0.06922808491138692,0.37355418100014504
552,28.538,28.539085581998734,5.53609849699933,ok,0.10405247199923906,0.06875991173417995,0.37348031500005163
553,28.551,28.55133033799939,5.523327767999945,ok,0.09175558700007969,0.06875385767088568,0.3734626009991189
554,28.578,28.578697942999497,5.4965881730004185,ok,0.10157446400080516,0.06829115387340665,0.37348427799952333
555,28.633,28.633429452998826,5.441588763000254,ok,0.05142227899887075,0.06822978016456936,0.3734786540007917
556,28.821,28.82154239800002,5.945552297000177,ok,0.12317116800113581,0.0737008423164505,0.3945763830015494
557,28.834,28.840959455999837,5.926377691999733,ok,0.14331972999934806,0.07320307492404879,0.3943021100003534
558,28.848,28.851828509999905,5.915625857000123,ok,0.1325133509999432,0.07320376821518972,0.39443191699865565
559,28.875,28.875459965998743,5.89148574399951,ok,0.10886355799993908,0.07319741718985617,0.39446126500115497
560,28.902,28.90236571099922,5.864642448999803,ok,0.08570471299935889,0.07315091725315971,0.3942020680005953
561,29.013,29.01330026999858,5.773966322998604,ok,0.12578966099863464,0.07149572341772967,0.39442342500115046
562,29.04,29.04051866000009,5.746666487000766,ok,0.13591035699937493,0.07102203993671065,0.3942996719997609
563,29.108,29.112797757999942,5.673965298001349,ok,0.10103803000129119,0.07054305058227328,0.3945716040016123
564,29.148,29.14929202899839,5.637538852000944,ok,0.10161968800093746,0.0700747303924086,0.3945740619983553
565,29.162,29.16257724499883,5.624313199001335,ok,0.08837180200134753,0.07007502354428675,0.39457733500057657
566,29.202,29.203654842000105,5.583285468001122,ok,0.0838787320008123,0.06961256232912265,0.39458490799916035
567,29.215,29.216017531000034,5.570979259000524,ok,0.0746357980005996,0.0695737968607652,0.39458404400102154
568,29.323,29.326503808999405,5.47681404099967,ok,0.11606367400054296,0.0678572880506296,0.3943124509987683
569,29.336,29.340542205998645,5.462854478999361,ok,0.13894789699952526,0.06739101943036721,0.3943065369985561
570,29.418,29.422485606999544,5.381025532999047,ok,0.09446695400038152,0.06691826768354399,0.3943027129989787
571,29.458,29.4587915409993,5.344772501999614,ok,0.0957655980000709,0.06644294172152122,0.39430058100151655
572,29.498,29.498698783998407,5.304936937000093,ok,0.05982279300042137,0.06639366401264575,0.39432000600027095
573,29.511,29.511843721998957,5.291847204000078,ok,0.04671236099966336,0.06639394674682621,0.394310272000439
574,29.619,29.6243859719998,5.201663653000651,ok,0.11065378400053305,0.06444296877215712,0.3943123019998893
575,29.686,29.686831336999603,5.1388585540007625,ok,0.08516116100145155,0.06396957778479537,0.3947112529986043
576,29.7,29.700291981998816,5.12581683999997,ok,0.10912424900016049,0.06350225883542857,0.3943123970002489
577,29.727,29.727392357999634,5.0980944160000945,ok,0.08197982900128409,0.06349481263290888,0.39471585000137566
578,29.767,29.767263543999434,5.058484637998845,ok,0.04557285699956992,0.06345439968353725,0.3943164490010531
579,29.808,29.808794774999114,5.022488496999358,ok,0.10150864599927445,0.062290680506348624,0.3943101929999102
580,29.821,29.823017310998694,5.008476872000756,ok,0.12413725599981262,0.061826908772154986,0.3943045069991058
581,29.848,29.849159654999312,4.982381657999213,ok,0.0980253489997267,0.06182712872152156,0.39430668000022706
582,29.875,29.875384833998396,4.955993010000384,ok,0.1082622789999732,0.06136349097468605,0.39430649600035395
583,29.902,29.902482672998303,4.929128652000145,ok,0.08110787399891706,0.061366979544305374,0.3943233339996368
584,29.915,29.91548994599907,4.915651328999957,ok,0.07125413399990066,0.06132119162024929,0.3946991060001892
585,30.0,30.000936818998525,4.843021627999406,ok,0.11034613199990417,0.059906997620244144,0.39470828299999994
586,30.043,30.044045616999938,4.800215981000292,ok,0.10523529900092399,0.05942994329114622,0.39430761500079825
587,30.058,30.058223005999025,4.78619469700061,ok,0.09116173599977628,0.0594306043291183,0.3943240999997215
588,30.072,30.072185874998468,4.77228658400054,ok,0.11507707700002356,0.05895184334177786,0.39436961600040377
589,30.101,30.101548179998645,4.742972723001003,ok,0.08574508899982902,0.058952074278485145,0.39436925100017106
590,30.115,30.115466836999985,4.729103453000789,ok,0.10873774399988179,0.05848547154431499,0.3943703570002981
591,30.144,30.144471513998724,4.699604449000617,ok,0.07976166200023727,0.05847882989872209,0.3943280599996797
592,30.159,30.15955106599904,4.684773398999823,ok,0.06843843999922683,0.0584344385443049,0.3943346019987075
593,30.245,30.245174666999446,59.16168857200137,ok,0.10855069300123432,0.7475078903797434,54.54905110400068
594,30.303,30.30360900099913,59.102603708999595,ok,0.08754806999968423,0.7470258281265862,54.5491262430005
595,30.318,30.320176632998482,59.08611353199922,ok,0.07499084499977471,0.7469760454303791,54.5486678390007
596,30.347,30.34799878800004,59.05835117599963,ok,0.047203663998516276,0.7469763721519139,54.54868587300007
597,30.39,30.390613779998603,59.015795381001226,ok,0.10356087400032266,0.7457243178734321,54.548710110000684
598,30.448,30.44843143399885,58.95807614399928,ok,0.0488625170000887,0.7456860825569505,54.54875906500092
599,30.519,30.519504579999193,58.88717227400048,ok,0.10448811300011585,0.7440843435569484,54.54881401499915
600,30.548,30.548250823998387,58.85855673200058,ok,0.11363704100040195,0.743606382962016,54.54895598700023
601,30.562,30.562476419998347,58.84451280199937,ok,0.09933823000028497,0.7436096380253178,54.54908031100058
602,30.576,30.576418397999078,58.8306932710002,ok,0.08536600600018573,0.7436115597721497,54.5491746280004
603,30.605,30.607218825000018,58.80001310299849,ok,0.09135291899838194,0.7431474225569805,54.54926817699925
604,30.62,30.620604115998503,58.78672376299983,ok,0.07791412100050366,0.7431493201139243,54.54936334500053
605,30.649,30.649188823999793,58.75828192700101,ok,0.08735340699968219,0.7426698116455842,54.549456198999906
606,30.678,30.67907430699961,58.72867571799907,ok,0.09483982999881846,0.7422002782278481,54.549685531999785
607,30.692,30.693011452000064,58.71458391499982,ok,0.08086345199990319,0.742198813696206,54.5495484639996
608,30.721,30.721764887999598,58.68440886700046,ok,0.08904643800087797,0.7417132615443008,54.54903666899918
609,30.75,30.75072485399869,58.658807372999945,ok,0.09754431500005012,0.7412816369620095,54.550588844998856
610,30.793,30.79411258699838,58.61714446500082,ok,0.0920239010010846,0.7408241447721386,54.552190898000845
611,30.808,30.810366884999894,58.601362147001055,ok,0.11294202700082678,0.7403595805696074,54.55261397400136
612,30.822,30.82238941899959,58.58946121899862,ok,0.10095919899868022,0.7403606266455691,54.55270392300008
613,30.851,30.85146469599931,58.55737377399964,ok,0.07550582099975145,0.7595045987532516,54.54998679600067
614,31.029000000000003,31.0299171939987,58.38085000299907,ok,0.10431624199918588,0.7376774398987287,54.551615955999296
615,31.043,31.051883201998862,58.356072784999924,ok,0.12016511000001628,0.7371632139113934,54.54967749200114
616,31.058,31.05898208799954,58.34918497400031,ok,0.11310750300071959,0.7371653660126487,54.54931257399949
617,31.101,31.10446964699986,58.30389945099887,ok,0.07155623299877334,0.7371180986075977,54.54948533900097
618,31.130000000000003,31.13072209099846,58.27836528199987,ok,0.04534206300013466,0.737126695101255,54.55007717399894
619,31.317999999999998,31.326301377999698,58.083083925999745,ok,0.10606015700068383,0.7338861933924047,54.5502904519999
620,31.332,31.332176005998917,58.07896162900033,ok,0.13764209800137905,0.7334342242658197,54.5518502369996
621,31.39,31.391239123999185,58.02035019699906,ok,0.07853538199924515,0.7334405184936696,54.55228154600081
622,31.418999999999997,31.419415794000088,57.989302983000016,ok,0.05416361300012795,0.733356007341782,54.54966661199978
623,31.561999999999998,31.568887191999238,57.84116690600058,ok,0.10530805599955784,0.730833422594929,54.550678845998846
624,31.576,31.576158451000083,57.83435543000087,ok,0.10202155399929325,0.7307888282278476,54.551191857999584
625,31.604999999999997,31.60632417999841,57.80935634300113,ok,0.07181470599971362,0.7308547020379765,54.555350721999275
626,31.677999999999997,31.678248700998665,57.73878924900055,ok,0.13159415800146235,0.7292048047847972,54.55664661099945
627,31.706000000000003,31.707398223999917,57.71006478199888,ok,0.13959581999915827,0.7287399414556983,54.557075605000136
628,31.764000000000003,31.76464167999984,57.65368591399965,ok,0.12020017999930133,0.7282718007215259,54.55790396999873
629,31.822000000000003,31.824040922998392,57.59524563100058,ok,0.09863261899954523,0.7278050603417796,54.558801446999496
630,31.836,31.83619820399872,57.58037232700008,ok,0.08644332400035637,0.7277710800632882,54.55621395600065
631,31.851,31.85119746899909,57.56211623099989,ok,0.10906819199954043,0.7272535949873427,54.55311580600028
632,31.865000000000002,31.865400968999893,57.54938093400051,ok,0.09483345100125007,0.727272554531645,54.5544760820012
633,31.894,31.895031779999044,57.52019221400042,ok,0.10276662300020689,0.7268026841519011,54.554934146999585
634,31.909,31.910112978999678,57.506019968001056,ok,0.08772222100014915,0.7268137142405124,54.5557932720003
635,31.923000000000002,31.923838298998817,57.494081623000966,ok,0.07781941500070388,0.7267879502658248,54.557481251000354
636,32.031,32.031911528998535,57.38693593300013,ok,0.11723547099973075,0.724932711645573,54.55829229199844
637,32.077,32.07720951999909,57.33512931899895,ok,0.10879781799849297,0.7243837621392485,54.552157704998535
638,32.14,32.1407728159993,57.2720872910013,ok,0.08208471699981601,0.723923891443047,54.552621040000304
639,32.171,32.171351985,57.24245754599906,ok,0.08815132800009451,0.7234720447974688,54.55353683299836
640,32.187,32.187177973999496,57.227125633999094,ok,0.10926506699979655,0.7230107180126606,54.554012018999856
641,32.233,32.23404756599848,57.18816446799974,ok,0.09910122899964335,0.7226461848354407,54.56038455199996
642,32.264,32.26470073499877,57.16079131599872,ok,0.07230320399867196,0.7226389098860763,54.56355831300061
643,32.28,32.28053751199877,57.14672793400132,ok,0.05650037700070243,0.722660903620244,54.565250645999186
644,32.342,32.34219732099882,57.08456665700032,ok,0.0922671470016212,0.7214213133544104,54.56474218800031
645,32.435,32.435647316999166,56.99289992299964,ok,0.11309667599925888,0.7199973295569813,54.56645197200123
646,32.451,32.45168651399945,56.977432577999934,ok,0.10071882699958223,0.7199582195443085,54.56694989100106
647,32.482,32.48242796799968,56.937406190998445,ok,0.06986293199952343,0.7198421338987229,54.55807095699856
648,32.497,32.49886241599961,56.92150978800055,ok,0.05346458900021389,0.7198485009367123,54.558582226
649,32.606,32.60785937199944,56.81313983600012,ok,0.09164319599949522,0.7179934402784862,54.55909190500097
650,32.761,32.762045898,56.65966260499954,ok,0.12233989800006384,0.7156620956708668,54.559698116998334
651,32.777,32.77722257699861,56.64569566799946,ok,0.10720040100022743,0.7156769359999895,54.5608531580001
652,32.839,32.84017315299934,56.58345156799987,ok,0.08178447400132427,0.7152104695569621,54.56154301099923
653,32.854,32.85904113499964,56.565258474000075,ok,0.10054879000017536,0.7333077362207688,54.56222964600056
654,32.886,32.88659692100009,56.538392852999095,ok,0.076820835000035,0.7147032561772017,54.56287513700045
655,33.015,33.01692308099882,56.411081705999095,ok,0.11670603299899085,0.7125868368354382,54.56572637699901
656,33.046,33.04729433299872,56.37893843799975,ok,0.08988912899985735,0.7125194271265852,54.564021718999356
657,33.062,33.06325110099897,56.375531957999556,ok,0.07396514299944101,0.7126777119367173,54.576045293999414
658,33.156,33.15644007899937,56.284756807999656,ok,0.07747922199996538,0.7114843330886219,54.57854905699969
659,33.218,33.218355736999,56.21951602899935,ok,0.10200973499922839,0.7103479828734244,54.5752660299986
660,33.264,33.2651280229984,56.17451926600006,ok,0.0925891059996502,0.7098976056708747,54.57695210100064
661,33.295,33.29508279399852,56.145356099999844,ok,0.10001020200070343,0.7094345451518902,54.57778714500091
662,33.326,33.326546368998606,56.109734536999895,ok,0.10571329300000798,0.7089114707974843,54.57373117699899
663,33.342,33.34247383000002,56.08743497999967,ok,0.08975336399998923,0.7088312178227711,54.567497176998586
664,33.357,33.357379768998726,56.076537700999324,ok,0.11170231899995997,0.708415438810127,54.57140082299884
665,33.42,33.42031670899996,56.010377905000496,ok,0.08744867099994735,0.7078849864050702,54.56826593400001
666,33.451,33.45146334199853,55.98085167499994,ok,0.09355982799934282,0.7074338661519114,54.569857156999205
667,33.497,33.497293884998726,55.9358193879998,ok,0.08688728200104379,0.7069483118480957,54.57061990500006
668,33.513,33.51398035599959,55.9207266780013,ok,0.11269940300007875,0.7064305323797444,54.57218838600056
669,33.559,33.559248971998386,55.877824330000294,ok,0.07073333900007128,0.706418678835459,54.57448701300018
670,33.575,33.575522194998484,55.86653028699948,ok,0.05453890599892475,0.7064806674936819,54.57930447699982
671,33.637,33.63723795599981,55.7942919369998,ok,0.11326930100040045,0.7048228488607561,54.56903722900097
672,33.653,33.65339339299862,55.78211260699936,ok,0.10060014800001227,0.7048290885316338,54.5729508630011
673,33.792,33.79316284699962,55.64974611500111,ok,0.08034638200115296,0.7034099162784871,54.57927338300033
674,33.886,33.887711272998786,55.556081836000885,ok,0.09498361800069688,0.7020390161519053,54.58009674799905
675,34.051,34.05568202499853,55.39134598200144,ok,0.10894900400126062,0.6997769798607448,54.58320165199984
676,34.101,34.10149032299887,55.34648182700039,ok,0.1002354070005822,0.6993193778860679,54.58413170200038
677,34.152,34.1522540219994,55.296649703001094,ok,0.08623114100009843,0.6988658650000075,54.58505456500097
678,34.185,34.1858253349983,55.26552391899895,ok,0.0891318339999998,0.6984351167215025,54.58742261000043
679,34.219,34.220909997999115,55.23136765599884,ok,0.09057188099905034,0.7161139948441685,54.588398883999616
680,34.253,34.253675000998555,55.19955694100099,ok,0.0614590519999183,0.6979503875443214,54.589286536000145
681,34.32,34.32030186299926,55.13390260199958,ok,0.4249445610003022,0.6925182510253014,54.59021904200017
682,34.337,34.337330393998855,55.117835916998956,ok,0.4081463869988511,0.6925275119873605,54.591185021001365
683,34.438,34.438727628999914,55.017568309000126,ok,0.40511551600138773,0.6912966641012657,54.59211593299915
684,34.455,34.45519187799982,55.0022711849997,ok,0.38867812900025456,0.6913110968987295,54.59323861499979
685,34.488,34.488728825999715,54.970025221999094,ok,0.35516397199899075,0.7092835973896174,54.59438240500094
686,34.522,34.52221593399918,54.9227355289986,ok,0.3214905009990616,0.6911547956455643,54.580956056001014
687,34.555,34.555710481999995,54.8903698590002,ok,0.2880241120001301,0.6911687354303802,54.58209471000009
688,34.589,34.58920670099906,54.86114803300006,ok,0.25455434799914656,0.6912223748101347,54.58596515299905
689,34.623,34.62319957499858,54.836727665999206,ok,0.22059047099901363,0.6913432797341844,54.59567455200158
690,34.639,34.639695924999614,54.82134953700006,ok,0.2041227980007534,0.6913570933670886,54.596817998000915
691,34.707,34.70817179699952,54.75405219099957,ok,0.13550325600044744,0.6913738011518967,54.597918794999714
692,34.842,34.84825100599846,54.61513189300058,ok,54.61401023000144,1.3984696193755887e-05,2.3426000552717596e-05
693,34.858,34.86259603999861,54.6019224899992,ok,54.600807274000545,1.3907379726805619e-05,2.185199991799891e-05
694,34.875,34.8758652359993,54.530171880000125,ok,54.52894152600129,1.5265607578816963e-05,3.818100049102213e-05
695,34.892,89.47631656599879,60.78169306900054,ok,60.78058752200013,1.4135298690896228e-05,2.823799877660349e-05
696,34.909,89.47688329899938,60.79168637899966,ok,60.7905805169994,1.3801113928372005e-05,2.156999835278839e-05
697,35.101,89.47713844499958,60.79599153599884,ok,60.79486273299881,1.408063291842442e-05,2.7436999516794458e-05
698,35.135,89.47757108399855,60.78987169900029,ok,60.78873727300015,1.4153822789173514e-05,2.189599945268128e-05
699,35.185,89.47782478599947,60.788445016998594,ok,60.787284876998456,1.4449126600866983e-05,2.4840001060510986e-05
700,35.202,89.47804838199954,60.79167470599896,ok,60.79057228799866,1.3758848120843037e-05,2.511000093363691e-05
701,35.219,89.47823148499992,60.79261248600051,ok,60.79152177799915,1.3620531660043398e-05,2.508999932615552e-05
702,35.32,89.47841897699982,60.793556456999795,ok,60.79245319799884,1.377444305380547e-05,2.6199999410891905e-05
703,35.337,89.47859360199982,60.80486931099949,ok,60.803748086998894,1.3983734178613235e-05,2.2075000742916018e-05
704,35.371,89.47878899899843,60.79897983699993,ok,60.797860204000244,1.3967379736986683e-05,2.817899985529948e-05
705,35.388,89.47895107699878,60.81147997900007,ok,60.810336210999594,1.4266531655301129e-05,2.4236000172095373e-05
706,35.404,89.47911384799954,60.80551271500008,ok,60.804379490999054,1.4019443058921613e-05,2.207000034104567e-05
707,35.472,89.47928073299954,60.799621068001215,ok,60.798518598001465,1.3760480997697862e-05,2.7324000257067382e-05
708,35.505,89.47946333599975,60.809792965999804,ok,60.808672230999946,1.3981886085379233e-05,2.3426000552717596e-05
709,35.522,89.4799744389984,60.7943150709998,ok,60.793185843000174,1.407929114894971e-05,2.3829001293051988e-05
710,35.538,89.48018768099973,60.80098094699861,ok,60.79986848899898,1.4252194816506673e-05,4.6069999370956793e-05
711,35.572,89.48037764399851,60.80544634200123,ok,60.804276575001495,1.4574367083650365e-05,3.239699981349986e-05
712,35.589,89.48055813399878,60.794878237000376,ok,60.793766279999545,1.3879582276118366e-05,2.2190000890986994e-05
713,35.606,89.48075130599864,60.801556804999564,ok,60.800448680000045,1.3836531632224723e-05,2.2631998945144005e-05
714,35.639,89.48092594399895,60.80605566900158,ok,60.80493323900009,1.398953164322007e-05,2.808399949572049e-05
715,35.656,89.48109572899921,60.81048694399942,ok,60.809365174998675,1.4002012673550273e-05,2.28790013352409e-05
716,35.673,89.48126188999959,60.795343783000135,ok,60.79420556900004,1.4183936711353592e-05,3.0533001336152665e-05
717,35.69,89.48143609499857,60.8066700039999,ok,60.805577428000106,1.3629493659658393e-05,2.354199932597112e-05
718,35.757,89.4816027049983,60.798425726999994,ok,60.797327648000646,1.3710443039875642e-05,2.4880999262677506e-05
719,35.808,89.4818400969998,60.82835225500094,ok,60.82723763100148,1.3916303780920143e-05,2.393600152572617e-05
720,35.825,89.48216341199986,60.82576930600044,ok,60.824634084001445,1.4150417710085623e-05,2.8242999178473838e-05
721,36.018,89.48239375399862,60.820853334000276,ok,60.81970612999976,1.4308898727581954e-05,2.4524999389541335e-05
722,36.055,89.48260242499964,60.81475276299898,ok,60.813629154999944,1.4010531645632184e-05,2.4614999347249977e-05
723,36.073,89.48285595599918,60.80990615799965,ok,60.80876822200116,1.4196177197604062e-05,2.8357000701362267e-05
724,36.129,89.48303301499982,60.815466639998704,ok,60.814353671999925,1.3885215179747135e-05,2.4437000320176594e-05
725,36.147,89.48322289099997,60.81643290700049,ok,60.815306524000334,1.4063518991158933e-05,2.8185000701341778e-05
726,36.184,89.48341414099923,60.81740372099921,ok,60.81627017400024,1.4145835445526267e-05,2.8385999030433595e-05
727,36.22,89.48359544499908,60.82316612700015,ok,60.821995307998804,1.4605417739322903e-05,2.7725000109057873e-05
728,36.276,89.48378998699991,60.82177100300032,ok,60.82063490600012,1.4175012657239066e-05,2.222500006610062e-05
729,36.349,89.48396335899997,60.82043268899906,ok,60.81931737299965,1.391362024197072e-05,2.276899977005087e-05
730,36.386,89.48413317599989,60.82491699100137,ok,60.823833185000694,1.352210126207888e-05,2.3656999474042095e-05
731,36.459,89.48445237299893,60.80943186799959,ok,60.808338348999314,1.363753165870675e-05,2.6309000531909987e-05
732,36.478,89.48465658399982,60.81154271499872,ok,60.810400222999306,1.4239265833048539e-05,2.582200067990925e-05
733,36.551,89.48483802499868,60.81019093699979,ok,60.80908014099987,1.3858721530008943e-05,2.5052999262697995e-05
734,36.661,89.48501470599876,60.81705089299976,ok,60.815834660999826,1.5135886073200904e-05,2.8790998840122484e-05
735,36.845,89.48518930099999,60.833054128001095,ok,60.83193122100056,1.4011772150355038e-05,2.2995000108494423e-05
736,37.0,89.4853632079994,60.842097660000945,ok,60.840951632000724,1.4302772141018988e-05,2.4073999156826176e-05
737,37.073,89.48553804399853,60.840744459001144,ok,60.83961339900088,1.4093455688510669e-05,2.8046000807080418e-05
738,37.11,89.48575464799978,60.83821790900038,ok,60.837105800001154,1.3866316455473853e-05,2.5285000447183847e-05
739,37.129,89.48593793500004,60.8288160000011,ok,60.82769541200105,1.4345402597463326e-05,4.705099854618311e-05
740,37.184,89.48610862799978,60.82634857300036,ok,60.825256261001414,1.3631443017644254e-05,2.2012000044924207e-05
741,37.257,89.48627434799891,60.83426922400031,ok,60.83314499900007,1.4025898744415528e-05,2.5634000849095173e-05
742,37.276,89.48781687499832,60.82577177299936,ok,60.824667798999144,1.3782037979270378e-05,2.76060000032885e-05
743,37.404,89.48802617299953,60.837094462000096,ok,60.83597659700172,1.3946911386034416e-05,2.618100006657187e-05
744,37.459,89.48822143100006,60.83461168100075,ok,60.8334872359992,1.4026569629152884e-05,2.7688998670782894e-05
745,37.551,89.48840870599997,60.82749265300117,ok,60.82637432000047,1.395748102690441e-05,2.6001000151154585e-05
746,37.569,89.48858507399927,60.828502649001166,ok,60.82734541900027,1.4423556974720611e-05,2.687699998205062e-05
747,37.606,89.48878118499852,60.839853076999134,ok,60.83870934599872,1.4270594932250915e-05,3.0989998776931316e-05
748,37.753,89.48895269999957,60.830436012000064,ok,60.82931993599959,1.3920177215241673e-05,2.383900027780328e-05
749,37.771,89.48911925999892,60.832558975998836,ok,60.83145280699864,1.380122785697414e-05,2.6353000066592358e-05
750,37.845,89.48928633099968,60.822044497001116,ok,60.82093752400033,1.3816278497651631e-05,2.289500116603449e-05
751,37.863,89.48947242799841,60.84030542899927,ok,60.83919282199895,1.3887556978940516e-05,2.627600042615086e-05
752,37.9,89.48966245699921,60.84149637899827,ok,60.84013927899832,1.682920253498898e-05,0.0001579709987709066
753,38.02,89.48986108899953,60.485342373000094,ok,60.48422815599952,1.389988608911775e-05,2.596000012999866e-05
754,38.04,89.49018279399934,60.11638560500069,ok,60.115257281000595,1.4074999991770468e-05,2.4834000214468688e-05
755,38.061,89.49037109099845,60.69461428300019,ok,60.69349400600004,1.3953620256433158e-05,2.6645999241736718e-05
756,38.121,89.49054255899864,60.12194285199985,ok,60.12083159999929,1.386735443069299e-05,2.3401000362355262e-05
757,38.202,89.49080711999886,60.16951444999904,ok,60.16836841999975,1.4283037971030285e-05,2.841199966496788e-05
758,38.283,89.49098369799867,60.68571536299896,ok,60.6845806909987,1.415407595105316e-05,2.7254000087850727e-05
759,38.383,89.49115322999933,60.089193256000726,ok,60.08806464600093,1.4018822783535004e-05,2.4896000468288548e-05
760,38.464,89.49131589299941,60.34455150899885,ok,60.34262014599881,2.410365823955464e-05,4.5110000428394414e-05
761,38.606,89.4914987409993,60.35305408700151,ok,60.35194795999996,1.3807443044438688e-05,2.235400097561069e-05
762,38.627,89.49168645600002,60.25988723199953,ok,60.2587052050003,1.4727088605065511e-05,2.403899998171255e-05
763,38.687,89.49188293599946,60.18155899999874,ok,60.18043923999903,1.3962531646697404e-05,2.950100133602973e-05
764,38.748,89.49207839799965,60.05386968200037,ok,60.05276669700106,1.375924049297501e-05,2.6162000722251832e-05
765,38.788,89.49238959399918,60.34858187499958,ok,60.34748756799854,1.365835443629052e-05,2.5452998670516536e-05
766,39.061,89.49257401699833,60.650438888998906,ok,60.649315626000316,1.4009544302788975e-05,2.696499905141536e-05
767,39.202,89.49277062500005,60.49068944600003,ok,60.48952859699966,1.4468151894567499e-05,2.3257000066223554e-05
768,39.222,89.49294102899876,60.41558045700003,ok,60.414477656999225,1.376716456342123e-05,2.5965999157051556e-05
769,39.242,89.49311443999977,60.25488230600058,ok,60.253772731000936,1.3849594923365519e-05,2.498199864930939e-05
770,39.262,89.49330921999899,60.32017689500026,ok,60.31904069099983,1.4162670883211554e-05,3.042599928448908e-05
771,39.383,89.49349142099891,60.13610303400128,ok,60.134815249000894,1.6023354425059656e-05,4.9702000978868455e-05
772,39.424,89.49368487899847,60.23515800700079,ok,60.23406545800026,1.3636151897681205e-05,2.605299960123375e-05
773,39.444,89.49387085599847,60.18077635000009,ok,60.17962948599961,1.4295721530864203e-05,3.193600059603341e-05
774,39.464,89.49403904299834,60.686196627000754,ok,60.68508451600064,1.3866101262119858e-05,2.4122999093378894e-05
775,39.485,89.4942029599988,60.444035828999404,ok,60.44292545999997,1.3859708849826969e-05,2.3096999939298257e-05
776,39.505,89.49452539599952,60.20329830999981,ok,60.202151014000265,1.4312911395180994e-05,2.798100103973411e-05
777,39.525,89.49473354199836,60.086768867999126,ok,60.085667817000285,1.3736367069628337e-05,2.1799000023747794e-05
778,39.627,89.49490981599956,60.10207302499839,ok,60.10095701099999,1.3924544286447035e-05,2.5280998670496047e-05
779,39.667,89.4950774079989,60.215906378998625,ok,60.21473442399838,1.458688608250622e-05,2.8235001082066447e-05
780,39.728,89.49524786499933,60.47046535800109,ok,60.469332390999625,1.4139734186663858e-05,2.687900087039452e-05
781,39.869,89.49542256199857,60.22275518300012,ok,60.22160962599992,1.4301924054478472e-05,2.4826000299071893e-05
782,40.061,89.49559913399935,60.31074076600089,ok,60.309603599000184,1.4119088610883249e-05,2.6079000235768035e-05
783,40.121,89.49579721699956,60.30452219200015,ok,60.30338531599955,1.4180987346674246e-05,2.3390999558614567e-05
784,40.202,89.49596275199838,60.4613998470013,ok,60.460272454000005,1.4067886085389477e-05,2.4872000722098164e-05
785,40.222,89.49612425399937,60.49096605699924,ok,60.48983205500008,1.4147784803512128e-05,2.523399962228723e-05
786,40.262,89.49628358399968,60.393206542999906,ok,60.39212127999963,1.3537050638004512e-05,2.157099879696034e-05
787,40.323,89.49661025299974,60.69192927699987,ok,60.69081425300101,1.3904075935494767e-05,2.2210999304661527e-05
788,40.424,89.49681073299871,60.418945498999165,ok,60.417733844000395,1.5112291132740947e-05,3.549800021573901e-05
789,40.505,89.49698206099856,60.68567614800122,ok,60.68451468400053,1.4491215183567609e-05,2.8694999855360948e-05
790,40.647,89.49715798799843,60.4481223110015,ok,60.44700321500022,1.3963772151420258e-05,2.3755999791319482e-05
791,40.667,89.49732421799854,60.21485692600072,ok,60.213729029001115,1.4063999987217668e-05,2.5396999262738973e-05
792,40.707,89.49750209099875,60.494324908000635,ok,60.49321206600143,1.387717720372396e-05,2.642599974933546e-05
793,40.788,89.49771085299835,60.59296059400003,ok,60.59182585999952,1.4161177216609055e-05,2.7018999389838427e-05
794,41.022,89.49789635099842,60.49276453600032,ok,60.4916207310016,1.4278405051069818e-05,2.8934000511071645e-05
795,41.112,89.49806573399837,60.25837866499933,ok,60.257086546998835,1.6047835443610963e-05,7.505100074922666e-05
796,41.224,89.49823833799928,60.34157986399987,ok,60.340433716000916,1.4302088592431354e-05,2.735999987635296e-05
797,41.337,89.49840868899992,60.14761799400003,ok,60.1464706329989,1.4312759498053207e-05,2.5959001504816115e-05
798,41.381,89.49875283199981,60.56460007700116,ok,60.563483686000836,1.3863215193666718e-05,2.4245999156846665e-05
799,41.426,89.49894113399932,60.19524615199953,ok,60.19408853599998,1.443459492477388e-05,2.6178000553045422e-05
800,41.538,89.49911232499835,60.66177204100131,ok,60.660639988000185,1.4125594951778272e-05,2.8186999770696275e-05
801,41.628,89.49927819499862,60.55095913900004,ok,60.5498435669997,1.3913101277386333e-05,2.428399966447614e-05
802,41.763,89.49945394599854,60.22114928699921,ok,60.21998041999905,1.456154431356412e-05,2.597800084913615e-05
803,42.157,89.49964350399932,60.29948404700008,ok,60.29832715399971,1.443315189054731e-05,2.7010999474441633e-05
804,42.179,89.49981434999972,60.46941453999898,ok,60.46831363399906,1.3744582293505037e-05,2.3266999050974846e-05
805,42.202,89.49997434299985,60.72588464599903,ok,60.724732234999465,1.435836708844386e-05,2.809000034176279e-05
806,42.224,89.50013365599989,60.5344909129999,ok,60.533357352000166,1.4030506336675437e-05,2.4810000468278304e-05
807,42.337,89.50028343299891,60.35012910799924,ok,60.34901051700035,1.395597467342645e-05,2.369599860685412e-05
808,42.359,89.50058303099831,60.616427114000544,ok,60.61529058199994,1.4182101258944684e-05,2.5921999622369185e-05
809,42.381,89.50079517299855,60.45046425200053,ok,60.44931199200073,1.4369253164394522e-05,3.35789991368074e-05
810,42.404,89.50096925499929,60.514625183001044,ok,60.51352966900049,1.3667329122780976e-05,2.1328000002540648e-05
811,42.471,89.50114822199976,60.184625420000884,ok,60.183442334000574,1.4745113915097722e-05,2.8941998607479036e-05
812,42.538,89.50131243899887,60.46079470600125,ok,60.45965288000116,1.4247810109805823e-05,2.4652999854879454e-05
813,42.561,89.50148443499893,60.72675805700055,ok,60.725647789000504,1.3836607592301207e-05,2.5050998374354094e-05
814,42.606,89.5016655569998,60.15152169300018,ok,60.150389042000825,1.4132037973421909e-05,2.6233999960822985e-05
815,42.651,89.50183185700007,60.11532494399944,ok,60.114211136999074,1.3896670875683298e-05,2.4420000045211054e-05
816,42.696,89.50204994499836,60.66238557200086,ok,60.661258945001464,1.4050772135098807e-05,2.5276000087615103e-05
817,42.74,89.50223385499885,60.68395319999945,ok,60.682810893998976,1.4228164563743881e-05,2.7749998480430804e-05
818,42.785,89.5024232379983,60.5155451440005,ok,60.51443076299984,1.389811393293505e-05,2.6463998437975533e-05
819,42.808,89.50275025299925,60.508125501000904,ok,60.50699630000054,1.4086025300998642e-05,2.6938001610687934e-05
820,42.853,89.50294155999836,60.46744785299961,ok,60.4663392729999,1.3839506324604625e-05,2.399299955868628e-05
821,43.05,89.5031184239997,60.70478893000109,ok,60.70367472300131,1.3888848093014116e-05,2.8464999559218995e-05
822,43.101,89.5032956569994,60.26481666200016,ok,60.26367639399905,1.4233177215011224e-05,2.848299845936708e-05
823,43.177,89.50347479599986,60.408566651998626,ok,60.40745664399947,1.385756962618767e-05,2.4603999918326735e-05
824,43.202,89.50365780899847,60.28958071300076,ok,60.28845179000018,1.407443037178497e-05,3.290699896751903e-05
825,43.278,89.50383946599868,60.086114845998964,ok,60.08493365100003,1.4720215173688705e-05,2.7611999030341394e-05
826,43.429,89.5040122749997,60.569978602001356,ok,60.568821012000626,1.4419189880490067e-05,2.7919999411096796e-05
827,43.454,89.50417854399893,60.18517384600091,ok,60.18405034100033,1.4014075957997584e-05,2.5254999854951166e-05
828,43.832,89.50434039899847,60.57319931999882,ok,60.57206346399835,1.4172240517388062e-05,2.2725000235368498e-05
829,44.05,89.50466082499952,60.41583377899951,ok,60.41472950100069,1.3782594935405598e-05,2.1362000552471727e-05
830,44.151,89.50485373699848,60.16259355399961,ok,60.16147082200041,1.4002759495338932e-05,2.2821999664301984e-05
831,44.252,89.50503125699834,60.53573430400138,ok,60.53464184600125,1.3621987335095064e-05,2.7875999876414426e-05
832,44.303,89.50520010099899,60.23087729500003,ok,60.22974775699913,1.4104025306355479e-05,2.656800097611267e-05
833,44.454,89.50537246799831,60.38648173799993,ok,60.38534544099821,1.4190924071332535e-05,2.6420000722282566e-05
834,44.504,89.50553946999935,60.71672367900101,ok,60.7156036260003,1.3972734174060435e-05,2.45829996856628e-05
835,44.605,89.50572955999996,60.578967274001116,ok,60.57779918600136,1.4546645570014415e-05,2.8801001462852582e-05
836,44.781,89.50590125399867,60.35757401099909,ok,60.35641385099916,1.448329113614657e-05,2.583299828984309e-05
837,44.807,89.50606703799895,60.101695249999466,ok,60.10056968000026,1.405192403892008e-05,2.5957000616472214e-05
838,45.252,89.50622518399905,60.496338557000854,ok,60.4951808220012,1.4443202520782552e-05,2.371800110267941e-05
839,45.454,89.50639117799983,60.20702597200034,ok,60.20584694900026,1.471199999586237e-05,3.123199894616846e-05
840,45.554,89.5067210549987,60.68906412100114,ok,60.687900712000555,1.4491759498877734e-05,2.6424000679980963e-05
841,45.655,89.50690453199968,60.667367961999844,ok,60.6662343479984,1.4142974704773685e-05,2.7210000553168356e-05
842,45.756,89.5070838599986,60.33979068200097,ok,60.33868213000096,1.3841658235119385e-05,2.7244999728281982e-05
843,46.0,89.50725489399883,60.49891367300006,ok,60.49779218800177,1.3989898733701852e-05,2.579500142019242e-05
844,46.101,89.50742136699955,60.701737123001294,ok,60.700542468001004,1.4899987347027629e-05,2.6445999537827447e-05
845,46.202,89.50758891399892,60.73498138499963,ok,60.733824848999575,1.4417759510113775e-05,2.332900112378411e-05
846,46.404,89.50777602800008,60.561484570000175,ok,60.5603872849988,1.3688556982397361e-05,2.246100120828487e-05
847,46.429,89.50795053599904,60.48151205300019,ok,60.48036462900018,1.4330468349979565e-05,2.261400004499592e-05
848,46.454,89.50813626499985,60.60291099799906,ok,60.60177568399922,1.416684811178866e-05,2.7256999601377174e-05
849,46.529,89.50829978799993,60.113711375001,ok,60.11258072900091,1.4103582278822395e-05,2.468000093358569e-05
850,46.655,89.5086024329994,60.139802044001044,ok,60.138665417000084,1.4173303797282574e-05,2.3974000214366242e-05
851,46.781,89.50880834199961,60.73967368100057,ok,60.73856986000101,1.3766683544337313e-05,2.30289988394361e-05
852,46.832,89.50898272499944,60.31041658199865,ok,60.30927099299879,1.4302797468719544e-05,2.2930000341148116e-05
853,47.0,89.50915177199931,60.639856293000776,ok,60.63872538299984,1.410258227212891e-05,2.6153998987865634e-05
854,47.076,89.50931469199895,60.06037489499977,ok,60.05920098099887,1.4619341780854495e-05,2.9614999220939353e-05
855,47.126,89.50949848899836,60.54563236600006,ok,60.54452961199968,1.3757253166463497e-05,2.4674998712725937e-05
856,47.151,89.50967683699855,60.25961237299998,ok,60.258499237999786,1.3883253157910997e-05,2.4908998966566287e-05
857,47.252,89.50984040899857,60.04797298000085,ok,60.046849468999426,1.4016037979833723e-05,2.6596000680001453e-05
858,47.328,89.51000084799853,60.48779880300026,ok,60.48669395700017,1.3788556960990498e-05,2.773400046862662e-05
859,47.379,89.51016087899916,60.475734805000684,ok,60.47457072400175,1.4508999995570453e-05,2.8356000257190317e-05
860,47.404,89.51031917399996,60.181457856000634,ok,60.180353456000375,1.3752227851345875e-05,2.727799983404111e-05
861,47.429,89.51066783499846,60.63952836000135,ok,60.63839307700073,1.4170784819311215e-05,2.9131999326637015e-05
862,47.554,89.51085847899958,60.372829326999636,ok,60.371698265000305,1.4102556944428354e-05,2.883200068026781e-05
863,47.706,89.51103270599924,60.17350421399897,ok,60.172382033999384,1.4007936707584341e-05,2.4455001039314084e-05
864,47.781,89.51120113599973,60.373636747999626,ok,60.37254276599924,1.3647367095587999e-05,2.634900010889396e-05
865,48.0,89.51138106599865,60.468567349000296,ok,60.46745229999942,1.3913506336393766e-05,2.709600084926933e-05
866,48.025,89.5115503449997,60.22094421300062,ok,60.21977708399936,1.4558797478388488e-05,2.415100061625708e-05
867,48.05,89.51173875399945,60.30293299100049,ok,60.3018051479994,1.4076924068106138e-05,2.8419999580364674e-05
868,48.177,89.51191600899983,60.20388161499977,ok,60.202748846999384,1.4135000001951533e-05,2.695500006666407e-05
869,48.303,89.51210780499969,60.700575635999485,ok,60.69948008099891,1.3668025312193705e-05,2.7246000172453932e-05
870,48.404,89.51229295399935,60.30947654999909,ok,60.308301470000515,1.46489493562501e-05,2.7238000257057138e-05
871,48.554,89.51401678699949,60.35063236299902,ok,60.34951180200005,1.397844303776569e-05,3.072700019401964e-05
872,48.579,89.5142357019995,60.30396302400004,ok,60.30288361199928,1.347853165360085e-05,2.3455999325960875e-05
873,48.63,89.5144354439999,60.63097988499976,ok,60.629781095,1.4936544313876524e-05,3.3276000976911746e-05
874,48.655,89.5146403539984,60.48547639199933,ok,60.48438603199975,1.3608253159216911e-05,2.4860000849002972e-05
875,48.756,89.5148283999988,60.38062462100061,ok,60.3794970809995,1.4078392407008081e-05,2.2753998564439826e-05
876,48.832,89.51500346600005,60.61736301400015,ok,60.61624762000065,1.3914341759084004e-05,2.5788000129978172e-05
877,49.025,89.51517114999842,60.60064907500055,ok,60.599524166000265,1.4024632911992118e-05,2.7327998395776376e-05
878,49.05,89.51533712599849,60.691389149000315,ok,60.69020729099975,1.4724506330867946e-05,2.9521999749704264e-05
879,49.151,89.51551707499857,60.57276716200067,ok,60.57166957700065,1.3688405062244392e-05,2.8354999813018367e-05
880,49.177,89.51570013699893,60.10872734700024,ok,60.1075545599997,1.4635886088134485e-05,2.245299947389867e-05
881,49.278,89.51588093099963,60.44746698199924,ok,60.446280931999354,1.4719025324366963e-05,3.472699972917326e-05
882,49.303,89.51618168200002,60.26876798599915,ok,60.26763448099882,1.3971329131384699e-05,3.14799999614479e-05
883,49.353,89.51636760199835,60.47789920899959,ok,60.47674755499975,1.4366962020602255e-05,2.5610999728087336e-05
884,49.379,89.51654420399973,60.325636012999894,ok,60.32448154099984,1.4378316451786557e-05,2.6121999326278456e-05
885,49.429,89.51673393599958,60.33488528499947,ok,60.33373116099938,1.4230772165642002e-05,3.489099981379695e-05
886,49.479,89.51690068299831,60.46067908300029,ok,60.459563186001105,1.39172531552377e-05,2.2901000193087384e-05
887,49.504,89.51708667099956,60.199886927999614,ok,60.19876915900022,1.3944025317581276e-05,2.580699947429821e-05
888,49.605,89.51724960499996,60.60800383300011,ok,60.606852556999,1.4348215193456759e-05,2.475200017215684e-05
889,49.63,89.51743480299956,60.66637776800053,ok,60.66527886699987,1.3704189883885445e-05,2.68320000031963e-05
890,49.731,89.51760114699937,60.63974405299996,ok,60.638617822000015,1.3996949366881818e-05,2.2865000573801808e-05
891,50.025,89.51778082499914,60.5872587369995,ok,60.58613305799918,1.4020936725524113e-05,2.657100048963912e-05
892,50.05,89.51806671399936,60.69227493300059,ok,60.69115081900054,1.3972556949232092e-05,2.48119995376328e-05
893,50.151,89.51824735899936,60.31067661400084,ok,60.30956719999995,1.3848113920613298e-05,2.6649999199435115e-05
894,50.278,89.51844310699926,60.3307953909989,ok,60.32967985999858,1.3921291150537296e-05,2.4031000066315755e-05
895,50.303,89.51861080599883,60.39107226300075,ok,60.389960954000344,1.3872455705887095e-05,2.7111998861073516e-05
896,50.379,89.51880107099896,60.58028820000072,ok,60.57915796999987,1.4102164549271198e-05,2.546700125094503e-05
897,50.479,89.51896652100004,60.556203467998785,ok,60.55509213099867,1.3858822794760801e-05,2.6302001060685143e-05
898,50.605,89.51913217799847,60.056484314000045,ok,60.05534527999953,1.4101670889362186e-05,2.2891001208336093e-05
899,50.731,89.51929613099855,60.12190162400111,ok,60.12071107100019,1.4831468364764653e-05,3.446600021561608e-05
900,50.807,89.51947910699892,60.34277502999976,ok,60.34162266600106,1.4378810111695571e-05,2.4946000849013217e-05
901,50.857,89.51965862299949,60.61511529500058,ok,60.61397882300116,1.4151177218749741e-05,2.8184000257169828e-05
902,51.05,89.51982333399974,60.376824064000175,ok,60.375683988000674,1.4223481011407486e-05,3.008699968631845e-05
903,51.076,89.52011208399927,60.20525505299884,ok,60.204128213999866,1.4050746830423432e-05,2.7010000849259086e-05
904,51.202,89.5202893959995,60.12334705300054,ok,60.12218401899918,1.4506860771931154e-05,3.129499964416027e-05
905,51.252,89.52049309299946,60.60596663300021,ok,60.60482720000073,1.4207759485992639e-05,2.2076999812270515e-05
906,51.429,89.52068220699948,60.02031903200077,ok,60.019177965999916,1.4240873428253174e-05,2.6576000891509466e-05
907,51.454,89.52085788599834,60.40324205400066,ok,60.402126098000736,1.3920215183767325e-05,2.4884999220375903e-05
908,51.479,89.52102332999857,60.678364675999546,ok,60.6772411969996,1.4025303796729474e-05,2.3038999643176794e-05
909,51.655,89.52118621499903,60.33871132599961,ok,60.33760829899984,1.3770962014641093e-05,2.600799962237943e-05
910,51.68,89.52135595399886,60.35760224000114,ok,60.35650013600025,1.3761493668241627e-05,2.5801000447245315e-05
911,51.706,89.52153475199884,60.23751087399978,ok,60.236295798000356,1.5136012665653318e-05,4.126300154894125e-05
912,51.807,89.52171546599857,60.62486695699954,ok,60.623758415998964,1.38376708952209e-05,2.2850999812362716e-05
913,51.857,89.52202466499875,60.708575585998915,ok,60.70746516899999,1.3853506326212702e-05,2.2760999854654074e-05
914,52.025,89.52224038499844,60.20430458999908,ok,60.20318393999878,1.3986848104270646e-05,2.3631000658497214e-05
915,52.126,89.52245020999908,60.586221932000626,ok,60.585074108999834,1.4313658216969653e-05,2.786599907267373e-05
916,52.252,89.52264266299971,60.50007361099961,ok,60.49893837200034,1.4158734175688999e-05,2.824100010911934e-05
917,52.303,89.52282749000005,60.52858678300072,ok,60.52746746900084,1.3963329100861991e-05,2.3659998987568542e-05
918,52.379,89.52299828099967,60.54158255499897,ok,60.5404147499994,1.4556291141242226e-05,2.906500048993621e-05
919,52.429,89.52316573600001,60.03937711599974,ok,60.038243475000854,1.4143455677807236e-05,2.4478000341332518e-05
920,52.605,89.52333870299844,60.2628242460014,ok,60.261673660999804,1.435221519720552e-05,2.6580000849207863e-05
921,52.706,89.52351972099859,60.288754196999434,ok,60.287600104000376,1.4381531642195828e-05,2.4820999897201546e-05
922,52.756,89.523714732999,60.57183057200018,ok,60.570699449999665,1.4115341769014132e-05,2.4607999876025133e-05
923,52.781,89.52387941199959,60.16308735400162,ok,60.16195953300121,1.4056873416986399e-05,2.709600084926933e-05
924,52.807,89.52417861699905,60.410561357000915,ok,60.40942058099972,1.4240620266373529e-05,2.524599949538242e-05
925,52.857,89.52436381899861,60.27960376400006,ok,60.278498638999736,1.3785924054417005e-05,2.690399924176745e-05
926,53.101,89.52454373099863,60.24590293899928,ok,60.24480623499949,1.3687594944229527e-05,2.157099879696034e-05
927,53.126,89.52473557599842,60.3779092700006,ok,60.376725608000925,1.474022783325761e-05,3.2058998840511777e-05
928,53.151,89.52491505799844,60.10190586800127,ok,60.10078375700141,1.4003430380076288e-05,2.7257001420366578e-05
929,53.177,89.52508634900005,60.62990153300052,ok,60.6287316199996,1.4591658235744195e-05,2.8409000151441433e-05
930,53.278,89.52524847699897,60.42721419500049,ok,60.426065607000055,1.4335417728045885e-05,2.2308999177766964e-05
931,53.353,89.52543246999994,60.49486896400049,ok,60.49377286799972,1.3676278481570875e-05,2.271999983349815e-05
932,53.605,89.52560606599945,60.51399499699983,ok,60.5128593419995,1.4098367098051335e-05,2.4748000214458443e-05
933,53.63,89.52581046799969,60.21266341299997,ok,60.21152552000058,1.4198202515666409e-05,2.4344000848941505e-05
934,53.655,89.52610207199905,60.40620325599957,ok,60.40511909899942,1.346348101292336e-05,2.2229998648981564e-05
935,53.68,89.52628431299854,60.33245489299952,ok,60.33134102599979,1.3903316449855832e-05,2.662900078576058e-05
936,53.756,89.52646436899886,60.10175514799994,ok,60.100411318000624,1.6685658206542825e-05,8.62240012793336e-05
937,53.832,89.52666644099918,60.37473248899914,ok,60.37358660800055,1.4269835423586795e-05,2.4561000827816315e-05
938,53.857,89.52684343599867,60.39008852200095,ok,60.3889704810008,1.3952632913589949e-05,2.7363999834051356e-05
939,54.05,89.52705233300003,60.30303869199997,ok,60.30192358000022,1.3916392404846906e-05,2.4761999156908132e-05
940,54.177,89.52724446999855,60.05072053299955,ok,60.04959684299865,1.4024151915933383e-05,2.6384999728179537e-05
941,54.202,89.5274287889988,60.104685695001535,ok,60.10351528800129,1.45834303710424e-05,3.113899947493337e-05
942,54.379,89.52759676799906,60.12918379700022,ok,60.128065926999625,1.3940556965292362e-05,2.8099000701331533e-05
943,54.479,89.53581457199834,60.4999559959997,ok,60.49886299600075,1.3646050630788661e-05,2.5749999622348696e-05
944,54.504,89.53613524799948,60.5248906429988,ok,60.52373305999936,1.444634177414052e-05,2.7140999009134248e-05
945,54.579,89.53635614699851,60.2902059249991,ok,60.28906910599835,1.4194822787304255e-05,2.2924999939277768e-05
946,54.63,89.53656831199987,60.6219354269997,ok,60.62083323999832,1.3736759510835857e-05,2.3112999770091847e-05
947,54.68,89.53677824099941,60.07453069700023,ok,60.07341753299988,1.3881936716136841e-05,2.2514999727718532e-05
948,54.706,89.53697135499897,60.08622689100048,ok,60.08509485800096,1.4124797451563321e-05,2.4920000214478932e-05
949,55.025,89.53716033199998,60.471369875000164,ok,60.470258199000455,1.3876544310537437e-05,2.214699998148717e-05
950,55.05,89.53733118899981,60.39621229000113,ok,60.39505543999985,1.4424860775669671e-05,2.9170001653255895e-05
951,55.076,89.5375096029984,60.373363248001624,ok,60.3722413480009,1.400873418477411e-05,3.176800055371132e-05
952,55.151,89.5377164449983,60.649664274000315,ok,60.64853035300075,1.4145949351103222e-05,2.434499947412405e-05
953,55.177,89.53789979199973,60.52428592300021,ok,60.52318168900092,1.3777873414543552e-05,2.385700099694077e-05
954,55.202,89.53806345199882,60.51467985399904,ok,60.51340744799927,1.5890746827965273e-05,2.9293001716723666e-05
955,55.252,89.53836438599865,60.428529220998826,ok,60.427402356999664,1.4064341773024076e-05,2.768299964373e-05
956,55.353,89.53857102999973,60.631027289000485,ok,60.62988373299959,1.4267544302819709e-05,2.3288999727810733e-05
957,55.379,89.5387721219995,60.01188707199981,ok,60.01077675200031,1.3842430384608598e-05,2.924799991887994e-05
958,55.429,89.53895202399872,60.210225375001755,ok,60.20909851600118,1.4066392395761795e-05,2.4295999537571333e-05
959,55.454,89.53913032599849,60.26838389799923,ok,60.26727234199825,1.3866367110874964e-05,2.3336000595008954e-05
960,55.529,89.53930259499975,60.70801457299967,ok,60.70690469700094,1.3852772145249138e-05,2.3141999918152578e-05
961,55.605,89.53948708399912,60.63126919000024,ok,60.630184556999666,1.3534911391340031e-05,2.579200008767657e-05
962,55.63,89.5396897139999,60.045398721998936,ok,60.044228105,1.4579493663519845e-05,2.553000012994744e-05
963,55.706,89.53988707899953,60.42818420100048,ok,60.42706229000032,1.4007759482755997e-05,2.5112000002991408e-05
964,55.807,89.54006797900001,60.40640447700025,ok,60.40527356600069,1.4120025298325345e-05,2.2730000637238845e-05
965,56.0,89.54038475099878,60.59909236199928,ok,60.597970128999805,1.4011000000865824e-05,2.237399894511327e-05
966,56.076,89.54059338799925,60.293245208999,ok,60.291924704999474,1.6319632915746055e-05,4.5174001570558175e-05
967,56.202,89.54080648799936,60.16543744699993,ok,60.16431421699963,1.4011873415106895e-05,2.7785999918705784e-05
968,56.227,89.54098479499953,60.203490431998944,ok,60.20236494799974,1.4050708861897782e-05,2.214699998148717e-05
969,56.303,89.54116330599936,60.473278967001534,ok,60.47215750500072,1.398254430626631e-05,2.275500082760118e-05
970,56.328,89.54133698399892,60.31506893400001,ok,60.313931557000615,1.4186075934992892e-05,2.3519000023952685e-05
971,56.454,89.54151909999928,60.38614320600027,ok,60.38501657899906,1.4064354436874354e-05,2.5814000764512457e-05
972,56.529,89.54170712099949,60.348957043001064,ok,60.34783996099941,1.3943455697595778e-05,2.7348000003257766e-05
973,56.68,89.54188197599979,60.11723842199899,ok,60.11612551500002,1.3896632907157646e-05,2.4924998797359876e-05
974,56.832,89.54205479199845,60.6211991199998,ok,60.62005909400068,1.4220784808607784e-05,2.481299998180475e-05
975,56.857,89.54237820299932,60.453046037000604,ok,60.4519480809995,1.3685835451897105e-05,2.250700163131114e-05
976,57.151,89.54258501000004,60.43383016600092,ok,60.43267188199934,1.4455506349309595e-05,2.3865000912337564e-05
977,57.177,89.54279015599968,60.68664596800045,ok,60.68551079200006,1.4159658245331183e-05,2.378699900873471e-05
978,57.202,89.54297231899909,60.16089063700019,ok,60.159777323000526,1.3872582275314326e-05,2.7147998480359092e-05
979,57.303,89.5431517069992,60.53678930000024,ok,60.535640908999994,1.4305278501190433e-05,3.7995001548551954e-05
980,57.328,89.54332165099913,60.468706442999974,ok,60.46761373499976,1.3636189866206856e-05,2.4933000531746075e-05
981,57.379,89.54350684499877,60.478010853999876,ok,60.47685105799974,1.4455518990134691e-05,2.4545999622205272e-05
982,57.429,89.54371795299994,60.11423281399948,ok,60.11310892199981,1.4019316443444018e-05,2.581999979156535e-05
983,57.579,89.54392334399927,60.542024600999866,ok,60.540838395998435,1.476764557566317e-05,2.9380000341916457e-05
984,57.807,89.5440953769994,60.4441646840005,ok,60.44305011200049,1.3901354428019693e-05,2.4244000087492168e-05
985,58.076,89.5444040859984,60.36177817499993,ok,60.3606677630014,1.3854632902333418e-05,2.7700001737684943e-05
986,58.101,89.54460193299929,60.15440423400105,ok,60.15328121600032,1.401115189799361e-05,2.681299883988686e-05
987,58.126,89.54480806599895,60.332994244001384,ok,60.33188330700068,1.387112657723748e-05,2.6007000997196883e-05
988,58.177,89.54498687799969,60.60757102500065,ok,60.606454364000456,1.3941139249128136e-05,2.2202999389264733e-05
989,58.227,89.54515997499948,60.6866557329995,ok,60.68550618699919,1.4338670886980807e-05,2.7285999749437906e-05
990,58.303,89.54533212299975,60.34774488400035,ok,60.34658263299934,1.4484139245712268e-05,2.836400017258711e-05
991,58.353,89.54551563299901,60.15471394299857,ok,60.15354187399862,1.4604797486961477e-05,2.8077000024495646e-05
992,58.479,89.54570767099904,60.63573506600005,ok,60.63458416300091,1.4364126584525043e-05,2.4275999749079347e-05
993,58.504,89.54588292599874,60.06779260199983,ok,60.06665656000041,1.416996201442089e-05,3.29550002788892e-05
994,58.605,89.54604998099967,60.35414612199929,ok,60.35302164299901,1.4032303797533512e-05,2.3925000277813524e-05
995,58.807,89.5474433039999,60.44560626399834,ok,60.444435401999726,1.459349366512792e-05,2.8264999855309725e-05
996,59.0,89.54770701399866,60.193195493999156,ok,60.19203929700052,1.4389037966759155e-05,2.8917000236106105e-05
997,59.025,89.54791492799995,60.48192399400068,ok,60.48078620399974,1.4209227847919764e-05,2.7680000130203553e-05
998,59.05,89.54811450599846,60.401935896001305,ok,60.400787223001316,1.4347620245770705e-05,2.552799924160354e-05
999,59.126,89.54829783799869,60.42332861799878,ok,60.42215014999965,1.4531822786541195e-05,2.4855000447132625e-05
1000,59.429,89.54850047099899,60.05335969599946,ok,60.05215580000004,1.4998367089591036e-05,2.8992999432375655e-05
1001,59.655,89.5487011919995,59.99487911799952,ok,59.993694097000116,1.4754189866340035e-05,2.8534001103253104e-05
1002,59.756,89.54887764399973,60.20506941399981,ok,60.203941675999886,1.4057594957124866e-05,2.7210000553168356e-05
1003,59.807,89.54904815899863,60.602340295999966,ok,60.60120828100116,1.4124974676391663e-05,2.3771000996930525e-05
1004,60.101,89.54922746099874,60.02401546299916,ok,60.02286630999879,1.433096203291376e-05,3.5433000448392704e-05
1005,60.227,89.54951284399976,60.1877528469995,ok,60.18661761800104,1.4164240486865356e-05,2.4094999389490113e-05
1006,60.278,89.54974109399882,60.146876771999814,ok,60.14572316900012,1.4260911392497452e-05,2.2123000235296786e-05
1007,60.303,89.5499257219999,60.47872183399886,ok,60.47762223399877,1.3716177231281453e-05,2.912800118792802e-05
1008,60.328,89.55010570099876,60.473840255999676,ok,60.472664402999726,1.4651569621998498e-05,2.678900091268588e-05
1009,60.404,89.55028258899983,60.69938490200002,ok,60.69825563500126,1.4077215175486252e-05,2.8250999093870632e-05
1010,60.554,89.55046471700007,60.128996001001724,ok,60.12788462300159,1.3861999993619239e-05,2.2415999410441145e-05
1011,60.605,89.55066053599876,60.11797718899834,ok,60.116841907998605,1.415520255019906e-05,3.0421000701608136e-05
1012,60.655,89.55084345899922,60.480183947000114,ok,60.47904959999869,1.4161658235692973e-05,2.8212998586241156e-05
1013,60.756,89.55101729599846,60.31003145000068,ok,60.30893471099989,1.3695392422223335e-05,2.5579000066500157e-05
1014,60.807,89.55118227999992,60.43349085400041,ok,60.432338553999216,1.4378696206118616e-05,2.6960000468534417e-05
1015,61.076,89.55146883799898,60.27977748000012,ok,60.27867702900039,1.3733493665025475e-05,2.3848000637372024e-05
1016,61.151,89.55169602299975,60.08178651899834,ok,60.08047806399918,1.6334506331595202e-05,3.370100057509262e-05
1017,61.177,89.5519040929994,60.60425270500127,ok,60.603143346999786,1.3836316461895911e-05,2.3958000383572653e-05
1018,61.202,89.55209463599931,60.2566152039999,ok,60.25547464699957,1.424484810430138e-05,2.6251000235788524e-05
1019,61.252,89.55227089799882,60.32901326799947,ok,60.32792454099945,1.35902278491847e-05,2.228800076409243e-05
1020,61.353,89.5524913779991,60.033776569998736,ok,60.032658780999554,1.3934063288247614e-05,2.5043000277946703e-05
1021,61.379,89.55271583499962,60.33562848099973,ok,60.334528851999494,1.3656341782078453e-05,2.2846999854664318e-05
1022,61.504,89.55290018699998,60.619014118999985,ok,60.61790779799958,1.3811873434895438e-05,2.8636999559239484e-05
1023,61.579,89.55307440899924,60.244842005000464,ok,60.24372445199879,1.3942632915730635e-05,2.666100044734776e-05
1024,61.68,89.55326613899888,60.31973571399976,ok,60.31856011200034,1.4660784806518321e-05,3.5364000723348e-05
1025,61.756,89.55357031999847,60.49433350400068,ok,60.493221938000715,1.387797468091373e-05,2.6460998924449086e-05
1026,62.05,89.55378870200002,60.235913131000416,ok,60.23479650000081,1.3943177208015577e-05,2.7661999411066063e-05
1027,62.101,89.55397487899972,60.19167571199978,ok,60.19055953299903,1.3922113932402439e-05,2.956000025733374e-05
1028,62.126,89.55414782299886,60.64641189899885,ok,60.64529838999988,1.3886746837900468e-05,2.2575999537366442e-05
1029,62.202,89.55431199999839,60.21854836500097,ok,60.217433093999716,1.3906506335589728e-05,2.8488000680226833e-05
1030,62.227,89.5545099179999,60.52184502700038,ok,60.52071693700054,1.4073265827138602e-05,2.569699972809758e-05
1031,62.278,89.55471272199975,59.99355025799923,ok,59.99243979200037,1.3851088589968018e-05,2.3661001250729896e-05
1032,62.328,89.55489188599859,60.288499297999806,ok,60.28735093399882,1.4328987347227344e-05,2.4244000087492168e-05
1033,62.379,89.55505959499897,60.68629727199914,ok,60.68513266199989,1.4531443032209136e-05,2.7411000701249577e-05
1034,62.504,89.55522454399943,60.463926137999806,ok,60.46279986400077,1.4059645556837403e-05,2.4141001631505787e-05
1035,62.529,89.55550873999891,60.49003357399852,ok,60.488931214998956,1.3755430377904868e-05,2.214599953731522e-05
1036,62.756,89.55573057399852,59.98648736099858,ok,59.985326834999796,1.4476999988605539e-05,2.4733000827836804e-05
1037,62.781,89.55593630899966,60.194399420999616,ok,60.19329720400128,1.3698645558133073e-05,2.3146998501033522e-05
1038,63.0,89.55612694499905,60.55610236800021,ok,60.55497769400063,1.4043911390597461e-05,2.508999932615552e-05
1039,63.07599999999999,89.556304017,60.2322318660008,ok,60.23110717000054,1.4044468346732681e-05,2.1486999685293995e-05
1040,63.101,89.55648070399911,60.689665031000914,ok,60.68849196300107,1.4614822766470983e-05,2.766900070128031e-05
1041,63.150999999999996,89.55666922799901,60.68707690800147,ok,60.68596785699992,1.3836075963866544e-05,2.7360998501535505e-05
1042,63.227000000000004,89.55685270999857,60.281750269999975,ok,60.2806236790002,1.4047569631564997e-05,2.3470000087399967e-05
1043,63.278000000000006,89.55703423399973,60.00785964500028,ok,60.00675111700002,1.3826924052547746e-05,2.981000034196768e-05
1044,63.303,89.55721148599878,60.21684273899882,ok,60.21570584499932,1.4184189873233237e-05,2.729500010900665e-05
1045,63.352999999999994,89.55749841899888,60.108769168000435,ok,60.10762424699897,1.427937975308793e-05,2.4926999685703777e-05
1046,63.45399999999999,89.55771187699975,60.03342751299897,ok,60.03231169099854,1.390808862611899e-05,2.547100120864343e-05
1047,63.479,89.55789144899973,60.531590492999385,ok,60.53045461200054,1.4179822779002694e-05,2.3953998606884852e-05
1048,63.504000000000005,89.55806798599951,60.57549960899996,ok,60.57435265100139,1.430491138768347e-05,2.9811999411322176e-05
1049,63.629999999999995,89.55824681899867,60.571762411000236,ok,60.57065437100027,1.3826556962065965e-05,2.63660003838595e-05
1050,63.655,89.55843329199888,60.31577510100033,ok,60.31463125499977,1.4274658232225883e-05,2.5441000616410747e-05
1051,63.706,89.55860837899854,60.013418743999864,ok,60.01230666399897,1.3878278498194487e-05,2.530799974920228e-05
1052,63.831999999999994,89.55878873599977,60.14267777199893,ok,60.14150391600015,1.4624835428180574e-05,2.4422000933554955e-05
1053,64.025,89.5589710489985,60.63558620299955,ok,60.63444535099916,1.4231075959897577e-05,2.289099938934669e-05
1054,64.05,89.55913491499996,60.06650834299944,ok,60.06534924100015,1.447098733064471e-05,3.0159999369061552e-05
1055,64.126,89.55941512099889,60.23262998000064,ok,60.2314817130009,1.4300367091649765e-05,2.7324000257067382e-05
1056,64.151,89.55961439599923,60.1454334150003,ok,60.14428849899923,1.4285000015891605e-05,2.5500999981886707e-05
1057,64.177,89.55981417599833,60.032466427001054,ok,60.0313844500015,1.3501898736856536e-05,2.2894999347045086e-05
1058,64.227,89.5599885699994,60.2605517259999,ok,60.25946738799939,1.3538620241658314e-05,2.2611000531469472e-05
1059,64.278,89.5601619680001,60.64163940099934,ok,60.64046128500013,1.4670721508151427e-05,2.979500095534604e-05
1060,64.328,89.56032749599945,60.11794913800077,ok,60.11679931800063,1.433381013284125e-05,2.6164998416788876e-05
1061,64.404,89.56051521799964,60.558780355000636,ok,60.55768110600002,1.3727670895743266e-05,2.4510000002919696e-05
1062,64.504,89.56070322599953,60.55744581699946,ok,60.556361361999734,1.3535354441898296e-05,2.356100048928056e-05
1063,64.579,89.56088510900008,60.65538792100051,ok,60.65426923199993,1.3940481005215876e-05,2.5211000320268795e-05
1064,64.63,89.561060946,60.20338270100001,ok,60.201980612000625,1.7454025303006255e-05,0.00010816099893418141
1065,64.655,89.56132891199923,60.08349109499977,ok,60.08236259200021,1.4077936692599537e-05,2.7849000616697595e-05
1066,64.781,89.5615321589994,60.62826198200128,ok,60.627088885001285,1.4609012661039052e-05,2.7983000109088607e-05
1067,64.857,89.56172714199965,60.481425582000156,ok,60.48027671300042,1.4330898736687554e-05,2.5536999601172283e-05
1068,65.0,89.56190741899991,60.492058257999815,ok,60.490894069000205,1.4504772157642602e-05,2.6969000828103162e-05
1069,65.05,89.56211232499845,60.171591615999205,ok,60.17044706500019,1.4270531636024707e-05,2.8720000045723282e-05
1070,65.101,89.56229423999866,60.30466299799991,ok,60.303586562999044,1.3430822785071368e-05,2.5215000277967192e-05
1071,65.177,89.56250036099846,60.547354696000184,ok,60.5462247760006,1.4097797455040656e-05,2.7097999918623827e-05
1072,65.227,89.56272651299878,60.46356819900029,ok,60.46245256400107,1.3917101258109913e-05,2.3304999558604322e-05
1073,65.252,89.56291277399941,60.660519193001164,ok,60.65940537099959,1.3897810138679475e-05,2.718599898798857e-05
1074,65.278,89.56308837699908,60.61241337000138,ok,60.611240775000624,1.461363291714924e-05,2.8406999263097532e-05
1075,65.303,89.56336745199951,60.673212505000265,ok,60.6721063570003,1.3787126590614207e-05,2.241000038338825e-05
1076,65.328,89.5635708969985,60.00016269599837,ok,59.99902682599895,1.4176974679075205e-05,2.639199919940438e-05
1077,65.353,89.56377478299873,60.602247365999574,ok,60.60072093099916,1.9061670886740217e-05,5.1496999731170945e-05
1078,65.404,89.56395097399945,60.2173364700011,ok,60.216163793000305,1.4616354424624315e-05,2.8127000405220315e-05
1079,65.454,89.56413543099916,60.268322592000914,ok,60.267163444999824,1.44440126618226e-05,2.3364000298897736e-05
1080,65.504,89.56430515099964,60.050526114000604,ok,60.04942545499944,1.373170886801768e-05,2.8054000722477213e-05
1081,65.579,89.56449944199994,60.05632306900043,ok,60.055179684000905,1.4265848083688312e-05,2.7783000405179337e-05
1082,65.68,89.56469176899918,60.07395836999967,ok,60.072603504000654,1.685329113535795e-05,9.752600089996122e-05
1083,65.756,89.56487217499853,60.48419490800006,ok,60.483089224999276,1.379493670943311e-05,3.0359000447788276e-05
1084,66.025,89.56505884099897,60.52207240400094,ok,60.520954864001396,1.3933759493992039e-05,2.5483999706921168e-05
1085,66.076,89.56533044999924,60.28037885000049,ok,60.27929265900093,1.3552810108919829e-05,2.611399941088166e-05
1086,66.126,89.56553438699848,60.017138033001174,ok,60.01602079599979,1.3939215195817649e-05,2.6976998924510553e-05
1087,66.151,89.56573269199907,60.389236262999475,ok,60.388029056999585,1.5039962035407832e-05,3.591899985622149e-05
1088,66.252,89.56591593399935,60.4724820600004,ok,60.47106854999947,1.7622113923204744e-05,3.27990001096623e-05
1089,66.278,89.56608988099833,60.35560355499911,ok,60.3544595709991,1.4282746840624988e-05,2.6185000024270266e-05
1090,66.353,89.56626561899975,60.18649554699914,ok,60.18538072099909,1.3916886087781101e-05,2.622600004542619e-05
1091,66.429,89.56645699699948,60.4123200060003,ok,60.411195951999616,1.402075950069577e-05,2.7801999749499373e-05
1092,66.529,89.56666999399931,60.3099657340008,ok,60.308785610000996,1.4729962009668374e-05,3.105999894614797e-05
1093,66.554,89.56685287699838,60.22988622599951,ok,60.22878354400018,1.3758670896014693e-05,2.5827999706962146e-05
1094,66.756,89.5670223649995,60.038365514999896,ok,60.037266350998834,1.3709506329408363e-05,2.499999936844688e-05
1095,66.807,89.5673084659993,60.069927915001244,ok,60.068744259000596,1.4711848098734582e-05,2.8528000257210806e-05
1096,67.076,89.56750630399983,60.104756799000825,ok,60.103647300000375,1.3841898733148752e-05,2.321399915672373e-05
1097,67.126,89.56771160799872,60.41336102000059,ok,60.41229209999983,1.333506330825636e-05,2.548700103943702e-05
1098,67.177,89.56789172199933,59.9875494099997,ok,59.986432130999674,1.393346834056156e-05,2.284199945279397e-05
1099,67.278,89.56806687599965,60.12490632399931,ok,60.123768374000065,1.4198215179516687e-05,2.6930998501484282e-05
1100,67.303,89.56824146299914,60.15945612900032,ok,60.158360219000315,1.3671379735880485e-05,2.70649998128647e-05
1101,67.479,89.56842420999965,60.17840327399972,ok,60.17727886300054,1.4034291124045023e-05,2.7660000341711566e-05
1102,67.554,89.5686047449999,60.08099797899922,ok,60.07985501800067,1.4181278477079541e-05,3.418000051169656e-05
1103,67.63,89.56880222099971,60.57536145599988,ok,60.574264880000555,1.367941771190366e-05,2.3474000045098364e-05
1104,67.655,89.56897649899838,60.13962513300066,ok,60.13852109199979,1.3769999999498442e-05,2.1701998775824904e-05
1105,67.68,89.56924542399975,60.07796322700051,ok,60.07683313099915,1.4101734185588392e-05,2.4834998839651234e-05
1106,67.781,89.56944921699869,60.1126900750005,ok,60.11139681900022,1.6138974687340963e-05,3.074799860769417e-05
1107,67.832,89.56964931899893,60.50077533500007,ok,60.49966035399848,1.3916544301974693e-05,2.218300141976215e-05
1108,68.076,89.56983765199948,60.49708378700052,ok,60.49597296400134,1.3872379745810611e-05,2.602700078568887e-05
1109,68.126,89.57000862799941,60.52310063100049,ok,60.52197145299942,1.4082354442231192e-05,2.6558000172371976e-05
1110,68.379,89.57018305399833,60.20149922600103,ok,60.200316550000935,1.4728291141262715e-05,2.945199958048761e-05
1111,68.605,89.57036959699872,60.62664755900005,ok,60.62547908600027,1.4563101276392825e-05,2.7845999284181744e-05
1112,68.63,89.57054042699929,60.56542401400111,ok,60.5642942150007,1.4093139230404816e-05,2.681800106074661e-05
1113,68.68,89.5707284479995,59.982331298000645,ok,59.98115127299934,1.4716544314921255e-05,3.0078999770921655e-05
1114,68.731,89.57090314699963,60.49485501699928,ok,60.49374910299957,1.3803202542660557e-05,2.6439000066602603e-05
1115,69.076,89.57209287399928,60.529361595999944,ok,60.528196167000715,1.4518468364995102e-05,2.6518000595388003e-05
1116,69.202,89.57232694899903,60.46110273099839,ok,60.45991432199844,1.4810962045286735e-05,3.045399898837786e-05
1117,69.252,89.57253654099986,60.386019350000424,ok,60.38487907700073,1.4217367088694797e-05,2.506400051061064e-05
1118,69.278,89.57276284,60.67927603300086,ok,60.67814417400041,1.412517720589538e-05,2.6874000468524173e-05
1119,69.303,89.57296691199917,60.58909224499985,ok,60.58797540900014,1.3937050621452612e-05,2.5088000256801024e-05
1120,69.353,89.57314713699998,60.11020874800124,ok,60.10905384800026,1.4400088603687885e-05,2.7997999495710246e-05
1121,69.379,89.5733630499999,60.549504516000525,ok,60.548364423999374,1.4224924068659238e-05,2.8466000003390945e-05
1122,69.404,89.57354779899833,60.29459308599871,ok,60.29346206199989,1.4125822785957364e-05,2.4140001187333837e-05
1123,69.554,89.57375583499925,60.46819272900029,ok,60.467064511998615,1.4086240517377818e-05,2.7883001166628674e-05
1124,69.579,89.57393054599925,60.647157162999065,ok,60.646010848000515,1.430117720966463e-05,2.735599991865456e-05
1125,70.076,89.57420869099951,60.462723337999705,ok,60.46161775099972,1.3804063293051352e-05,2.9262000680319034e-05
1126,70.101,89.57441719099916,60.26298180000049,ok,60.261532590999195,1.8081658248475728e-05,3.6903000363963656e-05
1127,70.126,89.5746032829993,60.25076874499973,ok,60.24964123300015,1.4065556950046375e-05,2.5826999262790196e-05
1128,70.328,89.57480814399969,59.97467620600037,ok,59.97351047700067,1.452188608490809e-05,2.353699892410077e-05
1129,70.379,89.5749877169983,60.156262892000086,ok,60.15510972099946,1.4361734175980917e-05,2.9569999242085032e-05
1130,70.429,89.57516220599973,60.013556367001,ok,60.0124195490007,1.4184215200933793e-05,2.6376001187600195e-05
1131,70.479,89.5753375559998,59.98128742099834,ok,59.980148306000046,1.4205101251718588e-05,3.0406999940169044e-05
1132,70.605,89.5755255619988,60.31050625199896,ok,60.30936446499982,1.4233227847387153e-05,2.6065001293318346e-05
1133,70.68,89.57571762599946,60.495888028999616,ok,60.494760130999566,1.4085860763045759e-05,2.236199907201808e-05
1134,70.807,89.57589039099912,60.64162214700082,ok,60.64044132800154,1.4731746829701351e-05,2.3700999008724466e-05
1135,71.05,89.57617477799977,59.991096065999955,ok,59.98995990899857,1.4180772153320251e-05,2.40420013142284e-05
1136,71.076,89.57638003200009,60.531087934001334,ok,60.529927131001386,1.4481696204792214e-05,2.361499900871422e-05
1137,71.177,89.57656658199994,60.43668854099997,ok,60.43551444399964,1.4626696208290036e-05,3.0729999707546085e-05
1138,71.202,89.57675354799903,60.6574552889997,ok,60.65629585200077,1.4474670876287619e-05,2.511400089133531e-05
1139,71.227,89.57693804099836,60.650136432999716,ok,60.648982300999705,1.4405810131243418e-05,2.6605001039570197e-05
1140,71.278,89.57710713099914,60.152927602001,ok,60.15178661400023,1.424564558149115e-05,2.5466999431955628e-05
1141,71.554,89.57729345699954,60.302845133999654,ok,60.30171913899903,1.404913925824398e-05,2.595699879748281e-05
1142,71.579,89.57747704899884,60.642410880998796,ok,60.641318015999786,1.3634962025334281e-05,2.5907998860930093e-05
1143,71.605,89.57766977699976,60.145311472000685,ok,60.14420099800009,1.3851481031175538e-05,2.6248000722262077e-05
1144,71.781,89.57784568399984,60.378333561000545,ok,60.377193464999436,1.4225645585772522e-05,2.77620001725154e-05
1145,72.076,89.57811640499858,60.08457165100117,ok,60.08344940400093,1.3990759484092646e-05,2.7676000172505155e-05
1146,72.101,89.57830969899987,60.32671031599966,ok,60.32558685100048,1.4019670893100703e-05,2.5892999474308454e-05
1147,72.202,89.57851564499833,60.24566876599965,ok,60.24450919999981,1.4465797477574206e-05,3.407700023672078e-05
1148,72.227,89.57870733199888,60.015933177999614,ok,60.0147934839988,1.4221810143001825e-05,3.005700091307517e-05
1149,72.252,89.57888202999857,60.56893740899977,ok,60.56777159000012,1.4542126578656084e-05,2.893599958042614e-05
1150,72.278,89.57906008200007,60.055709873000524,ok,60.05448734899983,1.5249506345120423e-05,3.123699934803881e-05
1151,72.429,89.5792328159987,60.51511991699954,ok,60.513934013000835,1.4715291123322942e-05,2.4668999685673043e-05
1152,72.554,89.57941761099937,60.671431079001195,ok,60.67030234500089,1.4088025314385614e-05,2.7596999643719755e-05
1153,72.605,89.5796398909988,60.319378406000396,ok,60.3182546750013,1.403282278514308e-05,2.540500099712517e-05
1154,72.63,89.57981628999914,60.46692495100069,ok,60.46578627300005,1.4217265823942939e-05,2.848899930540938e-05
1155,72.655,89.58007859699865,60.030061846000535,ok,60.0289184760004,1.4253455677284872e-05,2.500400114513468e-05
1156,72.706,89.58025654299854,60.65987894200043,ok,60.658743399999366,1.4166683550810595e-05,2.4713999664527364e-05
1157,73.101,89.58043656900009,60.17993167399982,ok,60.17867029199988,1.57087848216363e-05,3.6409001040738076e-05
1158,73.126,89.58061367399932,60.32320995600094,ok,60.32207503400059,1.4144481012201279e-05,2.9659000574611127e-05
1159,73.353,89.58080064599926,60.242166244001055,ok,60.24103038100111,1.4158050627101367e-05,2.858700099750422e-05
1160,73.404,89.58096863799983,60.234894725999766,ok,60.23376215600001,1.413035444116597e-05,2.723099896684289e-05
1161,73.429,89.58112718599841,60.355948150001495,ok,60.35481881099986,1.4099367104744822e-05,3.1771000067237765e-05
1162,73.479,89.58128559799843,60.62176099499993,ok,60.62057930099945,1.4727734185127495e-05,2.824600051098969e-05
1163,73.504,89.58147256699885,60.47599389700008,ok,60.474881334999736,1.3886278482666828e-05,2.273700010846369e-05
1164,73.529,89.5816479389996,60.66327078799986,ok,60.66215177400045,1.3964518996234098e-05,2.6629999410943128e-05
1165,73.756,89.58191822699882,60.04895820999991,ok,60.04776463899907,1.4832012657049596e-05,3.423199996177573e-05
1166,73.807,89.58209133299897,60.5205662319986,ok,60.51943079400007,1.4147873404413709e-05,2.7537000278243795e-05
1167,74.05,89.58226474799994,60.476381684000444,ok,60.47525419500016,1.407946835075287e-05,3.0397000955417752e-05
1168,74.101,89.58245204499872,60.053543635000096,ok,60.052377022000655,1.4552000007088167e-05,3.1345998650067486e-05
1169,74.126,89.58263202299895,60.0369702299995,ok,60.03578533600012,1.4769354435619662e-05,2.706800114538055e-05
1170,74.151,89.58286193299864,60.19719634099965,ok,60.19607803999861,1.3941379747157504e-05,2.4684000891284086e-05
1171,74.177,89.58303304499896,60.01041717000044,ok,60.00930897700164,1.3819924051743708e-05,3.065699820581358e-05
1172,74.278,89.58319893799853,60.6414528489986,ok,60.640293513999495,1.4465316458490289e-05,3.0795001293881796e-05
1173,74.328,89.58338218799872,60.553738159000204,ok,60.55263866399946,1.3716898748394738e-05,2.444399979140144e-05
1174,74.379,89.58354931099893,60.37015702200006,ok,60.368992321000405,1.4516898738316119e-05,3.125000148429535e-05
1175,74.479,89.58383354499892,60.198694194999916,ok,60.19752599399908,1.4568835444773452e-05,2.7424999643699266e-05
1176,74.504,89.58401945500009,60.575677757999074,ok,60.57453977099976,1.4197873416735461e-05,3.052200008824002e-05
1177,74.554,89.5841909719984,60.38983925100001,ok,60.38871782800015,1.3984113909920112e-05,2.7453999791759998e-05
1178,74.579,89.58435497399842,60.56940604299962,ok,60.56826747500054,1.4215329106782174e-05,2.7860000045620836e-05
1179,74.605,89.584522662999,60.20989481799916,ok,60.20877508599915,1.3971708862691575e-05,2.3954999051056802e-05
1180,74.63,89.58471526499852,60.05522341999858,ok,60.05401017499935,1.5108556954722108e-05,3.140199987683445e-05
1181,74.655,89.5848746039992,60.45951072700154,ok,60.45833450900136,1.4650797472509285e-05,2.7056999897467904e-05
1182,74.731,89.58502161999968,59.962079049999375,ok,59.96098370499931,1.3661253168593938e-05,2.4557000870117918e-05
1183,74.807,89.58518997600004,59.9749714619993,ok,59.97386235999875,1.3832113928643433e-05,2.507699900888838e-05
1184,74.857,89.58537582600002,60.31246604300031,ok,60.311325489999945,1.423869619003786e-05,2.7395999495638534e-05
1185,75.0,89.5856692999987,60.581556442000874,ok,60.58041890000095,1.4183860751277106e-05,2.8558000849443488e-05
1186,75.227,89.5858647649984,60.327424290000636,ok,60.32623160200092,1.4874417720881255e-05,3.430799915804528e-05
1187,75.252,89.58603227099957,59.9907549690015,ok,59.98963985800037,1.3912493665850001e-05,2.6896999770542607e-05
1188,75.328,89.58619746699878,60.38664917999995,ok,60.385494053,1.4393772151471481e-05,2.8790000214939937e-05
1189,75.404,89.58636945499893,60.090697460998854,ok,60.089531091000026,1.4534278468286348e-05,2.7226000383961946e-05
1190,75.429,89.58654044600007,60.395701787998405,ok,60.3945860119984,1.3935202551243791e-05,2.4028000552789308e-05
1191,75.554,89.58674903399879,60.174922796999454,ok,60.173686555999666,1.538903798294236e-05,3.558000025805086e-05
1192,75.63,89.58693050599868,60.604037363000316,ok,60.60292317699896,1.3891949377846433e-05,2.568600029917434e-05
1193,75.781,89.58710548399904,60.51914492099968,ok,60.51799493599901,1.4342240504021579e-05,2.739799856499303e-05
1194,76.126,89.58725687999868,60.41773024000031,ok,60.416610730000684,1.3969101260793454e-05,2.5941999410861172e-05
1195,76.151,89.58753655199871,60.17937432399958,ok,60.178222767999614,1.4347329115365408e-05,3.3942000300157815e-05
1196,76.227,89.58777275299872,60.2602917639997,ok,60.259153737000815,1.4209227847919764e-05,2.4999000743264332e-05
1197,76.252,89.5879652399999,60.625923648000025,ok,60.62477315700016,1.4359075964732049e-05,2.7025000235880725e-05
1198,76.278,89.58812965299876,60.644866909000484,ok,60.64374358200075,1.4013189879906235e-05,2.773000051092822e-05
1199,76.353,89.6038512289997,60.31547392700122,ok,60.314328071001,1.4301708861124478e-05,2.533100087021012e-05
1200,76.429,89.60410162799963,60.01426316799916,ok,60.01310731599915,1.442635444227217e-05,2.591600059531629e-05
1201,76.454,89.60431861500001,60.509085079000215,ok,60.50796372699915,1.3983354424281175e-05,2.800599941110704e-05
1202,76.479,89.60455856899898,60.06531609100057,ok,60.06413625800087,1.470058226845186e-05,2.958999903057702e-05
1203,76.832,89.60499713299942,60.354754337000486,ok,60.35363453300124,1.3965873406533906e-05,2.8635999115067534e-05
1204,76.857,89.60525771499852,60.600225735001004,ok,60.59903073799978,1.4877278484659022e-05,3.6787998396903276e-05
1205,77.076,89.60559360999832,59.96048529899963,ok,59.95935852799994,1.406186076357837e-05,2.6202000299235806e-05
1206,77.151,89.60584443499829,60.50878084299984,ok,60.50761972699911,1.4328139237661645e-05,2.3116001102607697e-05
1207,77.177,89.60604845399939,60.113328424999054,ok,60.112187959999574,1.4227215189426324e-05,2.6888999855145812e-05
1208,77.202,89.60624512199865,60.46653266300018,ok,60.465423327999815,1.384321519794809e-05,2.6980000257026404e-05
1209,77.227,89.60644936599965,60.646763922999526,ok,60.64564457599954,1.3807164554858485e-05,2.459299867041409e-05
1210,77.252,89.60667558399837,60.47205903500071,ok,60.470924199000365,1.4156012645188742e-05,2.5477000235696323e-05
1211,77.278,89.60688146699977,60.340766013001485,ok,60.33964279000065,1.4019177210166508e-05,3.020999974978622e-05
1212,77.379,89.60708112499924,60.17055766699923,ok,60.16941742899871,1.4219379765932047e-05,2.984100137837231e-05
1213,77.554,89.60726559999966,60.10733252099999,ok,60.1062084260011,1.4023518976696496e-05,2.281600063724909e-05
1214,77.579,89.60748366899861,60.604050713000106,ok,60.602916760999506,1.4150734191216657e-05,2.2324999008560553e-05
1215,77.63,89.60778855699937,60.39957411499927,ok,60.398434007000105,1.4222101273407123e-05,2.5369001377839595e-05
1216,77.68,89.6080018699995,60.33493228499901,ok,60.333783360998495,1.4316392411320187e-05,2.666200089151971e-05
1217,77.807,89.60818958599884,59.95080523999968,ok,59.94967688500037,1.4049898720857734e-05,3.839999953925144e-05
1218,77.832,89.60837954999988,60.390590929999235,ok,60.389468216999376,1.4010683542759971e-05,2.4859000404831022e-05
1219,78.0,89.60857308599952,59.97895207900001,ok,59.97775186800027,1.4984253159380824e-05,2.4726999981794506e-05
1220,78.05,89.60881761599921,60.05505128599907,ok,60.053924728999846,1.4050443036167859e-05,2.6957999580190517e-05
1221,78.076,89.6090126099989,60.400681202998385,ok,60.39957368599971,1.3822316460287834e-05,2.593099998193793e-05
1222,78.101,89.60918162899907,60.14857620199837,ok,60.147339027998896,1.5412075944241914e-05,3.08599992422387e-05
1223,78.151,89.6093737229985,60.47409927300032,ok,60.47299232499972,1.3798594927375465e-05,2.250600118713919e-05
1224,78.202,89.60956663899924,60.085836961001405,ok,60.08467738900072,1.4462164564307226e-05,2.3393999072141014e-05
1225,78.429,89.60986808300004,60.47126469599971,ok,60.47013189899917,1.4124075957475218e-05,2.6748000891529955e-05
1226,78.529,89.61006979499871,59.93471489200056,ok,59.933591975001036,1.3998999989619538e-05,2.803999996103812e-05
1227,78.579,89.6102522129986,60.6048348029999,ok,60.603689132,1.4256810123996832e-05,3.4356999094597995e-05
1228,78.63,89.61044433200004,59.98536773899832,ok,59.984253888998865,1.3905354431768455e-05,2.691999907256104e-05
1229,78.68,89.61063847599871,60.32053327199901,ok,60.31943532199875,1.3709531657108919e-05,2.361499900871422e-05
1230,78.706,89.61081928799831,60.607916613998896,ok,60.606749348999074,1.4557860767921209e-05,2.765800127235707e-05
1231,78.832,89.61100103199897,60.054067641000074,ok,60.05292495800131,1.4252329101164154e-05,2.8017999284202233e-05
1232,79.151,89.61118842499855,60.09149880000041,ok,60.09034463599892,1.4394835454391174e-05,2.7965999834123068e-05
1233,79.177,89.61136835999969,60.21639304400014,ok,60.2152604310013,1.4126329109716654e-05,2.720299926295411e-05
1234,79.202,89.61154729599912,60.41357213599986,ok,60.41246805799892,1.3771810124206794e-05,2.4830998881952837e-05
1235,79.429,89.61298213199916,60.165887820001444,ok,60.164709613000014,1.4679139238506661e-05,2.909099930548109e-05
1236,79.554,89.61322697399919,60.13005314300062,ok,60.12892262300011,1.4095151907642066e-05,2.4044999008765444e-05
1237,79.579,89.613447619,59.95501010500084,ok,59.95387608800047,1.4150974666220843e-05,2.2557000193046406e-05
1238,79.68,89.61366635400009,60.316354114000205,ok,60.31524544199965,1.3835164558074638e-05,2.5346000256831758e-05
1239,79.706,89.61387195199859,60.12822977199903,ok,60.12709628399898,1.4145531651270694e-05,2.6513000193517655e-05
1240,79.731,89.61406372599959,60.38974092399985,ok,60.38858460099982,1.4403886077932931e-05,2.7628999305306934e-05
1241,79.807,89.61424895099844,60.477668625999286,ok,60.47647781900014,1.4827025310457625e-05,2.724799924180843e-05
1242,80.126,89.6144466679998,60.181125158000214,ok,60.18002474700006,1.3727734191969474e-05,2.1392999769886956e-05
1243,80.177,89.61464406399864,60.483260408000206,ok,60.48216577200037,1.3658037978184669e-05,2.8203001420479268e-05
1244,80.227,89.61484201799976,60.07332999600112,ok,60.07218283400107,1.4313189861736013e-05,2.622700048959814e-05
1245,80.252,89.61514355999861,60.09229622900057,ok,60.0911512720013,1.428612656898714e-05,2.303099972778e-05
1246,80.404,89.61533466499895,60.57681324499936,ok,60.57568365099905,1.4089974695396656e-05,2.4588998712715693e-05
1247,80.429,89.61553114699927,60.32857144100126,ok,60.327460909000365,1.3848291145441642e-05,2.4676999601069838e-05
1248,80.554,89.6157285069985,60.06505567500062,ok,60.0637874389995,1.580884811948083e-05,0.00010853700041479897
1249,80.655,89.61591555099949,60.48083885300002,ok,60.47968807500001,1.4348873414343836e-05,3.110000034212135e-05
1250,80.706,89.61609033999957,60.29839547499978,ok,60.29726434099939,1.4108303799684442e-05,2.303200017195195e-05
1251,80.781,89.61627250399943,60.32546158900004,ok,60.324365833999764,1.367462025399031e-05,2.73730001936201e-05
1252,80.807,89.61647183499917,59.96268578700074,ok,59.961545833000855,1.4202518977521023e-05,2.6077999791596085e-05
1253,80.832,89.61666941299882,60.621101922999514,ok,60.619973756000036,1.4072430381423181e-05,2.79949999821838e-05
1254,81.05,89.61694847499894,60.384391854999194,ok,60.38322192099986,1.4505645571883673e-05,2.9812999855494127e-05
1255,81.076,89.61714691099951,60.506900491000124,ok,60.50577402899944,1.4061455704570936e-05,2.5215000277967192e-05
1256,81.101,89.61732495799879,60.15791876499861,ok,60.156782889998794,1.4175873430655042e-05,2.5561999791534618e-05
1257,81.177,89.61752256699947,60.33132236500023,ok,60.33017973799906,1.4255734180252044e-05,2.7431000489741564e-05
1258,81.379,89.61773487999926,60.2896281609992,ok,60.28850102299839,1.405939241798294e-05,2.5999999706982635e-05
1259,81.429,89.61791750299926,60.25259111699961,ok,60.25147338199895,1.3954962025907869e-05,2.2452000848716125e-05
1260,81.479,89.61809067099966,60.55031519399927,ok,60.54919784999947,1.3940405068164573e-05,2.2174001060193405e-05
1261,81.504,89.61826746399856,60.09148964000087,ok,60.09039688399935,1.3640531655762026e-05,2.5702000129967928e-05
1262,81.554,89.61845098599952,60.51039204500012,ok,60.509273045001464,1.3966265801691062e-05,2.777699955913704e-05
1263,81.605,89.61864841499846,60.23539114800042,ok,60.23422212699916,1.4593518992828476e-05,2.627100002428051e-05
1264,81.63,89.61894575199949,60.50272674200096,ok,60.501599814000656,1.4064898729159296e-05,2.6188999981968664e-05
1265,81.68,89.61915200199837,60.522678520001136,ok,60.521556775000136,1.3996202545093161e-05,2.7150001187692396e-05
1266,81.731,89.61933203499939,59.95508226899983,ok,59.95396279600027,1.3957025312495866e-05,2.661299913597759e-05
1267,82.05,89.61952216600002,60.051577058000476,ok,60.050418176000676,1.4449291138819867e-05,2.734000008786097e-05
1268,82.076,89.61972205799975,60.61922365600003,ok,60.61810617000083,1.3945189862227646e-05,2.5997000193456188e-05
1269,82.202,89.61990625099861,60.13518801400096,ok,60.134096469000724,1.3626075939745406e-05,2.5655999706941657e-05
1270,82.227,89.62007736299893,60.48016329600068,ok,60.47906509300083,1.3700037959983714e-05,2.3537000743090175e-05
1271,82.278,89.6202535529992,60.43603440900006,ok,60.4349263160002,1.3830430373362312e-05,2.3335000150837004e-05
1272,82.529,89.62043828700007,60.5072327580001,ok,60.506079500999476,1.4384303805072015e-05,2.8501000997493975e-05
1273,82.579,89.62063915499857,60.03017043299951,ok,60.0290373480002,1.4136658229532098e-05,2.725300146266818e-05
1274,82.605,89.62093841799833,60.18061814900102,ok,60.17944537400035,1.4598278482216174e-05,2.495700027793646e-05
1275,82.63,89.62113181999848,60.141839275000166,ok,60.14060761399924,1.534449367244622e-05,4.6086001020739786e-05
1276,82.655,89.62130914899899,60.26118583100106,ok,60.26003510600094,1.4345506326806778e-05,2.3192000298877247e-05
1277,82.756,89.62150897099855,60.5167916800001,ok,60.51566540699969,1.405491139515026e-05,2.340299943170976e-05
1278,82.807,89.62170383400007,60.23351701399952,ok,60.2323919069986,1.4026924055784387e-05,3.791800008912105e-05
1279,83.025,89.6218975619995,60.03250351800125,ok,60.031361356999696,1.4252468357466845e-05,2.3394999516312964e-05
1280,83.101,89.62207364299866,60.55699053900025,ok,60.555851928000266,1.4212430374478757e-05,2.6028999855043367e-05
1281,83.227,89.62225734799904,59.975900457000535,ok,59.974779251000655,1.399763289244427e-05,2.4278000637423247e-05
1282,83.404,89.62244055699921,60.01997443400069,ok,60.01882184100032,1.4364177216900973e-05,2.529599987610709e-05
1283,83.429,89.62273070499941,60.37390766899989,ok,60.3727491919999,1.4451822780641503e-05,3.0295999749796465e-05
1284,83.479,89.62293957399925,60.316466180000134,ok,60.3153495789993,1.3948493676563678e-05,2.3168000552686863e-05
1285,83.504,89.62316128299972,60.341361453998616,ok,60.34024756599865,1.389429115401463e-05,2.3169000996858813e-05
1286,83.605,89.62336471599883,60.067224087000795,ok,60.066041850001056,1.4703075941747844e-05,2.3062999389367178e-05
1287,84.05,89.62355676199877,60.29457427300076,ok,60.29343269200035,1.4243291141472674e-05,2.556600156822242e-05
1288,84.076,89.62376381699869,60.40842114999941,ok,60.40731540100023,1.3799367076864677e-05,2.4475999452988617e-05
1289,84.151,89.6239490809985,60.1634060080014,ok,60.16227819699998,1.4081632925117908e-05,2.5798000933718868e-05
1290,84.177,89.6241388519993,60.228673640000125,ok,60.22754835500018,1.404092403436728e-05,2.884499917854555e-05
1291,84.202,89.62431827299952,60.19274461299938,ok,60.19159821100038,1.430663291149024e-05,2.896899968618527e-05
1292,84.278,89.62449637499958,60.24483659699945,ok,60.24369831999866,1.4213632910675958e-05,2.340700120839756e-05
1293,84.353,89.62481269899945,59.99117172200022,ok,59.99007268300011,1.3714911375832862e-05,2.5475001166341826e-05
1294,84.404,89.62500599099985,59.92926137399991,ok,59.92811256999994,1.4324329122591504e-05,2.4946999474195763e-05
1295,84.63,89.62519654799871,60.39160090099904,ok,60.39046056100051,1.423734175671287e-05,2.800900074362289e-05
1296,84.655,89.62537896999856,60.261812292001196,ok,60.26071245500134,1.3727822769845872e-05,2.6383999284007587e-05
1297,84.706,89.62556333999964,60.33534190499995,ok,60.33424915700016,1.3628417715913604e-05,2.6091000108863227e-05
1298,84.731,89.62576085599903,60.57244730799903,ok,60.57132423300027,1.400668353901121e-05,2.4967001081677154e-05
1299,84.781,89.62593623199973,59.9138663169997,ok,59.91271791500003,1.4303759506887378e-05,2.619299993966706e-05
1300,84.832,89.62610656600009,60.176698800998565,ok,60.17553127700012,1.4566518973280629e-05,2.769899947452359e-05
1301,84.857,89.62628486899848,60.51437072599947,ok,60.513256255999295,1.3905873419378023e-05,2.6887999410973862e-05
1302,85.0,89.6264602759984,59.934891602999414,ok,59.93375721499979,1.4091759492404453e-05,2.3692000468145125e-05
1303,85.05,89.62678353999945,60.09739303800052,ok,60.09625111800051,1.4247493674725153e-05,2.3737999072181992e-05
1304,85.076,89.62697193799977,60.26729610300026,ok,60.26616493899928,1.4109999995790658e-05,2.3972999770194292e-05
1305,85.101,89.6271900089996,60.301662046000274,ok,60.300526465000075,1.4172632912545218e-05,2.7379999664844945e-05
1306,85.151,89.62740058199961,60.23015607799971,ok,60.22906166800021,1.3658253171538664e-05,2.1809999452671036e-05
1307,85.202,89.62759381199976,60.39990068299994,ok,60.3987632139997,1.4198898751129502e-05,2.5718998585944064e-05
1308,85.252,89.6277878259989,60.163058108999394,ok,60.16197143199861,1.391015585240539e-05,3.562100027920678e-05
1309,85.328,89.62797447399862,60.492510806998325,ok,60.49137627899836,1.4156886082454997e-05,2.2472999262390658e-05
1310,85.404,89.62818216300002,60.475668500999745,ok,60.47453541899995,1.4134873432524302e-05,2.6916999559034593e-05
1311,85.454,89.628365777,60.24339610700008,ok,60.24219633999928,1.4874658241935805e-05,3.1729001420899294e-05
1312,85.504,89.62865763599984,60.24674074199902,ok,60.24560313099937,1.4203113925207077e-05,2.4238001060439274e-05
1313,85.529,89.6288628939983,60.1810184449987,ok,60.179897952999454,1.3987139234675943e-05,2.7179999960935675e-05
1314,85.68,89.62904649999837,60.23678039400147,ok,60.23566080500132,1.3982797468145956e-05,2.778899943223223e-05
1315,86.025,89.6292300319983,60.31134571399889,ok,60.3102303859996,1.391963289993155e-05,2.248499913548585e-05
1316,86.101,89.62943006899877,60.18163505499979,ok,60.18050239200056,1.4141936706529364e-05,2.5390001610503532e-05
1317,86.252,89.62961086499854,59.941245018999325,ok,59.940121868999995,1.4006189879102195e-05,2.8596001357072964e-05
1318,86.278,89.62981311099975,59.92201386300076,ok,59.92090051700143,1.388440506173227e-05,2.9777998861391097e-05
1319,86.303,89.6299922499984,60.17515786799959,ok,60.174030058000426,1.4078822770690888e-05,2.523100010876078e-05
1320,86.379,89.63016163099928,60.57407054000032,ok,60.57294530299987,1.4036113912603653e-05,2.5563000235706568e-05
1321,86.454,89.63033922199975,60.43776236299891,ok,60.43662895399939,1.4147544305482761e-05,2.6002000595326535e-05
1322,86.479,89.63066327399974,60.6047501539997,ok,60.60360671499984,1.423999999098692e-05,2.681700061657466e-05
1323,86.529,89.63086678599939,59.97336277899922,ok,59.97223897799995,1.4018873415910934e-05,2.4643000870128162e-05
1324,86.605,89.6310574399995,59.97199981399899,ok,59.970864778999385,1.4159784814758414e-05,2.6662999516702257e-05
1325,86.832,89.6312356769995,60.3046553460008,ok,60.303558965000775,1.367656961197617e-05,2.6521998734096996e-05
1326,87.0,89.63143166199916,60.145006840999486,ok,60.14386736099914,1.422411392761919e-05,2.3560998670291156e-05
1327,87.227,89.63161514199965,60.10326289099976,ok,60.10213411499899,1.409662024654401e-05,2.7103000320494175e-05
1328,87.404,89.63181461599925,60.151944319000904,ok,60.1507776870003,1.4564139251611962e-05,2.6825000531971455e-05
1329,87.429,89.63200747399969,60.01998734699919,ok,60.018860993999624,1.4048759503911921e-05,2.8169999495730735e-05
1330,87.454,89.63217941899893,60.02933197600032,ok,60.02821038199909,1.3984278493923359e-05,2.4339000447071157e-05
1331,87.706,89.63235427099971,60.04348992700034,ok,60.04235020200031,1.4216860764935507e-05,2.81449993053684e-05
1332,87.807,89.63266091500009,59.96670204300062,ok,59.965541077001035,1.4469708857396206e-05,2.8127000405220315e-05
1333,87.857,89.63285821699901,60.56050121299995,ok,60.559354748998885,1.428874683473554e-05,3.090700010943692e-05
1334,88.05,89.6330447019991,60.293432721999125,ok,60.292306629999075,1.405953165126045e-05,2.2591999368160032e-05
1335,88.101,89.63327025599938,60.02231664000101,ok,60.02118491799956,1.4117860770010672e-05,2.2799998987466097e-05
1336,88.177,89.6334877979989,59.9754527999994,ok,59.97432616699916,1.4043531636265402e-05,2.6646999685908668e-05
1337,88.227,89.63368914199964,59.9668953599994,ok,59.96574157699979,1.4392873409529852e-05,2.4097000277834013e-05
1338,88.303,89.63387501599937,60.53920628600099,ok,60.5380927719998,1.389405063296008e-05,2.5579000066500157e-05
1339,88.529,89.63405854999837,60.44824697800141,ok,60.44713287000013,1.38957341882412e-05,2.4466000468237326e-05
1340,88.731,89.63423588899968,60.49695910999981,ok,60.495834159999504,1.4034936704107007e-05,2.9566999728558585e-05
1341,88.781,89.63451624799927,60.13117690400031,ok,60.129996908000976,1.469816455523236e-05,2.825800038408488e-05
1342,88.832,89.63474725699962,60.29054500199891,ok,60.28940654799953,1.4206708869948405e-05,2.366399894526694e-05
1343,89.025,89.63493128299888,60.424882363000506,ok,60.42376910200073,1.3899253149880863e-05,2.82300006801961e-05
1344,89.076,89.63511416599977,59.9487494699988,ok,59.94761600600032,1.4136481004703754e-05,2.7907000912819058e-05
1345,89.252,89.6352910359983,60.28762609600017,ok,60.28645550700094,1.4591734172795498e-05,2.8231999749550596e-05
1346,89.303,89.63550159799888,59.903052081999704,ok,59.901791553000294,1.555422784781225e-05,3.0593000701628625e-05
1347,89.353,89.63569776699842,60.08611324599951,ok,60.084979196999484,1.4144481012201279e-05,2.6779000108945183e-05
1348,89.429,89.64101553599903,60.536850538999715,ok,60.535737117999815,1.3891848113094575e-05,2.6855999749386683e-05
1349,89.454,89.64125792099912,60.098432929999035,ok,60.09727273899989,1.4476974683930166e-05,2.6824000087799504e-05
1350,89.504,89.70331566299865,60.551069900000584,ok,60.549945965000006,1.401716455595444e-05,2.2995000108494423e-05
1351,89.529,89.70369739599846,60.55191930499859,ok,60.55075346999911,1.4386822783043372e-05,2.9232000088086352e-05
1352,89.554,89.70396225399963,60.55293496000013,ok,60.551721482001085,1.5103202517648357e-05,3.033800021512434e-05
1353,89.579,89.70417747399915,60.55507390999992,ok,60.55393067099976,1.4260810127745594e-05,2.480200055288151e-05
1354,89.605,89.70435321500008,60.556067636998705,ok,60.55495395199978,1.3896962029113776e-05,2.2748999981558882e-05
1355,89.68,89.70693420299904,60.554620121998596,ok,60.55353444499997,1.354596202826876e-05,2.2135998733574525e-05
1356,89.731,89.73203614099839,60.53069205000065,ok,60.52957553000124,1.3929354431235844e-05,2.7048001356888562e-05
1357,89.756,89.7570784949985,60.50681460499982,ok,60.50569960299981,1.3918531651511387e-05,2.7991000024485402e-05
1358,89.832,89.83233951500006,60.43271781799922,ok,60.43159339699923,1.4039759512746094e-05,2.7177000447409227e-05
1359,90.05,150.35518606199912,59.38590429899887,ok,59.38479400199867,1.3840392402695975e-05,2.501800008758437e-05
1360,90.177,150.35634833299991,59.17092039599993,ok,59.169772798999475,1.4312417735271981e-05,2.491000122972764e-05
1361,90.202,150.35665244499978,59.20788739999989,ok,59.20677366199925,1.3901670886125545e-05,2.1969000954413787e-05
1362,90.303,150.35685906699837,59.19559367900001,ok,59.19447156699971,1.4002291140105292e-05,2.268699972773902e-05
1363,90.353,150.35704442899987,59.125477043999126,ok,59.12433857099859,1.419993672634864e-05,2.1592999473796226e-05
1364,90.429,150.35722149999856,59.144647200999316,ok,59.143524876999436,1.3998101270703092e-05,2.670299909368623e-05
1365,90.554,150.357596808999,59.08789647199956,ok,59.0866429609996,1.56146708855264e-05,0.00011495499893499073
1366,91.05,150.35789909499908,59.1742608149998,ok,59.17311532799977,1.4286772149049123e-05,2.5020999601110816e-05
1367,91.101,150.35809105899898,59.19071996800085,ok,59.18953898200016,1.4717025310979991e-05,2.7602000045590103e-05
1368,91.151,150.35826204599834,59.107479991998844,ok,59.106343251998624,1.4176189888760895e-05,2.7611000405158848e-05
1369,91.177,150.35843662999832,59.119320726000296,ok,59.118135414999415,1.4762708861447127e-05,2.8849999580415897e-05
1370,91.202,150.35860070999843,59.103642157999275,ok,59.102537021999524,1.3771759491830864e-05,2.5744000595295802e-05
1371,91.252,150.3587973249996,59.208124413000405,ok,59.20700583600046,1.4319155856025066e-05,3.343299977132119e-05
1372,91.303,150.3589588319992,59.1538582230005,ok,59.15270886600047,1.434359493734657e-05,2.8144000680185854e-05
1373,91.353,150.35953706299915,59.131459045000156,ok,59.13031535600021,1.4262531651552365e-05,2.6357000024290755e-05
1374,91.504,150.35978016399895,59.20237942499989,ok,59.201269137000054,1.3846253163529017e-05,2.4482000299030915e-05
1375,91.554,150.359970169,59.088056141999914,ok,59.086903134999375,1.4353860760935806e-05,3.2663998354109935e-05
1376,91.579,150.36014471199996,59.195894468000915,ok,59.194756618999236,1.4201202535746866e-05,2.6437999622430652e-05
1377,91.857,150.36031548799838,59.19453319199965,ok,59.1933838620007,1.4348265825832687e-05,2.7378000595490448e-05
1378,92.126,150.36049981699944,59.10057938000136,ok,59.0994545020003,1.4015658225501664e-05,2.7414000214776024e-05
1379,92.151,150.36069075999876,59.20745218999946,ok,59.20628124999894,1.4584253175932726e-05,2.8142001610831358e-05
1380,92.227,150.360867899999,59.12893010100015,ok,59.1277844289998,1.4289734177578747e-05,2.6769001124193892e-05
1381,92.278,150.36103913199986,59.098842967001474,ok,59.09751089800011,1.6560265826631656e-05,0.0001499049994890811
1382,92.328,150.36120468899935,59.19978882699979,ok,59.19861688299898,1.4613835446652956e-05,3.0205999792087823e-05
1383,92.404,150.36137923799834,59.181470601999536,ok,59.18036010200012,1.3857050638578101e-05,2.7109001166536473e-05
1384,92.504,150.36185660299998,59.163020973999664,ok,59.1618928200005,1.407354429369362e-05,2.7411999326432124e-05
1385,92.529,150.36207048699907,59.148360436000075,ok,59.147213862999706,1.4317759508495455e-05,2.4820001272019e-05
1386,92.63,150.36225487299998,59.09274708200064,ok,59.09164697000051,1.3728063290900422e-05,3.070499951718375e-05
1387,92.756,150.36244512999838,59.14192308899874,ok,59.14069516899872,1.5326556963315588e-05,7.23430002835812e-05
1388,93.0,150.36263811299978,59.17312352999943,ok,59.17199379399972,1.4096139227460092e-05,2.803899951686617e-05
1389,93.025,150.36282059899895,59.09102868300033,ok,59.089906723998865,1.4001379757338569e-05,3.391700010979548e-05
1390,93.101,150.36299177899855,59.13403975899928,ok,59.13289855899893,1.4242873418614963e-05,2.72939996648347e-05
1391,93.227,150.36315836799986,59.09417228899838,ok,59.09304392899867,1.4052139255299256e-05,2.749799932644237e-05
1392,93.353,150.363324558999,59.11203377400125,ok,59.110939101999975,1.3650835447876915e-05,2.4290999135700986e-05
1393,93.379,150.3635088179999,59.1998602929998,ok,59.19870570199964,1.441078481398511e-05,2.396200034127105e-05
1394,93.454,150.36370835999878,59.07807815900014,ok,59.076890947999345,1.4800670893996941e-05,3.228499917895533e-05
1395,93.479,150.36401951599873,59.087483014998725,ok,59.08638766799959,1.3663708850339091e-05,2.7113999749417417e-05
1396,93.756,150.36420828799965,59.18214326499947,ok,59.181037682999886,1.379549366556833e-05,2.21760001295479e-05
1397,93.807,150.3643885249985,59.174948617001064,ok,59.173837038000784,1.3866658218255078e-05,2.6179000997217372e-05
1398,93.832,150.3645621830001,59.18671323300077,ok,59.18556640399947,1.4298139244083704e-05,2.6595000235829502e-05
1399,93.857,150.36475687099846,59.14082028499979,ok,59.139675185999295,1.4291569629987655e-05,2.382099955866579e-05
1400,94.025,150.36493790299937,59.07559653299904,ok,59.07441292299882,1.4680658232809716e-05,3.412999831198249e-05
1401,94.076,150.36510956599886,59.11140823500136,ok,59.110308040000746,1.3719164564486452e-05,2.2440000975620933e-05
1402,94.126,150.3652770439985,59.122084417000224,ok,59.12090465300025,1.4685987342182912e-05,2.8214999474585056e-05
1403,94.202,150.3654536619997,59.18210463300056,ok,59.18095610599994,1.4314848089316577e-05,2.8018999728374183e-05
1404,94.379,150.36563544199998,59.1495960150005,ok,59.14844346700011,1.4386936711645508e-05,2.4160000975825824e-05
1405,94.429,150.3658094249986,59.10468757699891,ok,59.10357029199986,1.4295376609147574e-05,3.318200106150471e-05
1406,94.479,150.36610632499833,59.191133917000116,ok,59.18998660999932,1.4316810134177899e-05,2.4331000531674363e-05
1407,94.781,150.36630187899937,59.11742205600058,ok,59.116274398000314,1.4308734166603888e-05,2.650500027812086e-05
1408,95.025,150.36648702099956,59.170437613000104,ok,59.16932843200084,1.3835443024629657e-05,2.5970999558921903e-05
1409,95.05,150.36671236099937,59.08009298599973,ok,59.07884393600034,1.5537759477583562e-05,3.574999936972745e-05
1410,95.227,150.366891534999,59.151977219999026,ok,59.15083909399982,1.4204189868951865e-05,2.6751000405056402e-05
1411,95.252,150.36705791399982,59.111918370999774,ok,59.11076315500031,1.4412974670000339e-05,2.828899960150011e-05
1412,95.278,150.3672207969994,59.09733051799958,ok,59.096227772999555,1.3740493688854695e-05,2.2244999854592606e-05
1413,95.303,150.36740404199918,59.11750895800105,ok,59.11637273700035,1.4174518997330054e-05,2.634799966472201e-05
1414,95.454,150.3675863539993,59.17057393700088,ok,59.16939436699977,1.4698240515308843e-05,4.013800025859382e-05
1415,95.504,150.36778263899942,59.13048858100046,ok,59.129305111000576,1.4741518993381576e-05,2.5508999897283502e-05
1416,95.529,150.36794662699867,59.095448308000414,ok,59.09435209500043,1.36739999786037e-05,2.402900099696126e-05
1417,95.731,150.3682478869996,59.1119254690002,ok,59.11078233400076,1.4255848085828998e-05,2.4982000468298793e-05
1418,95.781,150.36843703299928,59.13464588700117,ok,59.13348597100048,1.4446139244636804e-05,2.6431000151205808e-05
1419,95.832,150.36861274699913,59.08986910599924,ok,59.08876277499985,1.3792962023746693e-05,2.9626000468852e-05
1420,96.0,150.3688162439994,59.12580248900122,ok,59.12464914400152,1.4655038958389687e-05,4.752700078825001e-05
1421,96.101,150.36898802399992,59.11233910400006,ok,59.11124139800086,1.3697126586855201e-05,2.379500074312091e-05
1422,96.126,150.3691565099998,59.176038573999904,ok,59.17492549099916,1.3895898749219266e-05,2.339899947401136e-05
1423,96.177,150.3693210019992,59.17471249200025,ok,59.173583800000415,1.4078379743157804e-05,2.7088000933872536e-05
1424,96.278,150.3694970159995,59.074690789999295,ok,59.07357308199971,1.393911393106579e-05,2.9918999643996358e-05
1425,96.328,150.36981436099995,59.183827487999224,ok,59.182696975998624,1.4095240508543646e-05,2.994699934788514e-05
1426,96.404,150.37001456500002,59.14401156399981,ok,59.1428555399998,1.4424506326012985e-05,2.638200021465309e-05
1427,96.579,150.3701857349988,59.14624317900052,ok,59.14509876500051,1.4287784819592887e-05,2.5259001631638967e-05
1428,96.605,150.3704895639985,59.079867992999425,ok,59.0787538780005,1.3898139237610423e-05,2.9179000193835236e-05
1429,96.756,150.3706981059986,59.09743655099919,ok,59.09631347100003,1.3992632905027204e-05,2.8593000024557114e-05
1430,97.086,150.37088287099868,59.162486364999495,ok,59.16133448799883,1.4373721523376925e-05,2.93100001726998e-05
1431,97.115,150.37105688499832,59.15022724899973,ok,59.14906499400058,1.4505481010905608e-05,2.366599983361084e-05
1432,97.144,150.37122437699873,59.10179103599876,ok,59.10065738499907,1.4127316452559861e-05,2.84630004898645e-05
1433,97.173,150.37140895299854,59.14865756200015,ok,59.14751303400044,1.4281329111073791e-05,2.5951998395612463e-05
1434,97.23,150.37157769199985,59.15938381600063,ok,59.158233619000384,1.4348164561080829e-05,2.773000051092822e-05
1435,97.402,150.37177252699985,59.12163723100093,ok,59.12046573100088,1.4553531642216317e-05,3.1800000215298496e-05
1436,97.46,150.37193850099902,59.15176282900029,ok,59.150620678999985,1.4249531656637775e-05,2.6327999876230024e-05
1437,97.488,150.37211125199974,59.11647016700044,ok,59.11532023499967,1.434018988128386e-05,2.4355000277864747e-05
1438,97.517,150.37227583799904,59.12841426200066,ok,59.127285763001055,1.4065481012995072e-05,2.713699905143585e-05
1439,97.661,150.37260638799853,59.167874388998825,ok,59.16676844199901,1.3797113924623243e-05,2.2869000531500205e-05
1440,97.719,150.37282135999885,59.126681986999756,ok,59.125510912999744,1.4604860760162502e-05,2.3827999029890634e-05
1441,98.029,150.37300285299898,59.13380392700128,ok,59.13264621000053,1.4432278476306237e-05,2.8124000891693868e-05
1442,98.115,150.37317484099913,59.192574732998764,ok,59.191421243998775,1.4389265823963428e-05,2.785299875540659e-05
1443,98.23,150.37336597299873,59.16831953200017,ok,59.16718558899993,1.4147873427438892e-05,2.722200042626355e-05
1444,98.316,150.3735443179994,59.08260805700047,ok,59.08151067000108,1.3696113916311436e-05,2.4324001060449518e-05
1445,98.546,150.37373335999837,59.13430244200026,ok,59.13313106900023,1.4599265825059383e-05,2.6505998903303407e-05
1446,98.632,150.37391556299917,59.13768804400024,ok,59.13657039800091,1.3941050625201374e-05,2.222299917775672e-05
1447,98.69,150.37407992999943,59.09286912800053,ok,59.091717352999694,1.4246632924334357e-05,3.702000140037853e-05
1448,98.747,150.37424188399928,59.07842846300082,ok,59.07730585600075,1.4012113913136264e-05,2.71400003839517e-05
1449,99.0,150.3744219929995,59.13481007700102,ok,59.13367641300101,1.4147392385329792e-05,2.4488001145073213e-05
1450,99.058,150.37474031199963,59.11744064499908,ok,59.11631089199909,1.4099101279014899e-05,2.494200089131482e-05
1451,99.115,150.37493415799872,59.15481922300023,ok,59.15366036699925,1.4455860775941098e-05,2.6945999707095325e-05
1452,99.173,150.3751163779998,59.07407623299878,ok,59.07297004999964,1.3790658216104148e-05,3.028900027857162e-05
1453,99.23,150.37528470399957,59.110840523999286,ok,59.10968437200063,1.4409392389109288e-05,2.6801999410963617e-05
1454,99.287,150.37546068999836,59.0987448169999,ok,59.09761470200101,1.4080430365895523e-05,2.5599001673981547e-05
1455,99.373,150.37564821999877,59.182839795999826,ok,59.181647145998795,1.4857278488940395e-05,2.320000021427404e-05
1456,99.402,150.37582474499868,59.09349258899965,ok,59.09236953499931,1.4007443047675327e-05,2.4077999114524573e-05
1457,99.46,150.37598993399843,59.146514910000406,ok,59.145349976000944,1.4539202518652111e-05,3.076000029977877e-05
1458,99.488,150.3761517389994,59.14993546000005,ok,59.14878508400034,1.4360291118729165e-05,2.554900129325688e-05
1459,99.517,150.3763200479989,59.09547836800084,ok,59.09423036100088,1.548553164072093e-05,9.345299986307509e-05
1460,99.575,150.3764945059993,59.183262875001674,ok,59.18205487400155,1.496451898939212e-05,3.871000080835074e-05
1461,99.632,150.3768316909991,59.17322842200156,ok,59.17203855900152,1.4790379742707149e-05,4.037600047013257e-05
1462,99.776,150.37703640699874,59.140630915000656,ok,59.13944505099971,1.4778569620139485e-05,3.2666999686625786e-05
1463,99.804,150.37721469699864,59.157348987999285,ok,59.15621634300078,1.4119924033573487e-05,2.394399962213356e-05
1464,99.833,150.37739480299933,59.06561934399906,ok,59.06444835900038,1.4608936700962566e-05,3.5106000723317266e-05
1465,100.144,150.37757355899885,59.11825889600004,ok,59.11710200400012,1.443170885632074e-05,2.8078000468667597e-05
1466,100.173,150.37796110599993,59.15055957000004,ok,59.14937194899903,1.4798101260624473e-05,2.7689000489772297e-05
1467,100.316,150.37818652699934,59.24593876200015,ok,59.24482317100046,1.3918696212489453e-05,2.4529001166229136e-05
1468,100.373,150.3783753609987,59.23394118000033,ok,59.23281755300013,1.4020253153911297e-05,2.485699951648712e-05
1469,100.517,150.37857382799848,59.31069359799949,ok,59.309556312000495,1.4195164550085482e-05,2.4281000150949694e-05
1470,100.546,150.37877164599922,59.30460634800147,ok,59.30346014800125,1.4300696190580713e-05,2.523600051063113e-05
1471,100.632,150.37894664699888,59.29615712800114,ok,59.2950426110001,1.3918341785857948e-05,2.5183000616380014e-05
1472,100.69,150.37925716399877,59.35478737599988,ok,59.3536379899997,1.433389873374283e-05,2.892199881898705e-05
1473,100.719,150.3794603489987,59.254236093000145,ok,59.253060928000195,1.4670556947173363e-05,2.7611999030341394e-05
1474,100.776,150.37965634699867,59.258810923000055,ok,59.25765304199922,1.444881011973595e-05,2.8587999622686766e-05
1475,101.086,150.3798462019986,59.31180989999848,ok,59.31066048499997,1.4286974678552839e-05,3.1383000532514416e-05
1476,101.23,150.38002609499927,59.234676140999,ok,59.23355078299937,1.4032025330978492e-05,2.759200106083881e-05
1477,101.287,150.3801990969987,59.24630357999922,ok,59.24516106899864,1.4256936716449246e-05,2.2013999114278704e-05
1478,101.345,150.38037991199963,59.27121179500136,ok,59.2700889860007,1.4010430380880326e-05,2.2576999981538393e-05
1479,101.604,150.38055731499844,59.275756278999324,ok,59.27461097699961,1.430007596124447e-05,2.5008001102833077e-05
1480,101.719,150.3807421069996,59.2016708430001,ok,59.200534809999226,1.4171911395431933e-05,2.5228000595234334e-05
1481,101.804,150.38090740299958,59.25396161900062,ok,59.25284430100146,1.3947367077417777e-05,2.687900087039452e-05
1482,102.115,150.38106997299838,59.194252022,ok,59.19311967400063,1.4134164556236112e-05,2.3488000806537457e-05
1483,102.144,150.381362144999,59.27965803799998,ok,59.278544205999424,1.3908759487831163e-05,2.6016999981948175e-05
1484,102.23,150.38156157999947,59.19138884399945,ok,59.19024624099984,1.42677721369988e-05,2.7183999918634072e-05
1485,102.345,150.3817656529991,59.18999007799903,ok,59.18885356200008,1.4178455681827426e-05,2.712900095502846e-05
1486,102.373,150.38193917999888,59.35446270099965,ok,59.353351027000826,1.386529112107981e-05,2.357300036237575e-05
1487,102.402,150.38210848499875,59.223124666999865,ok,59.22194546399987,1.4703734185660104e-05,2.85420010186499e-05
1488,102.488,150.38227447200006,59.21221905499988,ok,59.21109707100004,1.399675950122838e-05,2.2453999918070622e-05
1489,102.575,150.38244653199945,59.23581611900045,ok,59.234682805001285,1.4126607576271673e-05,2.478600072208792e-05
1490,102.69,150.3826310689983,59.24508109499948,ok,59.24392284499845,1.4452367095951627e-05,2.798999958031345e-05
1491,102.747,150.38280897599907,59.24966091600072,ok,59.248543658000926,1.3939227836642744e-05,2.22610015043756e-05
1492,102.804,150.38297333899936,59.26374299499912,ok,59.262621425999896,1.3995050618246705e-05,2.6903000616584904e-05
1493,103.517,150.38313444399864,59.223257962999924,ok,59.22215475499979,1.3769367106311919e-05,2.405299892416224e-05
1494,103.632,150.38343866499963,59.230083392998495,ok,59.22893033699984,1.4393721519095553e-05,2.7987000066787004e-05
1495,103.719,150.38364490499953,59.25722941500135,ok,59.25608183100121,1.4330202524249643e-05,2.9057999199721962e-05
1496,103.804,150.38382588999957,59.27367976300047,ok,59.27254254900072,1.4192810110067005e-05,2.2883999918121845e-05
1497,104.029,150.38399528599984,59.21760695900048,ok,59.21648404699954,1.4005721523868556e-05,2.1350000679376535e-05
1498,104.058,150.38416853299896,59.236459678000756,ok,59.235345166000116,1.3798911408506499e-05,2.121699981216807e-05
1499,104.173,150.38433451199853,59.342615096999,ok,59.34151673300039,1.3705620254261738e-05,2.673499875527341e-05
1500,104.287,150.38450898099836,59.25868509800057,ok,59.257588227999804,1.3680379750071495e-05,2.444399979140144e-05
1501,104.402,150.3846929859992,59.32106816399937,ok,59.319964746999176,1.3772873427126487e-05,2.711100023589097e-05
1502,104.46,150.38486031999855,59.31035338900074,ok,59.30922463800016,1.4091278496345717e-05,2.4789998860796914e-05
1503,104.575,150.385021357999,59.19502916200145,ok,59.19392264000089,1.3800291146506862e-05,2.5908999305102043e-05
1504,104.661,150.38519153800007,59.237767839998924,ok,59.23667020500034,1.3703493671447533e-05,2.6001998776337132e-05
1505,104.804,150.3868221569992,59.23848257100144,ok,59.237354307000714,1.4079037964044882e-05,2.3153001166065224e-05
1506,105.173,150.38704018099997,59.352951849999954,ok,59.35180417099946,1.4316177217966193e-05,2.7919999411096796e-05
1507,105.259,150.38722871199934,59.2761774999999,ok,59.27503126400006,1.4315531660929392e-05,2.287399911438115e-05
1508,105.287,150.38740770999902,59.32420687299964,ok,59.32307908400071,1.3956189866780445e-05,2.1804000425618142e-05
1509,105.345,150.38759402999858,59.309949456999675,ok,59.3088619730006,1.3557151898474998e-05,2.236600084870588e-05
1510,105.402,150.3877879599986,59.211453291,ok,59.210332987000584,1.3983139230927182e-05,2.526400021451991e-05
1511,105.517,150.38796590399943,59.20534906600005,ok,59.20420631199886,1.4259481022121161e-05,3.033199936908204e-05
1512,105.69,150.38813250399835,59.278795168000215,ok,59.2776921500008,1.377479745741179e-05,2.681399928405881e-05
1513,105.747,150.38829631099907,59.27978828399864,ok,59.27868180099904,1.3808050632949836e-05,2.577900158939883e-05
1514,105.804,150.3884656099999,59.18801098900076,ok,59.186908061001304,1.3763392393851558e-05,2.135800059477333e-05
1515,106.058,150.3886482479993,59.22249261900106,ok,59.22137666600065,1.3929037973129993e-05,2.5299999833805487e-05
1516,106.173,150.38895325499834,59.29678698200041,ok,59.295680826000535,1.3795113911236271e-05,2.5483999706921168e-05
1517,106.316,150.389150908999,59.20178419500007,ok,59.20066761800081,1.3933860758743897e-05,2.7631000193650834e-05
1518,106.373,150.3893265459992,59.30349094899975,ok,59.30238489099975,1.3798215196068587e-05,2.6201998480246402e-05
1519,106.402,150.38950680999915,59.34928196799956,ok,59.34816986700025,1.3876873409468385e-05,2.7133000912726857e-05
1520,106.488,150.38969343499957,59.28072813500148,ok,59.27961530700122,1.3892050619573108e-05,2.3036000129650347e-05
1521,106.604,150.3898670969993,59.33943145200101,ok,59.33832353300022,1.3822025329882539e-05,2.379500074312091e-05
1522,106.661,150.39003163300004,59.1793163930015,ok,59.17817388399999,1.4247531666275986e-05,2.7665000743581913e-05
1523,106.69,150.39019485899917,59.29198333000022,ok,59.29086878999988,1.3913367080091074e-05,2.5272998755099252e-05
1524,107.144,150.3903651799992,59.29771125700063,ok,59.296605180999904,1.379134176469178e-05,2.45080009335652e-05
1525,107.23,150.3905386509996,59.21346123799958,ok,59.212327727998854,1.4134924064900232e-05,3.0062999940128066e-05
1526,107.345,150.39071879199946,59.27386283800115,ok,59.27274064199992,1.4005227863959544e-05,2.0990000848541968e-05
1527,107.373,150.3910245199986,59.209399081999436,ok,59.20826975399905,1.409065824398429e-05,2.304400004504714e-05
1528,107.661,150.39121311099916,59.33692244299891,ok,59.335792734998904,1.4069949371977473e-05,2.657999903021846e-05
1529,107.69,150.39138920199912,59.329657835000035,ok,59.32855322499927,1.3785911390566727e-05,2.9677999918931164e-05
1530,107.776,150.3915800349987,59.30716486000165,ok,59.30601818300056,1.429456962704293e-05,2.7431000489741564e-05
1531,107.804,150.3917685689994,59.23004033399957,ok,59.228918376000365,1.3998607594462382e-05,2.8851000024587847e-05
1532,108.1,150.3919322189995,59.218037868000465,ok,59.21690306200071,1.4154405049984107e-05,2.7542000680114143e-05
1533,108.167,150.3920937059993,59.311296948000745,ok,59.310203474000446,1.3642227851868242e-05,2.2401000023819506e-05
1534,108.433,150.39225248899857,59.321749942999304,ok,59.32061213199995,1.4193607587256775e-05,2.7583999326452613e-05
1535,108.5,150.39242321599886,59.32981461599957,ok,59.32867721000002,1.4189405054004297e-05,2.470599974913057e-05
1536,108.533,150.3925941919988,59.2565902059996,ok,59.25538415099982,1.5037417729735917e-05,0.00011328199980198406
1537,108.6,150.3927883999986,59.19081757499953,ok,59.189678047998314,1.4220075955344776e-05,2.2513999283546582e-05
1538,108.7,150.39308448999873,59.28084906699951,ok,59.2797418859991,1.3814037986235292e-05,2.6124000214622356e-05
1539,108.733,150.39328530499915,59.25225627299915,ok,59.25115523699969,1.3745810134377614e-05,2.1372001356212422e-05
1540,109.0,150.3934732359994,59.29698018599993,ok,59.29584922399954,1.4114594947225473e-05,2.3008999050944112e-05
1541,109.1,150.39366356899882,59.33213115699982,ok,59.33101003900083,1.3983734178613235e-05,2.759600101853721e-05
1542,109.3,150.3938360739994,59.236248723000244,ok,59.23511203700036,1.4186974699959702e-05,2.6188999981968664e-05
1543,109.367,150.39401119399918,59.30001901600008,ok,59.29885899000146,1.4473291138287256e-05,2.8638000003411435e-05
1544,109.4,150.3941742449988,59.306904886001576,ok,59.305808284001614,1.3687037965069124e-05,2.5860001187538728e-05
1545,109.633,150.39433890500004,59.29258264700002,ok,59.29145862800033,1.4022835451134044e-05,2.590300027804915e-05
1546,110.233,150.39450828899862,59.20119790999888,ok,59.200037155000246,1.4485860746493859e-05,2.8933000066899695e-05
1547,110.267,150.39469251799892,59.192656791001355,ok,59.1914786060006,1.5078155855291414e-05,4.819999958272092e-05
1548,110.333,150.39486587200008,59.32853898099893,ok,59.32742719899943,1.3870291131522059e-05,2.2221000108402222e-05
1549,110.667,150.39516249000008,59.19094366200079,ok,59.18968734500049,1.5642392399162348e-05,0.0001048379999701865
1550,111.033,150.39535527999942,59.22410321999996,ok,59.22296452199953,1.420706329657991e-05,2.53549987974111e-05
1551,111.067,150.3955431909999,59.246500503999414,ok,59.24538514900087,1.3929101246331016e-05,2.6957999580190517e-05
1552,111.133,150.3957342349986,59.18906145600158,ok,59.18793753000136,1.40155696015749e-05,3.670299884106498e-05
1553,111.2,150.3959078279986,59.21999176200006,ok,59.21884988700003,1.4229468364692941e-05,2.7520000003278255e-05
1554,111.267,150.39607092699953,59.313185166998664,ok,59.312077643999146,1.3815582285213721e-05,2.344799941056408e-05
1555,111.3,150.39623308799855,59.243439793001016,ok,59.24229339900012,1.4296974699437335e-05,2.8274998840061016e-05
1556,111.433,150.39640129999862,59.19571989299948,ok,59.194588913998814,1.4116911395693115e-05,2.529800076445099e-05
1557,111.467,150.39657488899866,59.31977667799947,ok,59.31867521200002,1.3744392404826417e-05,2.3190999854705296e-05
1558,111.633,150.39675421399988,59.31017166299898,ok,59.30906200000027,1.3851126581518852e-05,2.6728001103037968e-05
1559,111.8,150.3969570829995,59.21062445300049,ok,59.20948578400021,1.4195898731049045e-05,4.8656998842488974e-05
1560,112.0,150.39726683799927,59.264941187999284,ok,59.263806545999614,1.4169354425909741e-05,2.468999991833698e-05
1561,112.079,150.39745723799933,59.180193763000716,ok,59.179071440999905,1.4008113932412684e-05,2.960199890367221e-05
1562,112.158,150.39764734599885,59.33284862999972,ok,59.331705586999306,1.4266784817180774e-05,2.3025000700727105e-05
1563,112.276,150.3978293229993,59.31261244599955,ok,59.31148075999954,1.4124075957475218e-05,2.3180000425782055e-05
1564,112.553,150.39799707299971,59.28301303400076,ok,59.28188811600012,1.4041987337286973e-05,2.6894998882198706e-05
1565,112.632,150.39815950699995,59.30177179800012,ok,59.300640016001125,1.4124392392555888e-05,2.6764000722323544e-05
1566,113.0,150.39831796699946,59.280345342000146,ok,59.279195753999375,1.4244417717593392e-05,3.277999894635286e-05
1567,113.158,150.39848629799963,59.303758193998874,ok,59.30264331199942,1.391362024197072e-05,2.5145000108750537e-05
1568,113.276,150.39866342099958,59.18021896299979,ok,59.17904011999963,1.4689493662997479e-05,2.8418000511010177e-05
1569,113.395,150.39883830100007,59.28099282000039,ok,59.27987928999937,1.3895506331036928e-05,3.313900015200488e-05
1570,113.434,150.399002533999,59.2370542890003,ok,59.23591929400027,1.4167329107847394e-05,2.6731999241746962e-05
1571,113.632,150.39929864899932,59.31589818700013,ok,59.31475821300046,1.4226417712236554e-05,2.537199907237664e-05
1572,114.079,150.39949134999915,59.197406031000355,ok,59.19626754099954,1.4208810125062054e-05,2.694000068004243e-05
1573,114.158,150.39967833899937,59.31903529699957,ok,59.31791849600086,1.3933772134817135e-05,2.6325998987886123e-05
1574,114.197,150.39985142899968,59.17070212699946,ok,59.169560685999386,1.4251265821269643e-05,2.237999979115557e-05
1575,114.237,150.40001706099974,59.18852839899955,ok,59.187389054999585,1.4208746851861029e-05,2.6437000997248106e-05
1576,114.316,150.40018911299921,59.21688498599906,ok,59.21576538199952,1.3964215178953342e-05,3.2248999559669755e-05
1577,115.048,150.40035059599904,59.331317009000486,ok,59.33020393799961,1.386786075445228e-05,2.7645999580272473e-05
1578,115.143,150.4005219999999,59.202291290001085,ok,59.20115225700101,1.4218025309581876e-05,2.7317999411025085e-05
1579,115.333,150.40070707499945,59.24721483900066,ok,59.24606208499972,1.4391430398328466e-05,2.9259999791975133e-05
1580,115.476,150.4008751099991,59.268382158999884,ok,59.2672629209992,1.3977215196893113e-05,2.4531000235583633e-05
1581,116.0,150.4010359669992,59.336568996001006,ok,59.3354198850011,1.4348050632478693e-05,2.1952000679448247e-05
1582,116.524,150.40133859499838,59.28323186900161,ok,59.28209516300012,1.4191341771165063e-05,2.2743000954505987e-05
1583,116.619,150.40156132799893,59.25120590299957,ok,59.25009605100058,1.3855265818545124e-05,2.658099947439041e-05
1584,117.19,150.40187664299992,59.3309571209993,ok,59.329837432000204,1.3968215182702104e-05,2.746499922068324e-05
1585,117.476,150.40211223099868,59.31777562199932,ok,59.31665238700043,1.4014202527424815e-05,2.9031998565187678e-05
1586,117.572,150.40229939399978,59.33293130700076,ok,59.33180323700071,1.4086797450487855e-05,2.5130999347311445e-05
1587,118.048,150.40249453399883,59.24791661500058,ok,59.24674820300061,1.457793670069114e-05,2.6138999601243995e-05
1588,118.143,150.40269007200004,59.32191225600036,ok,59.32076657400103,1.4301670892598827e-05,2.1032999939052388e-05
1589,118.428,150.4028760149995,59.25697822300026,ok,59.25588198399964,1.3684810117503062e-05,2.6145000447286293e-05
1590,118.476,150.40304657399975,59.273235781998665,ok,59.2721085589983,1.4061481032271492e-05,2.424000012979377e-05
1591,118.572,150.4032142929991,59.18654826099919,ok,59.18538749099935,1.4489607611388156e-05,2.6940999305224977e-05
1592,118.619,150.40339132499867,59.250544051999896,ok,59.24943002100008,1.3903202544278877e-05,2.585199945315253e-05
1593,119.389,150.40372260299955,59.2251701289988,ok,59.22404205800012,1.4066860750995435e-05,2.757400034170132e-05
1594,119.444,150.4039153069989,59.17021870199824,ok,59.16908957799933,1.4087367093498536e-05,2.5512001229799353e-05
1595,120.111,150.4040981909984,59.27336147499955,ok,59.272236322000026,1.402960759473381e-05,2.3005999537417665e-05
1596,120.222,150.40427654799896,59.24011106999933,ok,59.238970981999955,1.4224556955152274e-05,2.341700019314885e-05
1597,120.444,150.40445798499968,59.26131393600008,ok,59.26019117800024,1.4011632917077528e-05,2.62120011029765e-05
1598,121.0,150.40464080399943,59.31290349600022,ok,59.31176139700074,1.425192404215672e-05,2.3001999579719268e-05
1599,121.278,150.40481317599915,59.2667650530002,ok,59.26566096299939,1.3783734175376594e-05,2.2062999050831422e-05
1600,121.333,150.40497803299877,59.30783151099968,ok,59.306704389000515,1.4050746830423432e-05,2.841600144165568e-05
1601,122.444,150.40513904199906,59.17608410399953,ok,59.1749652540002,1.3971189875082007e-05,2.3628001144970767e-05
1602,123.0,150.40531022699906,59.25339641000028,ok,59.25225058399883,1.4305594936271103e-05,2.7255000532022677e-05
1603,123.2,150.40548347299955,59.249631603001035,ok,59.24850476600113,1.4065329115867285e-05,2.568700074334629e-05
1604,124.0,150.40580448699984,59.19226082499881,ok,59.19114666199857,1.3906658232717515e-05,2.5768000341486186e-05
1605,124.2,150.40599292099978,59.30210090200126,ok,59.300983538001674,1.3944291120286017e-05,2.6108000383828767e-05
1606,125.6,150.40618381499917,59.202592438001375,ok,59.201474655999846,1.3938025323470725e-05,2.725100057432428e-05
1607,125.8,150.4063817569986,59.29820540299988,ok,59.297060327999134,1.4291253171881802e-05,2.590300027804915e-05
1608,134.2,150.4065674279991,59.289835469000536,ok,59.288700858000084,1.4160430394820398e-05,2.3863000023993663e-05
1609,134.8,150.40676264399917,59.26601250500062,ok,59.264877764999255,1.4162379752806259e-05,2.7538999347598292e-05
1610,135.6,150.406952592999,59.230300757000805,ok,59.229153392001535,1.4317329098762283e-05,2.4191000193241052e-05
1611,135.8,150.407142525999,59.22415484400153,ok,59.222997250000844,1.444126582664697e-05,2.5397999706910923e-05
