idx,scheduled_t_rel_s,t_rel_s,latency_s,status,ttft_s,avg_tbt_s,worst_tbt_s
0,0.0,0.025151009999717644,1.2837843879997308,ok,0.06786392300000443,0.015391062354427948,0.053757360000417975
1,0.3999999999999999,0.40086225400045805,1.2808709569999337,ok,0.0680873960000099,0.015351346734169517,0.053765935999763315
2,1.0,1.0010567870003797,1.3312117949999447,ok,0.07287881499996729,0.015927736215186845,0.053678547000345134
3,1.2000000000000002,1.2007120509997549,1.3668819449994771,ok,0.0665117589996953,0.01646003339240601,0.05489892900004634
4,1.4,1.4010824850001882,1.3234255409997786,ok,0.05930413500027498,0.01600091210125759,0.05495484800030681
5,1.7999999999999998,1.8020494350002991,1.2807877730001564,ok,0.05831877899981919,0.01629921679999825,0.05495778099975723
6,2.111,2.11200682100025,1.2470683619994816,ok,0.06662659500034351,0.014941934278472735,0.054950684999312216
7,2.333,2.3337446980003733,1.3735952530005306,ok,0.06803720300013083,0.016954829896101066,0.10086942799989629
8,2.5,2.5001977760002774,1.3316282400001,ok,0.07007591300043714,0.015968640632907614,0.10099025599993183
9,3.3810000000000002,3.3825314969999454,1.6676344229999813,ok,0.05917223699998431,0.02144575470666799,0.10086888900059421
10,3.476,3.4770682859998487,1.6720038809999096,ok,0.09902366999995138,0.019910936113924034,0.10006567700020241
11,3.524,3.5249831529999938,1.6241685880004297,ok,0.09471009000026243,0.019862903337667236,0.0999375900000814
12,3.572,3.572673728999689,1.5761374429994248,ok,0.04998382799931278,0.019318016873420434,0.09987868200005323
13,4.0,4.000173913999788,1.8038116139996418,ok,0.10591858499992668,0.022050107766234135,0.08369213300011324
14,4.039,4.039487363999797,1.7653915450000568,ok,0.10786554400056048,0.020981135113921665,0.060076677999859385
15,4.079,4.079593655000281,1.7251845959999628,ok,0.07070845199996256,0.021486414415590703,0.0838288900004045
16,4.237,4.238011512000412,1.6825248699997246,ok,0.0657721159996072,0.020464872227858918,0.06010329399941838
17,4.316,4.317925987000308,1.6444988390003346,ok,0.06952157100022305,0.01993608213924054,0.06006789100047172
18,4.395,4.395617326999854,1.594669929999327,ok,0.061131811999985075,0.019411544911385643,0.06004460799977096
19,4.513,4.513207863000389,1.5619384450001235,ok,0.11014819400043052,0.01935683702666817,0.05810468899926491
20,4.553,4.553815078000298,1.5213934980001795,ok,0.0724421490003806,0.018340963354430757,0.05810962899977312
21,4.632,4.6324561159999575,1.472280949999913,ok,0.06373166199955449,0.017829384506328524,0.058105507999243855
22,5.033,5.033887399000378,1.6051454079997711,ok,0.07073601100000815,0.019422585708859595,0.10180846500043117
23,5.133,5.133761795999817,1.64703845799977,ok,0.06920521400024882,0.019972178139245376,0.10202323799967417
24,5.2,5.200647005999599,1.6080664910004998,ok,0.07129919999988488,0.01945237903797948,0.10181321100026253
25,5.267,5.267366473000038,1.5557646010001918,ok,0.09782087900020997,0.018454681632912195,0.10184492400003364
26,5.3,5.301186974000302,1.5220302289999381,ok,0.0669316589992377,0.01841877753164986,0.10184413200022391
27,5.467,5.467868656999599,1.5219658730002266,ok,0.06818400500014832,0.01840194435442731,0.10180873700028314
28,5.733,5.733588654000414,1.5211389320002127,ok,0.07238672400035284,0.01833824440506495,0.10165532299924962
29,6.115,6.115988010999899,1.8123301550003816,ok,0.11162625599990861,0.021527491949373027,0.10131078599988541
30,6.173,6.174150306000229,1.7549828159999379,ok,0.09599229900049977,0.020999578455694407,0.10137887599921669
31,6.201,6.202091127999665,1.727147407999837,ok,0.0713035899998431,0.020959859594940893,0.10138372399978834
32,6.431,6.431938689999697,1.7639674540005217,ok,0.06572003100063739,0.021496450860755845,0.1014056050007639
33,6.632,6.632720980999693,1.9419045249996998,ok,0.10175452600014978,0.02329282843037376,0.10416285199971753
34,6.661,6.661409489000107,1.9130120580002767,ok,0.07645141099965258,0.023247262481013824,0.10415578199990705
35,6.833,6.833417494999594,2.048593188999803,ok,0.07185208800001419,0.025021675962019384,0.10416043199984415
36,7.173,7.173971443000482,2.543129604000569,ok,0.06655247600065195,0.03134874426581795,0.23083747500004392
37,7.345000000000001,7.345499283999743,2.5100322689995664,ok,0.06186131199956435,0.030989134974690757,0.23084407100031967
38,7.401999999999999,7.402500502000294,2.4684682139995857,ok,0.060403649999898334,0.030481505430370932,0.23063012300008268
39,7.4879999999999995,7.488392964000013,2.4448806509999486,ok,0.11181900399969891,0.029532032556963263,0.23114938300022914
40,7.545999999999999,7.5470121710004605,2.3863460270003998,ok,0.09525608900003135,0.02900090983544205,0.23115342300025077
41,7.574999999999999,7.575205756000287,2.3584237199993368,ok,0.07020936899971275,0.028964529620254004,0.23084706900044694
42,7.661,7.6616100620003635,2.318758071999582,ok,0.10669404799955373,0.028000604151904692,0.23085006799919938
43,7.718999999999999,7.719583869000417,2.260514886999772,ok,0.05168585800038272,0.027959524075942935,0.23062680900056876
44,7.776,7.7764739309996,2.234729181000148,ok,0.06566613700033486,0.027456107632904698,0.23078828699999576
45,8.025,8.0266528559996,2.64347174500017,ok,0.06996141800027544,0.03257567245569428,0.23112134199982393
46,8.101,8.101821791000475,2.6027847139994265,ok,0.06417051900007209,0.03213398111392386,0.23062972699972306
47,8.202,8.203141416999642,2.692798398999912,ok,0.061716363000414276,0.03330448201265852,0.23063103599997703
48,8.278,8.280067464999775,2.718397966000339,ok,0.10971866999989288,0.03302106372151845,0.23084885200023564
49,8.303,8.304381314000238,2.693698760999723,ok,0.12814410400005727,0.0324750547468376,0.2306341439998505
50,8.328,8.328713134000282,2.669470194000496,ok,0.1037510790001761,0.03247725268354056,0.23062933900018834
51,8.353,8.353290648000439,2.644048887000281,ok,0.08204323900008603,0.03243004677215485,0.23064174400042248
52,8.454,8.45468355400044,2.5909316419993047,ok,0.07075750299918582,0.03190060543038041,0.2312042539997492
53,8.554,8.555323126000076,2.5916086679999353,ok,0.07467333200020221,0.03185961944303858,0.23120337900036247
54,8.63,8.630098233999888,2.7621441789997334,ok,0.11235379600020678,0.033541330683540684,0.2311187630002678
55,8.655,8.657027643999754,2.7353714139999283,ok,0.08837718300037523,0.033506061164557704,0.2311552249993838
56,8.781,8.781314697000198,2.7692932480003947,ok,0.06771954800024105,0.03508493920779003,0.23108771599981992
57,9.0,9.000598534000346,2.967738188000112,ok,0.06157810100012284,0.036786496139248365,0.23115472500012402
58,9.067,9.067389271000138,2.9392001180003717,ok,0.10667970700069418,0.03585451288607238,0.1916216509998776
59,9.09,9.090186352999808,2.9163555499999347,ok,0.12673022399940237,0.03531151408860521,0.18889272999967943
60,9.135,9.135799894000229,2.8709397499997067,ok,0.12350064699967334,0.03477752732911379,0.1891483640001752
61,9.157,9.157923470000242,2.849091131000023,ok,0.1014081539997278,0.03478056945569054,0.18908209199980774
62,9.179,9.179281374000311,2.8271818450002684,ok,0.12310918499952095,0.03422856926582553,0.18887152100069216
63,9.224,9.225116788999912,2.7816702469999655,ok,0.11933530199985398,0.03370027632911531,0.189151683000091
64,9.247,9.247484163999616,2.758885234000445,ok,0.09703457200066623,0.03369397443037985,0.1894728479992409
65,9.269,9.269538847000149,2.7373030030003065,ok,0.0778006299997287,0.03366441524050532,0.1891534779997528
66,9.359,9.359547123999619,2.6802304800003185,ok,0.10251308399983827,0.03262915311392181,0.188895365999997
67,9.381,9.38201460900018,2.6575745589998405,ok,0.12260712500028603,0.0320879991139216,0.18888006300039706
68,9.404,9.404485623000255,2.6352210250006465,ok,0.10015431600004376,0.03208926529114711,0.18913969200002612
69,9.449,9.45000932000039,2.5894311379997816,ok,0.09613416499996674,0.03156053211392945,0.18716512199989666
70,9.494,9.494292794000103,2.5450950940003167,ok,0.09435244599990256,0.03102175434177977,0.18910678199972608
71,9.538,9.538856320999912,2.499862392000068,ok,0.052896529999998165,0.03097392796202188,0.18910515599964128
72,10.04,10.042191991000436,3.9687184840004193,ok,0.11443483800030663,0.048788218556965836,0.3627818920003847
73,10.061,10.062072376999822,3.948889004999728,ok,0.1379583409998304,0.048239456797471325,0.3627816520001943
74,10.081,10.08300708600018,3.927784829999837,ok,0.1171419739994235,0.0482357923924092,0.3627794170006382
75,10.101,10.101320976000352,3.9091993060001187,ok,0.09875406999981351,0.04823287727848293,0.36277382600019337
76,10.121,10.121253373999934,3.889342246000524,ok,0.08238441800040164,0.048189132860759945,0.36277788300048996
77,10.141,10.142408294000234,3.8686139600004026,ok,0.06126475600012782,0.04819412025316052,0.3627826029996868
78,10.303,10.303971840000486,3.903275962000407,ok,0.10219084000073053,0.04811480336708503,0.3627785100006804
79,10.343,10.343439266000132,3.8640970629994627,ok,0.10425924100036355,0.047592689683542515,0.36278975200002606
80,10.383,10.383637719000035,3.8226750859994354,ok,0.10713172399937321,0.04703180491139127,0.3627718650004681
81,10.404,10.404725735000284,3.802372015000401,ok,0.1277323400008754,0.047722297870122575,0.3627779600001304
82,10.424,10.424880477000443,3.782459084999573,ok,0.10764308200032247,0.0465164721012622,0.3627801669999826
83,10.464,10.464907753000261,3.742545477999556,ok,0.070438447000015,0.047689501688312576,0.362781721999454
84,10.546,10.546560558000238,3.6979078040003515,ok,0.10098760100026993,0.04553042820253158,0.36277939899991907
85,10.566,10.566695790000267,3.6776234200006,ok,0.08377828800075804,0.046672977740252156,0.36277815499943245
86,10.707,10.707602651000343,3.805504080999526,ok,0.10768134699992515,0.04680749286075574,0.3627691120000236
87,10.728,10.728294591000122,3.7856720780000614,ok,0.0900772759996471,0.0467793906835463,0.362781277999602
88,10.828,10.828590865000479,3.7233613839998725,ok,0.07001347899949906,0.046244596012658366,0.3624027080004453
89,10.889,10.89006377700025,3.720406126999478,ok,0.07105510000019422,0.0461939475949351,0.3630753839997851
90,11.073,11.073759705999692,4.587043546000132,ok,0.11290740100048424,0.05663444294936475,0.41361295500064443
91,11.129,11.129704183000285,4.530638209000244,ok,0.09705080300045665,0.05757863558440701,0.4131143049999082
92,11.165,11.165491140000086,4.494953576999251,ok,0.10364869399927557,0.05558592758227895,0.41360478600017814
93,11.184,11.184464904999913,4.476157239999338,ok,0.1263729880001847,0.05649049032466815,0.41360987099960766
94,11.202,11.202851908999946,4.458277146,ok,0.10802048100049433,0.055066270936699364,0.41358453999964695
95,11.239,11.240965406000214,4.420262034000189,ok,0.0744299289999617,0.055010343291139144,0.41358358100023906
96,11.312,11.313053458000468,4.4300790429997505,ok,0.11802216700016288,0.05458281651897755,0.41358248899996397
97,11.331,11.331577474999904,4.4115001370000755,ok,0.14241223799945146,0.055442485766233604,0.41361104499992507
98,11.367,11.367834798000331,4.37488950199986,ok,0.10619167599998036,0.054033870481016724,0.4136092720000306
99,11.386,11.387137015000008,4.354772689999663,ok,0.09058782000010979,0.05537857771428975,0.4135985109996909
100,11.422,11.422351541000353,4.3204414550000365,ok,0.05547207199924742,0.05398674727848053,0.41360996999992494
101,11.551,11.55375331400046,4.701399364999816,ok,0.08226646899947809,0.05846968415190082,0.41361062600026344
102,11.643,11.6431949910002,4.913095549999525,ok,0.10880541499955143,0.06081346012658137,0.4136070260001361
103,11.661,11.66191054400042,4.894453255999906,ok,0.09390137900027185,0.06076626583544106,0.4136074699999881
104,11.808,11.809522644000026,5.160673694999787,ok,0.11683950199949322,0.0638456539240503,0.41360928999984026
105,11.827,11.83116136100034,5.139219941000192,ok,0.09831796700018458,0.06380867926581911,0.4115873279997686
106,12.017,12.01909940600035,5.439999111000361,ok,0.11276130799979,0.06743318324051754,0.41351098099949013
107,12.034,12.035097570999824,5.423792082000546,ok,0.1001936510001542,0.06738694955696747,0.41353249900021183
108,12.135,12.135374575000242,5.453587343000436,ok,0.11334676900060003,0.0675976161898654,0.4135337650004658
109,12.169,12.169171687000016,5.41986435400031,ok,0.12194402800014359,0.0670620674556999,0.4135345610002332
110,12.185,12.185288921999927,5.40381016000083,ok,0.10586306400000467,0.06706243679746887,0.41353383000023314
111,12.236,12.236817140999847,5.352778848000526,ok,0.09627849600019545,0.0665376841772188,0.41348333499990986
112,12.27,12.270936748999702,5.318727340000805,ok,0.06527151299997058,0.06649924617721797,0.4134832589998041
113,12.337,12.337405926999963,5.466028722000374,ok,0.07737130500026979,0.06821052997468001,0.4134839739999734
114,12.438,12.438713870000356,5.604643140000007,ok,0.1104806670000471,0.06954608611392325,0.4135079620000397
115,12.472,12.472285908999766,5.570300131000295,ok,0.08044275799966272,0.06949145710126386,0.4135298289993443
116,12.488,12.488324357999772,5.5543338829993445,ok,0.06443453599968052,0.06949219560758851,0.41353052599970397
117,12.555,12.555248274000405,5.964955928000563,ok,0.07780921300036425,0.0745204868480984,0.41439550499944744
118,12.69,12.690665813000123,6.345456361000288,ok,0.11373779800032935,0.07888224813923674,0.4139803510006459
119,12.74,12.741080009000143,6.295341275000283,ok,0.10545414700027322,0.07835283120253228,0.41417348499999207
120,12.774,12.774169483999685,6.262197357000332,ok,0.1157390590005889,0.07780308629113462,0.41416858399952616
121,12.808,12.808587614000317,6.227951458999996,ok,0.12432160900061717,0.07726093149366407,0.41417469099997106
122,12.825,12.825294275000488,6.2113025099997685,ok,0.10768604699933348,0.07726080120253848,0.4141775280004367
123,12.842,12.842503818000296,6.193670862000545,ok,0.09035216800020862,0.07725700091139262,0.4139629329993113
124,12.858,12.85871529799988,6.176584554000328,ok,0.1156626279998818,0.07672014159493588,0.4140016849996755
125,12.892,12.89309468800002,6.143190888999925,ok,0.08433141499972407,0.07669423683544181,0.4139760340003704
126,13.084,13.084559855000407,6.948591440999735,ok,0.12132370499966783,0.08642089264556696,0.46696314600012556
127,13.101,13.102041299999655,6.931775705999826,ok,0.10820255699945847,0.08637397435443205,0.46745095500045863
128,13.118,13.118882079999821,6.915096974000335,ok,0.09129624500019418,0.08637702150632391,0.4674733930005459
129,13.135,13.135870234999857,6.897206609000023,ok,0.07427174799977365,0.08636585921518601,0.4672031789996254
130,13.286,13.28705270699993,7.029989683000167,ok,0.11345531299957656,0.08755090282278316,0.46715119700002106
131,13.303,13.305273179000324,7.011486800000057,ok,0.13719157700052165,0.08927636837661457,0.635885727000641
132,13.388,13.389111690999925,6.926678521999747,ok,0.09693083399997704,0.08645226296202158,0.46746360799988906
133,13.404,13.404690815000322,6.9122982879998744,ok,0.12560120400030428,0.08590738670885958,0.4671521109994501
134,13.438,13.438912288999745,6.876716534000479,ok,0.09134420400005183,0.08589039430379775,0.4674675819996992
135,13.455,13.456691571000192,6.860533480000413,ok,0.11616269000023749,0.08537160588607146,0.4671511080005075
136,13.472,13.473030191000362,6.843665065000096,ok,0.09978988700004265,0.08536531697467857,0.4674759580002501
137,13.505,13.5052723230001,6.8115442849994,ok,0.11046639399955893,0.08482359697468901,0.4671533820001059
138,13.555,13.555500088000372,6.761413658000492,ok,0.10380730799988669,0.08427332163291448,0.4671532759994079
139,13.572,13.572333248999712,6.744804642999952,ok,0.0913997620000373,0.08422014893670776,0.46715071400012675
140,13.589,13.58969126700049,6.726941361999707,ok,0.07393460999992385,0.08421501162025333,0.4674755620008
141,13.606,13.606964272000369,6.7099135319995185,ok,0.056691474999752245,0.08421782958227791,0.46715285000027507
142,13.656,13.656967701000212,6.948988586999803,ok,0.11315427899990027,0.08652933753164459,0.46731171700048435
143,13.707,13.707986393000283,6.8986575270000685,ok,0.10700704499959102,0.08596998575949674,0.4671325479994266
144,13.724,13.727343790000305,6.87895623500026,ok,0.12948762700034422,0.0854361338734185,0.4673156159997234
145,13.774,13.774312837999787,6.831707128000744,ok,0.12385112700030732,0.08490937524051263,0.4673135650000404
146,13.842,13.842221322000114,6.763577255999735,ok,0.09812256599980174,0.08437243734176804,0.4673383359995569
147,13.892,13.894048625999858,6.712097046999588,ok,0.08814681899912102,0.08384728013924693,0.4673148059991945
148,13.909,13.90936262699961,6.696878056999594,ok,0.0761432799999966,0.08380659005062994,0.4673143580002943
149,14.109,14.109556344999874,7.059696070999962,ok,0.07801614999971207,0.08837530816455473,0.46733888200014917
150,14.233,14.23352572299973,7.216161194999586,ok,0.11086562699983915,0.0899400734810161,0.4673119189992576
151,14.249,14.249817492000147,7.200625608000337,ok,0.09913711300032446,0.09222685083116264,0.4673150850003367
152,14.264,14.265733301000182,7.184899795000092,ok,0.083094658999471,0.08989603746835477,0.46714206300021033
153,14.295,14.295853831000386,7.154843166000319,ok,0.05312730200057558,0.08989495702530516,0.4671366200000193
154,14.357,14.357164451999779,7.758903222000299,ok,0.11142166100034956,0.09680328487341089,0.5954201590002413
155,14.389,14.389253694999752,7.725770867999927,ok,0.08253931299987016,0.09674936530380457,0.5956146210000952
156,14.528,14.52841606200036,8.128003613999681,ok,0.12328632199933054,0.10132525812658266,0.5956637710005452
157,14.575,14.576086207000117,8.080601769000168,ok,0.11936819900074624,0.10077492610126464,0.5956833050004207
158,14.59,14.592151470999852,8.064656277999347,ok,0.10326922999956878,0.10077688240506154,0.5955795879999641
159,14.637,14.637947311999596,8.019060632000219,ok,0.09976596999968024,0.10024407888607739,0.5954163750002408
160,14.653,14.653873105999992,8.00319361000038,ok,0.126649628999985,0.09970293008861714,0.5954142919999867
161,14.715,14.715687679999974,7.940816528000141,ok,0.10682143000030919,0.09916406639240449,0.5956543129996135
162,14.761,14.761962188000325,7.8947829349999665,ok,0.10282584699962172,0.09863219613923976,0.5956810719999339
163,14.777,14.778224335000232,7.877317175999451,ok,0.1308613739993234,0.09805597322784833,0.5956118460007929
164,14.823,14.823697539000023,7.833161212999585,ok,0.12977093499921466,0.09751110578481184,0.5955573680002999
165,14.854,14.85436011999991,7.80221187799998,ok,0.09916923500077246,0.09750669550632228,0.5956506639995496
166,14.87,14.870986298000389,7.784705090999523,ok,0.12503886200011038,0.09695761398733672,0.5943086690003838
167,14.886,14.886841948999972,7.769794501999968,ok,0.10929750699961005,0.09696814135443248,0.5942678139999771
168,14.901,14.903004781999698,7.753950627999984,ok,0.09305570000014995,0.09697317591138627,0.5939163290004217
169,14.917,14.917284103999918,7.738342453000769,ok,0.08228181400045287,0.09691193673417636,0.594924264999463
170,15.0,15.000737338999897,8.312816337000186,ok,0.12023385199972836,0.10370315125316976,0.5953831880005964
171,15.072,15.073621671999717,8.240220015999512,ok,0.08897238699955778,0.10318013179747577,0.5954093529999227
172,15.087,15.08799259999978,8.225951194000118,ok,0.0779145079995942,0.10313951982279142,0.5954327409999678
173,15.187999999999999,15.189994925000065,8.293321642999217,ok,0.12113806799970916,0.10344517588607773,0.5954087059999438
174,15.202000000000002,15.20278751099977,8.28023487199971,ok,0.10831471099936607,0.1034418309113962,0.595381868000004
175,15.216999999999999,15.217489106000357,8.264753027999177,ok,0.13595512799929566,0.10289570975950069,0.5953397089997452
176,15.245000000000001,15.24704976599969,8.236610320999716,ok,0.10645900600047753,0.10291306453164688,0.5954339039999468
177,15.274000000000001,15.274173009999686,8.209085278000202,ok,0.12102108099952602,0.10238025865823423,0.595409567000388
178,15.332,15.332352022999657,8.150798570000006,ok,0.1043606279999949,0.10185345384809497,0.5954423349994613
179,15.361,15.361684671999683,8.121189245000096,ok,0.07830290200035961,0.10180841077215495,0.5953815299999405
180,15.448,15.448176877999686,8.40163124999981,ok,0.1168007079995732,0.1048710855189895,0.595434120000391
181,15.489999999999998,15.490447848000258,8.35890192900024,ok,0.11968156700004329,0.10429360907595235,0.5953833940002369
182,15.504999999999999,15.50532356399981,8.343349968999973,ok,0.10477476300002309,0.1042853357341784,0.5943470720003461
183,15.518999999999998,15.519521277000422,8.330002194999906,ok,0.09516545200040127,0.10423822425316388,0.5943848110000545
184,15.533000000000001,15.533320278000247,8.316419515000234,ok,0.08143285400001332,0.1042401271772201,0.5944518650003374
185,15.663,15.665955149999718,8.389948031999666,ok,0.1168903819998377,0.10472182794937102,0.5945055400006822
186,15.692,15.69272636200003,8.36332853299973,ok,0.1324601910000638,0.10418801368353953,0.5956568580004387
187,15.706,15.706882860000405,8.349271295999642,ok,0.11826873199970578,0.10418971815190299,0.5956609359991489
188,15.75,15.750600790000135,8.305836593000095,ok,0.12018565700054751,0.10361565062025356,0.595752100000027
189,15.806999999999999,15.808069992999663,8.248788461000004,ok,0.10483483499956492,0.10308783756962712,0.5963940419997016
190,15.850999999999999,15.852389630999824,8.204567157000383,ok,0.10388571600014984,0.10254008873418363,0.5963997119997657
191,15.864999999999998,15.865444097999898,8.190549562999877,ok,0.09079713500068465,0.10252828864556446,0.5956547719997616
192,15.893999999999998,15.894986151000012,8.161810038999647,ok,0.10266616199987766,0.10201419088607969,0.5964116670002113
193,15.908999999999999,15.909506187000261,8.146760341000117,ok,0.08816364999984216,0.10200737065823184,0.595666889000313
194,15.922999999999998,15.92409884999961,8.132117438000023,ok,0.07770420199994987,0.10195441853164407,0.5956640120002703
195,16.054,16.05420727300043,8.320238361999145,ok,0.07712038799945731,0.10434295610126425,0.5963956440000402
196,16.121,16.121801231000063,8.549152811000567,ok,0.10510809300012625,0.10688638134177128,0.5957222859997273
197,16.175,16.17559478899966,8.494478889000675,ok,0.05553777900058776,0.10682167208860731,0.5956803110002511
198,16.229,16.2306424340004,8.80533446300069,ok,0.123291908000283,0.10989907930380019,0.5946876130001328
199,16.269,16.270862063000095,8.765244424999764,ok,0.12425041500046063,0.10937948230379264,0.5946933400000489
200,16.336,16.336257304000355,8.699545706999743,ok,0.10126190899973153,0.10883883867088888,0.5946731690000888
201,16.35,16.350778381000055,8.684109836000061,ok,0.13364889500007848,0.10823328375949984,0.5946975780007051
202,16.404,16.405320126999868,8.630419437000455,ok,0.12211856700014323,0.10769980158228107,0.595880147000571
203,16.418,16.41869074100032,8.617486108999401,ok,0.10864007199961634,0.10770666479746506,0.5958477109998057
204,16.431,16.43214983800044,8.603476981000313,ok,0.09522600299987971,0.10769905373417944,0.5958102949998647
205,16.444,16.444699095000033,8.591576853999868,ok,0.08626701699995465,0.10766191892405085,0.5958495249997213
206,16.538,16.53817021499981,8.643024963999778,ok,0.11962906299959286,0.10789084526582376,0.5959046649995798
207,16.578,16.578598066000268,8.601566026,ok,0.12368135599990637,0.10731460713924218,0.5958477799995308
208,16.605,16.605601008999656,8.574664675999884,ok,0.09672381800010044,0.10731532867088436,0.5958626699994056
209,16.619,16.62132717500026,8.559189813999183,ok,0.12555911199979164,0.1067543033670886,0.5958420790002492
210,16.646,16.646485901000233,8.534100967000086,ok,0.10050412300006428,0.10675421024050685,0.5958438779998687
211,16.659,16.659979232000296,8.520397544999469,ok,0.09205431400005182,0.10668769632911214,0.595864494000125
212,16.686,16.687124930999744,8.49330737299988,ok,0.06494014599957154,0.10668801131646145,0.5958667439999772
213,16.767,16.767265438000322,8.62584425500063,ok,0.12966365600004792,0.10754640065822715,0.5959051439995164
214,16.781,16.781215486999827,8.611795032000373,ok,0.1156240459995388,0.10754627743038707,0.5949137509996945
215,16.808,16.808596892000423,8.583186609999757,ok,0.13162371899943537,0.10698139544304387,0.5948643860001539
216,16.834,16.83468390500002,8.558009084999867,ok,0.10558769100043719,0.10699246479746566,0.5949831019997873
217,16.861,16.86286380599995,8.529983542999616,ok,0.08252151699980459,0.10692970386075494,0.594987953000782
218,16.875,16.87597175999963,8.516560168000069,ok,0.06934674700005417,0.10692610694936372,0.5960118729999522
219,16.888,16.888963205000437,8.503799101000368,ok,0.0563271179998992,0.10692984077215005,0.5960473009999987
220,17.051,17.052777935999984,9.663275587000498,ok,0.12100183100028516,0.12078808516455669,0.5959946140001193
221,17.076,17.078503317000468,9.637860714000453,ok,0.13926467700002831,0.1202352214556954,0.5960513170002741
222,17.126,17.126475773000493,9.589781701999527,ok,0.09133550199931051,0.12023331168354702,0.5960246069998902
223,17.138,17.140947390999827,9.575238762000481,ok,0.11914461700052925,0.11969721763290192,0.5959485929997754
224,17.164,17.16506756600029,9.551621177000015,ok,0.09506667300047411,0.11970297565822656,0.5960275759998694
225,17.202,17.202995605999604,9.513320377999662,ok,0.10008428000037384,0.11915471953164376,0.5959493480004312
226,17.214,17.21531764700012,9.500431088999903,ok,0.12994403900029283,0.11861334384810084,0.5960122550004598
227,17.227,17.22798941200017,9.487882854000418,ok,0.11730937500033178,0.1186146405316437,0.5960494529999778
228,17.265,17.265316764999625,9.450810940999872,ok,0.121790840000358,0.11808868312658012,0.5959755650001171
229,17.328,17.32831680900017,9.387648027999603,ok,0.1005687079996278,0.11755777445569614,0.5960491399991952
230,17.353,17.353466360999846,9.36300247500003,ok,0.07946963300037169,0.11751289691139528,0.5945529840000745
231,17.429,17.43008551100047,9.594518161000451,ok,0.1277660370005833,0.1198319256329019,0.5945601410003292
232,17.467,17.467843524000273,9.557490012999551,ok,0.09354492599959485,0.11979649672151867,0.5945344170004319
233,17.58,17.581073862000267,9.61949303900019,ok,0.10516845199981617,0.1204342973417774,0.5946307929998511
234,17.631,17.631274735999796,9.569024847000037,ok,0.09799507899970195,0.1198861111518949,0.5959303089994137
235,17.681,17.682158974999766,9.51825523000025,ok,0.08998000799965666,0.1193450528734145,0.5959074550000878
236,17.694,17.694443194000087,9.50606783100011,ok,0.08260736200008978,0.11928388946836105,0.5959026329992412
237,17.706,17.706561257999965,9.494111495000652,ok,0.07034645300063858,0.11928798307594604,0.595874812999682
238,17.719,17.719597080000312,9.481138488999932,ok,0.057430079000369005,0.11928727918987107,0.5958759449995341
239,17.795,17.796250280000095,9.79882406500019,ok,0.12665970000034577,0.12243226791138746,0.5958743820001473
240,17.833,17.83387411700005,9.761309116999655,ok,0.13294169999971928,0.12187788815190058,0.5958482590003769
241,17.845,17.84587535799983,9.749144665999665,ok,0.12088239700005943,0.12187648260758671,0.5959272679992864
242,17.858,17.858500538000044,9.736632330000248,ok,0.10821000400028424,0.12187857918986623,0.5959284660002595
243,17.896,17.89626439099993,9.698052650000136,ok,0.11263091399996483,0.12133426555696523,0.5959395589998167
244,17.908,17.908478446000117,9.685789153999394,ok,0.1003897139999026,0.12133396759493079,0.5959381349994146
245,17.933,17.934129356000085,9.66003059600007,ok,0.07858265699996991,0.12128382317721936,0.595908985999813
246,18.024,18.024930063000284,9.847412404999886,ok,0.11885383699973318,0.12314597645570158,0.5954079940001975
247,18.047,18.050223369999912,9.822284577999199,ok,0.1350772039995718,0.12262247699999523,0.5954247919999034
248,18.119,18.119483401000252,9.752918485999544,ok,0.10901331700006267,0.12207453769620263,0.5955271379998521
249,18.143,18.143401971999992,9.729783108000447,ok,0.12838336500044534,0.12153655084810315,0.595475978999275
250,18.166,18.166352195999934,9.706341831999453,ok,0.10539517899997008,0.12153079860759078,0.5958769879998727
251,18.19,18.190484566999658,9.682433295999544,ok,0.12381361699954141,0.12099502678481684,0.5966971529996954
252,18.202,18.20283392700003,9.669742376000613,ok,0.11133895700004359,0.1209922618734225,0.5958269860002474
253,18.214,18.215754304000257,9.657366833000196,ok,0.09856558899991796,0.12099731649366824,0.5967877100001715
254,18.237,18.2387105480002,9.634040509999977,ok,0.11792993899962312,0.12045693177215877,0.5958786330002113
255,18.308,18.309010533999754,9.562535459000173,ok,0.09061761799966916,0.11989686888607795,0.5958762589998514
256,18.332,18.333553346999906,9.539458914000534,ok,0.11000102999969386,0.11936005463291932,0.5967431700000816
257,18.344,18.346115936999922,9.526519195999754,ok,0.09747736000008445,0.11935477936709457,0.5957588760002182
258,18.368,18.368838004999816,9.504224863999298,ok,0.11682990999997855,0.11882762107594501,0.5967860310001925
259,18.392,18.393076479999763,9.479732698999214,ok,0.09263794399976177,0.11882381856961545,0.5957127140000011
260,18.404,18.4048272,9.468032284999936,ok,0.0862354190003316,0.11875675926581561,0.595735180999327
261,18.487,18.487914489000104,9.601258225000493,ok,0.13597661600033462,0.11981350401266021,0.5967064859996754
262,18.498,18.49826029199994,9.591091740000593,ok,0.12560792100066465,0.11981606379745993,0.5955131820001043
263,18.51,18.510573765000117,9.578526792000048,ok,0.11342536699976336,0.11981120939241079,0.5946537139998327
264,18.557,18.55759433500043,9.530692461000399,ok,0.10799093300011009,0.11927431453164623,0.5946860989997731
265,18.593,18.593717079999806,9.495296467000117,ok,0.0762956739999936,0.11922758701266618,0.5946522790000017
266,18.665,18.665664373000254,9.642025911000019,ok,0.11328901399974711,0.12061650998734703,0.595849864000229
267,18.689,18.689228528000058,9.618994891000511,ok,0.13270648700017773,0.12007942782277992,0.5958512959996369
268,18.701,18.70166378399972,9.606110171999717,ok,0.12037516399959713,0.12007237851899338,0.5958509549991504
269,18.724,18.724798213999748,9.583251553999617,ok,0.09717133899994224,0.12007676765822424,0.5958479090004403
270,18.736,18.736305710000124,9.571805724000114,ok,0.12875667800017254,0.11953208429114759,0.5958483960002923
271,18.783,18.784157320000304,9.524001454999961,ok,0.12434245500026009,0.11898285078481008,0.5958490399998482
272,18.807,18.807554185999834,9.50028551700052,ok,0.1010408890006147,0.11897757432911298,0.5958506739998484
273,18.83,18.830245142999956,9.47842894600035,ok,0.12247194100018532,0.11842956130379817,0.59585266600061
274,18.842,18.843132296000476,9.465250323999499,ok,0.109502321999571,0.1184270186582304,0.5958519499999966
275,18.878,18.87924725799985,9.429072196000561,ok,0.07812593800008472,0.11836622807595056,0.5958499079997637
276,18.89,18.891469557000164,9.41726908200053,ok,0.06597700900056225,0.11837060555695597,0.5958524110001235
277,18.902,18.903477519000262,9.4044259530001,ok,0.053868779000367795,0.11836129643037152,0.5958503409992773
278,19.047,19.04779711900028,10.358136968000508,ok,0.11457484300080978,0.12966496374683398,0.5954805930005023
279,19.059,19.0644113139997,10.34268279600019,ok,0.14262626900017494,0.12911445492405804,0.59547147900048
280,19.071,19.071238831999835,10.33592077100002,ok,0.13592093599982036,0.12911375150632678,0.5954727359994649
281,19.083,19.083983516000444,10.323291514999255,ok,0.12320044399984909,0.1291149100000013,0.5955440139996426
282,19.119,19.11962877699989,10.287753519999569,ok,0.13191436499982956,0.12855476046835193,0.5957885080006236
283,19.143,19.14407509800003,10.263653543000146,ok,0.10735136800030887,0.12856051531645468,0.5957333659998767
284,19.166,19.166578938000384,10.241279354999278,ok,0.12944646199957788,0.12799770129113544,0.595773597000516
285,19.19,19.190255563999926,10.217663030999574,ok,0.1057958299998063,0.12799814801265608,0.595797904000392
286,19.202,19.203157193000152,10.203513315000237,ok,0.09274785399975372,0.12798404916456196,0.5969529200001489
287,19.214,19.214349177999793,10.193448716000603,ok,0.12441896700056532,0.12745588226582324,0.5957517580000058
288,19.226,19.227347990999988,10.179867414,ok,0.11132999700021173,0.12744966793670295,0.5969835820005756
289,19.285,19.28577184200003,10.120969485000387,ok,0.09552370199980942,0.12690416725316808,0.5969912529999419
290,19.32,19.320266460999846,10.087057286000345,ok,0.10509064800044143,0.12635383613923284,0.5969845669997085
291,19.344,19.344939976000205,10.062088783000036,ok,0.12533086700022977,0.125781541037973,0.597001113999795
292,19.368,19.368267619999642,10.038562710000406,ok,0.10195707399998355,0.1257795397468381,0.5969944299995404
293,19.38,19.38086159300019,10.026064373000736,ok,0.13357019200066134,0.12522117913923017,0.5969222099993203
294,19.404,19.40437328600001,10.005743615000029,ok,0.11001918100009789,0.12526214275948394,0.5952162220000901
295,19.416,19.41775586299991,9.991800988999785,ok,0.09661545600010868,0.12525530811392313,0.5954116940001768
296,19.463,19.463638465999793,9.94510289200025,ok,0.09422868500041659,0.12469433626581662,0.5954980220003563
297,19.498,19.4984885519998,9.911475027000051,ok,0.06380273800004943,0.1246538460632973,0.5954392009998628
298,19.51,19.511102037000455,9.898363912000605,ok,0.05118492200017499,0.1246475863797485,0.5958376669996142
299,19.569,19.56997252200017,9.877634497000145,ok,0.12558481599990046,0.1234434415696169,0.5958389759998681
300,19.581,19.58233642400046,9.865405771999576,ok,0.11326590800035774,0.12344461430379103,0.5958382469998469
301,19.605,19.60526354800004,9.842550115999984,ok,0.13440700199953426,0.12288770078481044,0.5958155229991462
302,19.617,19.61743568699967,9.830454851000468,ok,0.1223267230006968,0.1228875229873343,0.5958153690007748
303,19.629,19.629461319000256,9.818225449999773,ok,0.1101957789996959,0.12288626221518975,0.5958374329993603
304,19.665,19.66610597199997,9.782179537000047,ok,0.12427497899989248,0.12225177711392278,0.5958150779997595
305,19.689,19.69001769999977,9.75742701099989,ok,0.10040510499948141,0.12224045055696663,0.5958408119995511
306,19.701,19.701781769000263,9.74616179900022,ok,0.09316028000012011,0.12218972187342324,0.5958154019999711
307,19.724,19.72500107399992,9.723198962999959,ok,0.07002178200036724,0.12219185927847608,0.5957952290000321
308,19.83,19.835621682999772,9.658156333999614,ok,0.1183704619998025,0.12075659650633233,0.5958386150005026
309,19.842,19.84294237300037,9.650756641000044,ok,0.15333345299950452,0.12022035397469061,0.5958401180005239
310,19.878,19.878685814000164,9.614757828999245,ok,0.11754299799940782,0.12021753640506119,0.5954495340001813
311,19.914,19.91617209800006,9.577422360999662,ok,0.08409387299980153,0.1201684807341781,0.595450408999568
312,20.09,20.090779969999858,9.47585109099964,ok,0.11975867900036974,0.11843120812657996,0.5956880890007596
313,20.112,20.115836050000325,9.450870207000662,ok,0.098815349000688,0.11838024274683322,0.5954497179991449
314,20.157,20.157798748999994,9.40934307400039,ok,0.05694046400003572,0.1183846368227898,0.5972099149994392
315,20.235,20.235979348,9.362482501000159,ok,0.11828617399987706,0.117014908797466,0.597130427000593
316,20.246,20.25022800900024,9.348848056999486,ok,0.14901528599966696,0.11645339855696668,0.5972524720000365
317,20.257,20.257400329999655,9.34115912300058,ok,0.14192653999998583,0.11644578862025717,0.5971128720002525
318,20.302,20.302498562999972,9.296141137000632,ok,0.09668197900009545,0.11644867855696397,0.5971148449998509
319,20.314,20.314947482000207,9.28392341200015,ok,0.12788106800053356,0.11589909524050948,0.5971470489994317
320,20.336,20.336980994999976,9.261354859999301,ok,0.10576051199950598,0.11589321310126666,0.5970930240000598
321,20.359,20.359473536999758,9.238939810000375,ok,0.12672251200001483,0.11534430986076483,0.5970848990000377
322,20.37,20.371305081999708,9.227311489000385,ok,0.11492975700002717,0.11534643332911228,0.5971140910005488
323,20.437,20.437579942999946,9.161140139000054,ok,0.0911989590003941,0.11480920960758927,0.597116659000676
324,20.46,20.46202062300017,9.136757967999984,ok,0.07102836800004297,0.11475589513924482,0.5971192349998091
325,20.526,20.52644367999983,9.102959929999997,ok,0.12257608100026118,0.1136754192911431,0.5971207339998728
326,20.56,20.560262633999628,9.069207622999784,ok,0.1314815460000318,0.11313557375949211,0.5964013359998717
327,20.605,20.607775419999598,9.021845254000254,ok,0.08877358799963986,0.11307665881013006,0.5963665670005867
328,20.728,20.730006382000283,9.343618963000154,ok,0.1257346869997491,0.11668186906328766,0.5963737960000799
329,20.785,20.785371394999856,9.288085135000074,ok,0.1121637260002899,0.11615058888607184,0.5964494720001312
330,20.841,20.842154902999937,9.231535509999958,ok,0.0590247760001148,0.11610754315189539,0.596619009999813
331,20.896,20.897611217000303,9.437351045000469,ok,0.08529136800007109,0.11838015955696461,0.5966233939998347
332,21.011,21.012003478000224,10.059224256000562,ok,0.12082842600011645,0.12580182192405004,0.5966438200002813
333,21.022,21.024058621000222,10.048010980000072,ok,0.11384477299998252,0.12574864344303105,0.5966323519996877
334,21.045,21.045602459000293,10.026577345000078,ok,0.09232246200008376,0.12574984897467784,0.5966478760001337
335,21.067,21.0676040620001,10.004728154000077,ok,0.07016504000057466,0.12575375851898984,0.5966418859998157
336,21.079,21.079426729999795,9.993007166000098,ok,0.05837599999995291,0.12575463346835436,0.5966206520006381
337,21.168,21.17033893700045,10.162880277000113,ok,0.13078271099948324,0.12698836920253023,0.5966195160008283
338,21.179,21.18180157200004,10.151583976999973,ok,0.11924280499988527,0.12699145291138894,0.5966209849993902
339,21.201,21.20419498800038,10.127905452999585,ok,0.14104429399958462,0.12641556700000825,0.5966343079999206
340,21.224,21.225029438999627,10.108416819999547,ok,0.1202451889994336,0.12643236579746764,0.5966226599994116
341,21.235,21.235833298000216,10.09725189799974,ok,0.10946870299994771,0.12642744022784277,0.5966634180003894
342,21.269,21.271805551999933,10.06119323599978,ok,0.07792283199978556,0.12637025343038555,0.5964245889999802
343,21.28,21.281128265000007,10.052404168999601,ok,0.06866604599963466,0.12637623489873373,0.5965004499994393
344,21.37,21.371007681000265,10.22408340400034,ok,0.11631756399947335,0.1279460657468445,0.5930466170002546
345,21.392,21.392361637999784,10.203184862999478,ok,0.13767930700032593,0.12741127207594022,0.5930481690002125
346,21.471,21.47156732500025,10.122710388000087,ok,0.10158079899974837,0.12684935116456333,0.5940800090002085
347,21.526,21.526579600999867,10.06903248099934,ok,0.09115332999954262,0.12630209149367286,0.594105803000275
348,21.537,21.53724018200046,10.05866504900041,ok,0.12485722900055407,0.12574423869619186,0.594124266000108
349,21.549,21.5493028460005,10.046671979000166,ok,0.11283372700017935,0.12574461736708548,0.5941249340003196
350,21.582,21.583358318000137,10.011807576999672,ok,0.12254696199943282,0.12518029891139756,0.5940916210001888
351,21.594,21.595030084999962,10.000206988999707,ok,0.11084780999954091,0.12518157530380278,0.5940960150001047
352,21.605,21.607135105000452,9.988171969999712,ok,0.09885682399999496,0.12518103369619651,0.594098380000105
353,21.627,21.62792556400018,9.96775746900039,ok,0.12248726699999679,0.12462349869620774,0.5941171220001706
354,21.672,21.67234293799993,9.923448574999384,ok,0.12076365699977032,0.12408446010126278,0.5941217089994097
355,21.684,21.684453281999595,9.91096693200052,ok,0.10857539300013741,0.12408073767088768,0.5941032069995345
356,21.717,21.717188569000427,9.878171440999722,ok,0.1194365999999718,0.12352812475949611,0.5941012409994073
357,21.751,21.751614204999896,9.843857343000309,ok,0.12842186000034417,0.12298003287341538,0.5941035799996826
358,21.785,21.785957596000117,9.809779311999591,ok,0.09404531899963331,0.1229838038987371,0.5941193910002767
359,21.807,21.80730404299993,9.78854556099941,ok,0.11587393099944165,0.1224387227468377,0.594122802000129
360,21.818,21.819568265999806,9.777803736000351,ok,0.10357679200023995,0.12245839682278138,0.5941176679998534
361,21.874,21.87485049299994,9.722313170999769,ok,0.0911455979994571,0.1219133188607677,0.5941210940000019
362,21.896,21.89622194399999,9.701089996000519,ok,0.11230463100037014,0.12452947811688284,0.593502279999484
363,21.907,21.908479665000414,9.688625422999394,ok,0.10009128699948633,0.12137362622785146,0.593500228999801
364,21.919,21.92070273599984,9.676071122000394,ok,0.09256166999966808,0.12130989201266604,0.5934922830001597
365,22.022,22.02347166799973,9.748796760000005,ok,0.1300357089994577,0.12175613183544672,0.5934896460003074
366,22.045,22.047854847000053,9.725315180000507,ok,0.14844300500044483,0.12122603643038479,0.5934999710007105
367,22.056,22.058785731999706,9.714471201999913,ok,0.13756521200048155,0.12122644745568899,0.5935003300000972
368,22.079,22.079223316000025,9.693823840999357,ok,0.11719935199926113,0.12122282873417733,0.5934997279991876
369,22.124,22.12766060499962,9.644491942000059,ok,0.1109127769996121,0.12067769956962665,0.5934997829999702
370,22.179,22.180751501000486,9.59272954700009,ok,0.06230892700023105,0.12063803335443285,0.5935034710000764
371,22.314,22.3147808800004,10.019924633999835,ok,0.11792628999955923,0.12534157137974655,0.5934878050002226
372,22.381,22.381489139999758,9.95302281899967,ok,0.09450044500044896,0.1247912387721447,0.5935011230003511
373,22.415,22.41514956500032,9.919502088999252,ok,0.10531290999915655,0.12423006482279135,0.5935028169997167
374,22.437,22.43790521200026,9.896231166999314,ok,0.1274129859993991,0.12365572422784887,0.5935005050005202
375,22.449,22.45017119699969,9.883891770000446,ok,0.11511702600000717,0.12365501160759697,0.5934863049997148
376,22.471,22.4711850650001,9.863599794000038,ok,0.09420410999973683,0.12366305445570266,0.593502843999886
377,22.482,22.482203937999657,9.852277144000254,ok,0.13133582299997215,0.12304971911392305,0.5934998719994837
378,22.493,22.49346318700009,9.840895766999893,ok,0.12001363899980788,0.12304894337974681,0.5944498369999565
379,22.549,22.549711374000253,9.784487038999941,ok,0.06987828399996943,0.12296954206328647,0.5943240739998146
380,22.56,22.562009645000217,9.77240737199918,ok,0.05755144699924131,0.12297267243038616,0.5944344720001027
381,22.616,22.616728568000326,10.069347796999864,ok,0.14044845300031739,0.12568210891138826,0.5703877630003262
382,22.684,22.684822799999893,9.999751446000118,ok,0.11516104900056234,0.1251209678101284,0.5704043410005397
383,22.74,22.740432409999812,9.944230672999765,ok,0.10329794300014328,0.12456856425315788,0.5704048079996937
384,22.762,22.762363079999886,9.923069939000015,ok,0.12567103899982612,0.12401739808860782,0.570405436999863
385,22.773,22.77434537299996,9.911197370000082,ok,0.1135790630005431,0.12402023639240241,0.5704056080003284
386,22.785,22.78610619400024,9.899502308000592,ok,0.1019578850000471,0.12401936637975211,0.5704069069997786
387,22.807,22.807182378000107,9.878490694999527,ok,0.12421986000026664,0.12347159965822034,0.5704064390001804
388,22.818,22.819061355000485,9.86668007300068,ok,0.11238034000052721,0.12347197075949318,0.5703880279997975
389,22.852,22.85390996699971,9.831888016999983,ok,0.12193551200016373,0.12291062277214637,0.570388752999861
390,22.863,22.86371368900018,9.822143635999964,ok,0.11209307299941429,0.12291186217722107,0.5703894379994381
391,22.885,22.885475873999894,9.800492793000558,ok,0.1332584259998839,0.12236988907595413,0.5703887199997553
392,22.896,22.89623701399978,9.789789897999981,ok,0.12237618400013162,0.12237215758227361,0.5703882990001148
393,22.919,22.919947420000426,9.766187352000088,ok,0.09880779200011602,0.1223717263291165,0.5703881050003474
394,22.941,22.941635936999774,9.744553997999901,ok,0.1194017329999042,0.12183720049367217,0.5703884300000936
395,23.012,23.013065017999907,9.673168999999689,ok,0.0900298329997895,0.12130540453164963,0.5703885160000937
396,23.035,23.035936811999818,9.649970696999844,ok,0.10929808899982163,0.1207678347215238,0.5718966750000618
397,23.083,23.083659904999877,9.603868137999598,ok,0.10505668799942214,0.12023789522785752,0.57190157200057
398,23.107,23.107281943999624,9.579962818999775,ok,0.12389178699959302,0.11969691079746876,0.5718855360000816
399,23.131,23.13169221699991,9.555970857999455,ok,0.09939771999961522,0.11970327639241238,0.5719048440005281
400,23.155,23.15542778300005,9.531568586000503,ok,0.11817799500022375,0.11915655422784813,0.5718073960006222
401,23.226,23.2269487020003,9.460194852000313,ok,0.051038092000453616,0.11910303975948892,0.5718754099998478
402,23.296,23.29719412800023,9.448136144000273,ok,0.09901497700047912,0.11834295783543744,0.5719031079997876
403,23.38,23.382117033000213,9.465892760000315,ok,0.1389755050004169,0.11806204379746892,0.5718805690003137
404,23.416,23.422185029000502,9.426235762999568,ok,0.143823319999683,0.11749871541772486,0.5719005660002949
405,23.428,23.429051168000115,9.419825994000348,ok,0.136929226000575,0.11750482935442534,0.5719028430003164
406,23.463,23.463866127000074,9.384938546999365,ok,0.10221842000009929,0.11750251983543238,0.5718883359995743
407,23.475,23.476371572000062,9.372000579000087,ok,0.13339249399996334,0.11694423426582298,0.5718991089997871
408,23.487,23.49388910000016,9.353406234000431,ok,0.115901947000566,0.11693005521518196,0.5718364149997797
409,23.498,23.498901723000017,9.349046434999764,ok,0.11097192600027483,0.11693737708860162,0.5718614990000788
410,23.522,23.5222661050002,9.325847973999771,ok,0.13028271499933908,0.11639936088607711,0.5718912739994266
411,23.593,23.593796375999773,9.254379325999253,ok,0.10197276899998542,0.11585307343038143,0.5718941310005903
412,23.617,23.618053504000272,9.230257211000207,ok,0.12127427399991575,0.11530340575949065,0.5707803459999923
413,23.629,23.630075656000372,9.218178879000334,ok,0.10929322300034983,0.11829688184414928,0.5707816279991675
414,23.677,23.677773673000047,9.171153738000612,ok,0.0665710350003792,0.11524770235443116,0.570768790999864
415,23.748,23.748583356999916,9.294630418000452,ok,0.1374108640002305,0.11591388207595132,0.5707798429994
416,23.795,23.7956012679997,9.247825680999995,ok,0.09499242299989419,0.11585844174682786,0.5707677410000542
417,23.818,23.81898237600035,9.223654792000161,ok,0.07152222600052482,0.12202802137333492,0.5707896610001626
418,23.902,23.902797120000287,9.284663974000068,ok,0.10304375499981688,0.11622263483543895,0.5708079120004186
419,24.095,24.09612016200026,9.803136159000132,ok,0.112555195000823,0.1327474800821881,0.5707676620004349
420,24.119,24.119308467000337,9.779608829000608,ok,0.1330772530000104,0.12210779168355104,0.570789264999803
421,24.19,24.19024844100022,9.708942119999847,ok,0.10542467499999475,0.12156330636708511,0.570768390000012
422,24.202,24.202288669000154,9.696447287999945,ok,0.09342958800061751,0.12155685345568819,0.5707884490002471
423,24.214,24.21485874999962,9.68316039199999,ok,0.08494573499956459,0.12149597187342093,0.5707978259997617
424,24.226,24.226741729000423,9.672071320000214,ok,0.07298296800036042,0.12150724362024298,0.570787485999972
425,24.296,24.296889324000404,9.681306358999791,ok,0.11473069499970734,0.12109550122784617,0.5707886410000356
426,24.356,24.3570448319997,9.621284664000086,ok,0.09761486600018543,0.12055256508860042,0.5707888329998241
427,24.368,24.368797821000044,9.609940809999898,ok,0.12938938899969799,0.12000681460759102,0.5707829129996753
428,24.404,24.404553057999692,9.573964958000033,ok,0.09373666100054834,0.12000248501265594,0.5723862370005008
429,24.416,24.416793905000304,9.561888012999589,ok,0.12475097399965307,0.11945724793670856,0.5723917189998247
430,24.44,24.44076129200039,9.537679709999793,ok,0.10088791499947547,0.11945287170886021,0.572392055999444
431,24.487,24.487891407999996,9.49090154499936,ok,0.09754584900019836,0.11890307422783988,0.5723948739996558
432,24.498,24.498344628999803,9.480566704000012,ok,0.130093128000226,0.11836025994937159,0.5724003490004179
433,24.51,24.51173539499996,9.467120510000314,ok,0.11666976100059401,0.11835996478480468,0.5723982459994659
434,24.557,24.557839306999995,9.420739948000119,ok,0.0759443500000998,0.11828837270885616,0.5723893330005012
435,24.641,24.642034120999597,9.390377856000669,ok,0.1344359020004049,0.11716343044303404,0.5723493519999465
436,24.665,24.665904413000135,9.367575813999792,ok,0.15482393000002048,0.11661693448101537,0.5723780529997384
437,24.689,24.689781252999637,9.34357024199926,ok,0.13076860000001034,0.11661752689872892,0.5723622579998846
438,24.701,24.701753661999646,9.33228631899965,ok,0.11902375299996493,0.1166234073037956,0.5723905719996765
439,24.712,24.713870186999884,9.319423374000507,ok,0.10672576900014974,0.11661609340506725,0.5723678009999276
440,24.724,24.726073101999646,9.307543563999388,ok,0.09468396799911716,0.11661829996203006,0.572382951999316
441,24.748,24.750061835999986,9.283479474999695,ok,0.1137525000003734,0.11607230148100699,0.5723805389998233
442,24.783,24.783683319000374,9.249737598000138,ok,0.12390445799974259,0.11551668698734542,0.5723707719998856
443,24.795,24.79610166400016,9.237778209999306,ok,0.11136308200002532,0.11552406630379422,0.5723879119996127
444,24.807,24.808328013999926,9.225608774999273,ok,0.09919038399948477,0.11552412315189871,0.571315696000056
445,24.83,24.830947205000484,9.202723618999698,ok,0.11917421299949638,0.11498146711392686,0.571247148999646
446,24.842,24.843135854999673,9.190962070999376,ok,0.10695451099945785,0.11498726679747051,0.5713336099997832
447,24.89,24.891022435000195,9.142701036999824,ok,0.10161026199966727,0.11444401512658317,0.5712463050003862
448,24.926,24.926772148000055,9.107008752999718,ok,0.07125500300026033,0.11437645394936582,0.5712464510006612
449,24.938,24.939043006999782,9.094944966000185,ok,0.059072817000014766,0.11437797336709048,0.5713273700002901
450,25.0,25.00028802399993,9.083213310999781,ok,0.13684880699929636,0.11324472197468856,0.5712491209997097
451,25.076,25.077561381000123,9.005035649000092,ok,0.06493167800090305,0.1131654925316358,0.5712627550001343
452,25.088,25.088173877999907,8.995058962999792,ok,0.054373146000216366,0.11317279798734063,0.5712536619994353
453,25.189,25.194912072999614,9.23142634099986,ok,0.11239280700010568,0.11543040954430707,0.5712480679994769
454,25.24,25.240718551999635,9.185696350999933,ok,0.10934558300050412,0.11489030184810285,0.5712472210007036
455,25.278,25.286046995000106,9.140596410999933,ok,0.0688564789998054,0.11483194564556747,0.5713236490000781
456,25.29,25.290278235999722,9.136610554000072,ok,0.06461311300063244,0.1148352236708819,0.5713286419995711
457,25.303,25.303981273999852,9.122846415999447,ok,0.050793013999282266,0.1148359213670971,0.5713303009997617
458,25.366,25.36709496000003,9.162638966000486,ok,0.1281362010004159,0.11436051886075686,0.571331907000058
459,25.404,25.406807180000214,9.122039816999859,ok,0.09415115399951901,0.11427672256962103,0.5712498679995406
460,25.416,25.416731749000064,9.112189569000293,ok,0.08425152600011643,0.11427749706329254,0.571335782999995
461,25.429,25.42977387300016,9.099258735000149,ok,0.07105699900057516,0.1142808423037883,0.5713354950003122
462,25.442,25.442449723999744,9.086647623999852,ok,0.0584161970000423,0.11428122583543605,0.5713358709999738
463,25.492,25.492613405000156,9.254577024000355,ok,0.11945686600029148,0.11563424825316694,0.5713182659992526
464,25.504,25.504149475000304,9.243116939999709,ok,0.15518872099983128,0.11503688978480775,0.5713191529994219
465,25.542,25.543179299999792,9.20449632600048,ok,0.1161867370001346,0.11504172865823167,0.5713241369994648
466,25.58,25.587801597999714,9.158225748000405,ok,0.1142383599999448,0.11448039656962361,0.5713342580002063
467,25.605,25.6061180480001,9.140067530999659,ok,0.09602163399995334,0.1144813888860789,0.5713356659998681
468,25.618,25.618252741000106,9.12907566100057,ok,0.131068241000321,0.1138986551139261,0.5713198000003104
469,25.656,25.657103892000123,9.090270419000262,ok,0.1392139200006568,0.11330435189873105,0.5713207709995913
470,25.669,25.669571196000106,9.077938202999576,ok,0.12677116499980912,0.11330549000000316,0.5713221480000357
471,25.681,25.681503957000132,9.066055885999958,ok,0.1147876080003698,0.11330702105063706,0.5713228559998242
472,25.694,25.694969952000065,9.052655373000562,ok,0.10129510700062383,0.11330820218986619,0.5713231919999089
473,25.706,25.706332800999917,9.039769491999323,ok,0.13400855100007902,0.11273093234176255,0.5713353810006083
474,25.744,25.745788129000175,9.001337485000477,ok,0.09459610100020654,0.11274338781012248,0.5713182210001833
475,25.757,25.75753998500022,8.989392445000703,ok,0.12645661500027927,0.11218873450632347,0.5713348630006294
476,25.795,25.795645098000023,8.95142093800041,ok,0.132524335999733,0.11163141354430807,0.5722031249997599
477,25.82,25.82050283799981,8.926916342999903,ok,0.10755131800033269,0.11163737922784613,0.5723235770001338
478,25.833,25.833915573000013,8.913080425999397,ok,0.0941789090002203,0.1116314579366984,0.5723405700000512
479,25.896,25.896190790999754,8.912247806999403,ok,0.11757481099994038,0.11132469117720702,0.5723412930001359
480,25.908,25.90860885100028,8.898764155000208,ok,0.1051827230003255,0.11131082521518969,0.5721268500001315
481,26.076,26.07622206399992,8.865113648999795,ok,0.10788155699992785,0.11085083159493099,0.5497476070004268
482,26.101,26.103810737000458,8.837747632999708,ok,0.12264872800005833,0.11031752655695597,0.519289791999654
483,26.138,26.138268783000058,8.802160068000376,ok,0.13199230800000805,0.10974853241773014,0.5192908910003098
484,26.189,26.189332623000155,8.752722365000409,ok,0.12393837699983123,0.10922495227848081,0.5192906210004367
485,26.227,26.22770218900041,8.713984138999876,ok,0.13066167600027256,0.10864947459493676,0.5192900299998655
486,26.24,26.240214102999744,8.701289833999908,ok,0.11817991899988556,0.10864656644303125,0.5205240250006682
487,26.265,26.265748417000395,8.675993631999518,ok,0.13739804799934063,0.1080833216202578,0.520534399999633
488,26.278,26.278458146000048,8.662827764999747,ok,0.12480702199991356,0.10807588677215779,0.5204965099992478
489,26.29,26.290812377999828,8.65120507500069,ok,0.11248050799986231,0.1080849627088712,0.5205396999999721
490,26.303,26.303990338999938,8.637922072000038,ok,0.09913105200030259,0.1080858044936726,0.5205410139997184
491,26.315,26.315449245999844,8.626517949000117,ok,0.13076202000047488,0.10754104463291086,0.5205402329993376
492,26.34,26.341079280000486,8.599465156000406,ok,0.10517609700036701,0.1075224093544271,0.5197517740007243
493,26.391,26.391617944000245,8.549807088000307,ok,0.09799324899995554,0.10698479668354605,0.5205184770002234
494,26.404,26.404453850999744,8.537345910999647,ok,0.1284186229995612,0.10644195051898787,0.5205369279992738
495,26.416,26.416820436999842,8.524816682999699,ok,0.11609308800052531,0.10643936059492676,0.5205278470002668
496,26.467,26.467457411000396,8.474390481000228,ok,0.10829268199995568,0.10589980646834848,0.5205388029999085
497,26.492,26.492786777999754,8.4503529170006,ok,0.1266234220001934,0.10536345327848641,0.5205378410000776
498,26.504,26.505167455000446,8.437712250000004,ok,0.11421204799989937,0.10536050088607617,0.5205125190004765
499,26.555,26.55616704699969,8.386761230000047,ok,0.10279429599995638,0.10486015141772372,0.5205314830000134
500,26.631,26.631613135000407,8.3844586539999,ok,0.12218637200021476,0.10458538467088446,0.5205376430003525
501,26.681,26.681200899000032,8.334983895000732,ok,0.1134893420003209,0.1040693521265813,0.5205404890002683
502,26.757,26.758002088000467,8.284751457999846,ok,0.1286807670003327,0.10324104573417664,0.5195764869995401
503,26.769,26.77022911200038,8.273471634000089,ok,0.11654910200013546,0.10325193651898432,0.5195822430005137
504,26.795,26.79586680600005,8.247055856999395,ok,0.13572435199967003,0.1026748594683536,0.5195805079993079
505,26.807,26.807764389999647,8.235256969000147,ok,0.12386715599950548,0.10267562602532536,0.5195817570001964
506,26.82,26.821284536999883,8.221797013000469,ok,0.1104203900003995,0.10267545807594995,0.5195806800002174
507,26.871,26.87312972000018,8.170000903999608,ok,0.09847233900018182,0.10217107926581764,0.5195813549999002
508,26.883,26.883155077999618,8.160038792000705,ok,0.08849175800060038,0.10217131593670481,0.5195808950002174
509,26.933,26.933871244999864,8.13295896100044,ok,0.12384952699994756,0.10138083579747643,0.5195809400001963
510,27.04,27.041231715999857,8.051075641000352,ok,0.10303865599962592,0.10060776858227666,0.5195804320001116
511,27.054,27.05435746100011,8.038086777999524,ok,0.08995533399956912,0.10060905032911896,0.519582222000281
512,27.121,27.127238224000394,7.99106599300012,ok,0.10667582399946696,0.09980211984810335,0.5195812239999213
513,27.148,27.148495690000345,7.968694780999613,ok,0.12550134799948864,0.10185929897402451,0.5195549950003624
514,27.242,27.244136684000296,7.943133538999973,ok,0.1213715020003292,0.09900931377215565,0.5195808500002386
515,27.269,27.26928657999997,7.91810562900082,ok,0.09617231900028855,0.09901161184810503,0.5195807700001751
516,27.283,27.284223771999677,7.903329636000308,ok,0.12535858200044458,0.09845512374682538,0.5195816300001752
517,27.31,27.310346643999765,7.877267775999826,ok,0.09927225199953682,0.09845544894937742,0.5195807879999848
518,27.323,27.323356214999876,7.864324482999109,ok,0.12649160499950085,0.09794707000000466,0.5218261119998715
519,27.35,27.350580473000264,7.837505475000398,ok,0.09922384300080012,0.09795270118986911,0.521988180000335
520,27.431,27.431828609999684,7.875854098000673,ok,0.10481311200055643,0.0983672391392339,0.5219922340002086
521,27.511,27.52046918399992,7.812467018000461,ok,0.11111615300069388,0.09748512512658036,0.5218130709999969
522,27.525,27.526109620999705,7.807104176999928,ok,0.10557969000001322,0.09748745618986804,0.5218232160004845
523,27.538,27.53881011700014,7.7949996119996285,ok,0.1385068429999592,0.09691745063291013,0.5219522829993366
524,27.578,27.5787933419997,7.7544863050006825,ok,0.0986029130008319,0.09690971368353864,0.5218265459998292
525,27.592,27.593060584999876,7.74064736299988,ok,0.12887622800008103,0.09635133849366832,0.521821479999744
526,27.605,27.61209200400026,7.72154716499972,ok,0.10988100599934114,0.09634990844304274,0.5218273829996178
527,27.673,27.673919861000286,7.659091577000254,ok,0.08893976599938469,0.09582449645570049,0.5218164620000607
528,27.794,27.795095823999873,7.990132214999903,ok,0.10946636000062426,0.09975491697468321,0.5218188399994688
529,27.875,27.88224703800006,7.970493097000144,ok,0.113540025000475,0.099454767797466,0.5218239589994482
530,27.888,27.890647789000468,7.962169862000337,ok,0.10517903999971168,0.09945537596203267,0.5218059830003767
531,27.929,27.92979713600016,7.92307501400046,ok,0.10458062300040183,0.09896809432910554,0.5218218170002729
532,28.027,28.02803938099987,7.902385968999624,ok,0.0982706099994175,0.09878606283544723,0.5219945059998281
533,28.04,28.040571706000264,7.888555081999584,ok,0.13040301599994564,0.09820404740506242,0.5214498660006939
534,28.067,28.067708046000007,7.861496364999766,ok,0.10334755899930315,0.09820419396202874,0.5222309849996236
535,28.08,28.08113513399985,7.848751298000025,ok,0.13411515000007057,0.09765330953165245,0.5222318630003429
536,28.094,28.10211164700013,7.827845352000622,ok,0.11309507799978746,0.09765486194936773,0.5222364629998992
537,28.108,28.1085286739999,7.8214956970005005,ok,0.10679727100068703,0.09765422548100358,0.5222336910001104
538,28.148,28.14854123100031,7.781544360000225,ok,0.10687274800056912,0.0971475572278456,0.5222254000000248
539,28.162,28.162440860999595,7.767708823000248,ok,0.0931071980003253,0.09714668020253064,0.5225547800000641
540,28.256,28.256722879000336,7.725597931000266,ok,0.13633187100003852,0.09606647718987628,0.5225620370001707
541,28.269,28.26989125199998,7.7113817479994395,ok,0.12313260900009482,0.09605339949366334,0.5222369700004492
542,28.31,28.31554325900015,7.666646149999906,ok,0.12173074899965286,0.0955050679367099,0.5225651410000864
543,28.336,28.336460260999957,7.64610732500023,ok,0.10092415300005086,0.09550848203797371,0.5225703589994737
544,28.363,28.36970885699975,7.612961234000068,ok,0.11174615600066318,0.09495192713923563,0.5225712880001083
545,28.377,28.37775380400035,7.605021448000116,ok,0.10377711199998885,0.09495230802531296,0.5225726399994528
546,28.39,28.390824179000447,7.592001299000003,ok,0.13539767899965227,0.09438723165822932,0.5225737789996856
547,28.404,28.40425654000046,7.578617526000016,ok,0.12204935099998693,0.09438678754429906,0.5225754639996012
548,28.444,28.44457888299985,7.537467764999747,ok,0.1263552089994846,0.09381123905064047,0.5225677010002983
549,28.458,28.4585433809998,7.523893593000139,ok,0.1123584730003131,0.09381673013923561,0.5225685690002138
550,28.485,28.48570595000001,7.496803928999725,ok,0.12926082400008454,0.09325964184810363,0.5225706510000236
551,28.511,28.511749733000215,7.470869658000083,ok,0.10325413700047648,0.09326079322784872,0.5227852879997954
552,28.538,28.53849334500046,7.444211636000546,ok,0.1191367370001899,0.0927223115569649,0.522844121000162
553,28.551,28.5514776910004,7.430654980999861,ok,0.106203550999453,0.0927143599240515,0.5225481280003805
554,28.578,28.57912622100048,7.403137756000433,ok,0.12122542500037525,0.09217591668354394,0.5225488180003595
555,28.633,28.634193441000207,7.348186508999788,ok,0.10625206399981835,0.09166988032911486,0.5225495069998942
556,28.821,28.821606847000112,7.2299160870006745,ok,0.10657364600047003,0.09016823626582583,0.5025457929996264
557,28.834,28.834465666000142,7.217139559000316,ok,0.13754854900071223,0.08961485202530926,0.4643359589999818
558,28.848,28.8482023939996,7.203472514000168,ok,0.12388723800086154,0.0896148031265799,0.46433634099958
559,28.875,28.876102793999962,7.175634641000215,ok,0.09587718300008419,0.08961699096202026,0.46433479099960095
560,28.902,28.908268142999987,7.143523128999732,ok,0.10271897300026467,0.0891239183670856,0.46433409600012965
561,29.013,29.013172515000406,7.352333568999711,ok,0.4333767929992973,0.08758106202531973,0.4643337369998335
562,29.04,29.040376558999924,7.32521638199978,ok,0.40619254899957014,0.08758236006329592,0.4643338539999604
563,29.108,29.109123819999695,7.8390038400002595,ok,0.5031142530006036,0.09285917293670502,0.46402192400000786
564,29.148,29.148650545000237,7.7995386450002115,ok,0.46360209600061353,0.0928597383924021,0.46402076100002887
565,29.162,29.16389924699979,7.784012725000139,ok,0.4482809780001844,0.09285716286076076,0.46401979099937307
566,29.202,29.202826818000176,7.743930075000208,ok,0.40931435899983626,0.09284281402531495,0.46492722400034836
567,29.215,29.21572011599983,7.73225084600017,ok,0.3964763640005913,0.09285772226581984,0.4640193099994576
568,29.323,29.323528738000277,7.62449567800013,ok,0.28868078000050446,0.09285824458227211,0.46401878300002863
569,29.336,29.33638339800018,7.611324311000317,ok,0.275782523000089,0.09285476489873838,0.4640350049994595
570,29.418,29.42064868000034,7.526192568000624,ok,0.19162300700008927,0.09284243540506522,0.4649366139992708
571,29.458,29.465805646999797,7.481100209000033,ok,0.1464808009995977,0.09284309277215551,0.464940662999652
572,29.498,29.51164724499995,7.435920048000298,ok,0.10065815600046335,0.09285109240505635,0.4649416830006885
573,29.511,29.526665798999602,7.420980574999703,ok,0.08566279400019994,0.09285192517721423,0.464944585000012
574,29.619,29.619895734999773,7.380060616000264,ok,0.09189668700037146,0.0922549003544306,0.46402217200011364
575,29.686,29.68675240199991,7.339614405000248,ok,0.12361625700032164,0.09134139121518194,0.46402658199986035
576,29.7,29.70654949100026,7.319894352999654,ok,0.14484917799927644,0.09082313706329831,0.4640236389996062
577,29.727,29.72810477799976,7.298440554000081,ok,0.12338006899972243,0.09082332426582461,0.4640203819999442
578,29.767,29.768125782000425,7.258555807000448,ok,0.1270360280004752,0.09027220434176965,0.4640204890001769
579,29.808,29.80825503699998,7.218518111000776,ok,0.13077815500037104,0.0897180260759526,0.465077986000324
580,29.821,29.821573426000214,7.205271721999452,ok,0.1175051389991495,0.08971837583544871,0.46507848799956264
581,29.848,29.848524869999892,7.178377618999548,ok,0.09062681199975486,0.08971818948102046,0.4650795810002819
582,29.875,29.87569984200036,7.151259887999913,ok,0.10619908500029851,0.08917780972151837,0.4650799499995628
583,29.902,29.90237669399994,7.124879492000218,ok,0.11886335300005157,0.08868349058227494,0.4650783679999222
584,29.915,29.915461030000188,7.111902149999878,ok,0.1056692940001085,0.08868630484810154,0.46509412199975486
585,30.0,30.001104373999624,7.0905759930001295,ok,0.11023639299946808,0.08835853130379671,0.4650947640002414
586,30.043,30.04345123999974,7.046819008000057,ok,0.11214764099986496,0.08778026382279228,0.4650613670000894
587,30.058,30.058595298,7.032643531000758,ok,0.09708853300071496,0.08779164748101478,0.46508575299958466
588,30.072,30.074448622999626,7.01685315099985,ok,0.12522130999968795,0.08723565812658618,0.46507895899958385
589,30.101,30.101373196999702,6.990090695000617,ok,0.0983860710002773,0.08723657332911552,0.465078960000028
590,30.115,30.115927982999892,6.975627796000481,ok,0.12665352700059884,0.08669567322784685,0.4650859559997116
591,30.144,30.144742585999666,6.946295869000096,ok,0.09779702500054555,0.08668956718986609,0.46507043699966744
592,30.159,30.15984505200049,6.931265335999342,ok,0.12299606099986704,0.08618042348100545,0.4650734790002389
593,30.245,30.24575752199962,7.04418446299951,ok,0.12713962599991646,0.08755721665822214,0.4650751859999218
594,30.303,30.304043484999966,6.985969631000444,ok,0.11210134999964794,0.08701079368354471,0.46508543800064217
595,30.318,30.318166818999998,6.971998260999499,ok,0.09801304999928107,0.08701226735443418,0.4638418080003248
596,30.347,30.35011275600027,6.94011199400029,ok,0.10950452599990967,0.08646320364557682,0.46383970500028227
597,30.39,30.39210732399988,6.898174996000307,ok,0.11030078699968726,0.08592228603797421,0.4638385130001552
598,30.448,30.448415935000412,6.841923186000713,ok,0.09365993600022193,0.08542088337975356,0.46383617100036645
599,30.519,30.519627925999885,6.836122883000826,ok,0.11258326300048793,0.08510793454429923,0.4638354629996684
600,30.548,30.548286318000464,6.805791134000174,ok,0.12785996299953695,0.08453034855696548,0.463870651000434
601,30.562,30.562523556000087,6.792449966999811,ok,0.11365884299993922,0.08454133607595199,0.463857538999946
602,30.576,30.57775664499968,6.777356391000467,ok,0.0985069440002917,0.0845422180506335,0.46385335100058
603,30.605,30.609658915000182,6.745576020000044,ok,0.11039725000046019,0.08398942705063539,0.46384973699969123
604,30.62,30.620185974999913,6.735519894999925,ok,0.09997358300006454,0.08399408321519665,0.4638356810000914
605,30.649,30.649439138999696,6.704721029999746,ok,0.1161007629998494,0.08340005003798139,0.4638612379994811
606,30.678,30.678432177000104,6.67661728100029,ok,0.13272685799984174,0.08283383083544092,0.46385620000000927
607,30.692,30.69248758000049,6.662678945999687,ok,0.11858166699948924,0.08283648425316918,0.4638510690001567
608,30.721,30.721333080000477,6.633957131999523,ok,0.13249675599945476,0.08229680450633076,0.4638480690000506
609,30.75,30.75052518800021,6.604826288999902,ok,0.10339002099954087,0.08229649563291568,0.4638463559995216
610,30.793,30.79376824999963,6.561637726000299,ok,0.10366288400018675,0.0817463561518972,0.46384430099988094
611,30.808,30.808761944000253,6.546700703999704,ok,0.13266465899960167,0.08119017378481382,0.4648825360000046
612,30.822,30.82235107500037,6.533197837999978,ok,0.11898507299974881,0.08119238778480498,0.4648856600006184
613,30.851,30.851581611000256,6.504023211000458,ok,0.128529171000082,0.08070228629113917,0.4648891580000054
614,31.029000000000003,31.033644586000264,6.396151351999833,ok,0.12197009300052741,0.07941970215189847,0.46488724800019554
615,31.043,31.045308288999877,6.38475333399947,ok,0.1104218390000824,0.07942163645568627,0.4648831819995394
616,31.058,31.05820770199989,6.372177191999981,ok,0.09745623899925704,0.07942651870886452,0.4648896289991171
617,31.101,31.10131689500031,6.328374179000093,ok,0.09718753800007107,0.07887531336709339,0.46489042899975175
618,31.130000000000003,31.13488741099991,6.295027946999653,ok,0.1028857909996077,0.07838124789873578,0.4648820339998565
619,31.317999999999998,31.318459989000075,6.306245367999509,ok,0.09498405299927981,0.078623361620263,0.46488275799947587
620,31.332,31.33518872700006,6.289451241999814,ok,0.12131458400017436,0.07807733759494147,0.46488207200036413
621,31.39,31.393202924000434,6.231612856000538,ok,0.10626542000045447,0.07753585107594184,0.4648887379998996
622,31.418999999999997,31.419608326999878,6.2052701550001075,ok,0.11936060599964549,0.07703664253164524,0.4648893700004919
623,31.561999999999998,31.562211741999818,6.1620614340008615,ok,0.11425139600032708,0.07655434767088934,0.4648890920007034
624,31.576,31.57656790300007,6.1464809520002746,ok,0.09986394699990342,0.07653907629113907,0.4648658219994104
625,31.604999999999997,31.612480662000053,6.1113686779999625,ok,0.10303039400059788,0.07605463201265523,0.46487519899983454
626,31.677999999999997,31.67860408999968,6.064776666999933,ok,0.12675348300035694,0.0751645811139232,0.46487974699994083
627,31.706000000000003,31.707617690000006,6.035989117000099,ok,0.09770733999994263,0.07516790286075475,0.4640495869998631
628,31.764000000000003,31.764766270999644,6.002942897000139,ok,0.1287368150005932,0.0743568511898738,0.4640489789999265
629,31.822000000000003,31.8225712680005,5.943867341000441,ok,0.11530499100081215,0.07377891964556568,0.464890166999794
630,31.836,31.8366907059999,5.930825000000368,ok,0.1012246629998117,0.07379192740506679,0.4640492250000534
631,31.851,31.852628642000127,5.914957126000445,ok,0.1293414550000307,0.07323544465823574,0.46406582100007654
632,31.865000000000002,31.87253285800034,5.89523846999964,ok,0.10946792399954575,0.07323742062025407,0.46404782500030706
633,31.894,31.89468231200044,5.873152652000499,ok,0.12685487199996714,0.07273777577215754,0.46404819100007444
634,31.909,31.91053642499992,5.8573537550000765,ok,0.11103632499998639,0.07273803598734128,0.4640469830001166
635,31.923000000000002,31.923430998000185,5.844510911000725,ok,0.09821539200038387,0.07273776256962161,0.4640472700002647
636,32.031,32.03182831899994,5.948613063999801,ok,0.11863294599970686,0.07379681851899143,0.46489125300013256
637,32.077,32.08395467599985,5.897238630999709,ok,0.10891015499964851,0.07326964894937076,0.464873310999792
638,32.14,32.14123182500043,5.840112991000751,ok,0.095281984000394,0.0727191865443032,0.4648707590004051
639,32.171,32.171662185999594,5.8096198860002914,ok,0.1049593059997278,0.07221067850632953,0.4648708920003628
640,32.187,32.18775123700016,5.793658708000294,ok,0.08896035399993707,0.07221119284810201,0.4640615839998645
641,32.233,32.234086270999796,5.766823000999466,ok,0.13661819899971306,0.07126806384809542,0.464053450999927
642,32.264,32.26474050700017,5.736242263000349,ok,0.10604538499956107,0.0712681108227945,0.4640647199994419
643,32.28,32.28088353400017,5.720162952000464,ok,0.1322160919999078,0.0707333155316427,0.4646226429995295
644,32.342,32.34932182400007,5.651782068000102,ok,0.10431684800005314,0.07022090506328639,0.46462449400041805
645,32.435,32.43533167700025,5.586866220000047,ok,0.10736369599999307,0.06936050501266022,0.46462670199980494
646,32.451,32.45150236799964,5.570759410999926,ok,0.13426127799993992,0.06881622944304501,0.4646289190004609
647,32.482,32.482854568999755,5.539483927999754,ok,0.10296180899968022,0.06881656515189563,0.46462835100010125
648,32.497,32.49886267399961,5.5235652830006075,ok,0.127526365000449,0.06830412035443156,0.4646296920000168
649,32.606,32.607010243999866,5.434848481999325,ok,0.09493291999933717,0.06759357792405446,0.4646292480001648
650,32.761,32.762126739999985,5.539607334999346,ok,0.12141666499974235,0.06858449521519393,0.4646287839996148
651,32.777,32.78560341299999,5.516189680000025,ok,0.14631965599983232,0.06797285377214843,0.4646835989997271
652,32.839,32.84095018399967,5.460269233000872,ok,0.13409551700078737,0.06741937429113115,0.4645966870002667
653,32.854,32.86288970199985,5.438684359000035,ok,0.11219977699965966,0.06742361160760556,0.46463041199967847
654,32.886,32.88671791300021,5.414923426999849,ok,0.09257480799988116,0.06737130805063489,0.46468376299981173
655,33.015,33.018669832999876,5.38831104899964,ok,0.12919950499963306,0.06657075453164643,0.46468506600012915
656,33.046,33.05349193700022,5.353544445999432,ok,0.09883442399950582,0.06651510817722092,0.4645831830002862
657,33.062,33.06273613899975,5.343159817999549,ok,0.08957661299973552,0.06650067496202264,0.4645994640004574
658,33.156,33.1565245110005,5.337596459999986,ok,0.1365758759993696,0.06583535210127224,0.44119501800014405
659,33.218,33.218196896000336,5.276827124999727,ok,0.1180177480000566,0.06530118864556463,0.39880334499957826
660,33.264,33.269961924999734,5.225270443000227,ok,0.11015839900028368,0.06474802826581749,0.389179151999997
661,33.295,33.2952875889996,5.200006478999967,ok,0.12904718500067247,0.06418918467088704,0.38918028799980675
662,33.326,33.32631426300031,5.1693302809999295,ok,0.09798819099978573,0.0641940393924058,0.3891634139999951
663,33.342,33.34239537800022,5.1525625020003645,ok,0.12549460800073575,0.06363348548100338,0.38915774800079816
664,33.357,33.35846144700008,5.136628512999778,ok,0.10946478099958767,0.06363479545569457,0.38916100400001596
665,33.42,33.42034849900028,5.074794896999265,ok,0.08992333499918459,0.06309946659494707,0.3891775130005044
666,33.451,33.45156638899971,5.043784272000266,ok,0.10175289500057261,0.06255719006328002,0.3891818100000819
667,33.497,33.49813188099961,4.997271936000288,ok,0.09898233199965034,0.06200350051898844,0.3891828969999551
668,33.513,33.513450561000354,4.98201403100029,ok,0.12664706100076728,0.061460163556954356,0.3891835450003782
669,33.559,33.55953176900039,4.9359998600002655,ok,0.08512427100049536,0.061403313291129615,0.3891842490002091
670,33.575,33.57579340600023,4.919798650000303,ok,0.06883411600028921,0.06140444246834762,0.3891659740002069
671,33.637,33.637817257999814,4.915968493000037,ok,0.12079885799994372,0.06069802346835878,0.38915679799993086
672,33.653,33.654840977000276,4.899022372000218,ok,0.1079878730006385,0.06064579846834828,0.3892315270004474
673,33.792,33.79303245099982,4.824708899999678,ok,0.14004722099980427,0.05929914737975242,0.3892247549993044
674,33.886,33.88635392099968,4.73205627399966,ok,0.05122445799952402,0.05925057920254242,0.38922491100038314
675,34.051,34.051398814000095,4.9095128529997965,ok,0.13576226700024563,0.060426824544299935,0.3892256149993045
676,34.101,34.1020113630002,4.859661504000542,ok,0.1275039600004675,0.05990038196202327,0.38922668600025645
677,34.152,34.15814511799999,4.803598144000716,ok,0.11518122600045899,0.05934684745569006,0.38922803300010855
678,34.185,34.186081353999725,4.775724909000019,ok,0.13058902100056002,0.058799000468349696,0.38922903499951644
679,34.219,34.219293096,4.742571156999475,ok,0.09741572900020401,0.06032650446752984,0.3892285530000663
680,34.253,34.25373568499981,4.708186261999799,ok,0.06737525700009428,0.058744267126574504,0.389228854999601
681,34.32,34.32071802399969,4.679799154999273,ok,0.11974964199998794,0.05772163603796798,0.38922832700063736
682,34.337,34.337871554999765,4.662553651000053,ok,0.10257778100003634,0.05772089637975102,0.3892289260002144
683,34.438,34.4405720929999,4.603057858999819,ok,0.1262886479998997,0.056667780278490405,0.38922756899955857
684,34.455,34.45661259500048,4.586958034999952,ok,0.15451245200074482,0.05610669449366538,0.3892287029993895
685,34.488,34.488250946000335,4.555464286999268,ok,0.12283400599972083,0.05610905870886384,0.3892295989999184
686,34.522,34.52230355000029,4.5214740480005275,ok,0.13220467300016026,0.05556019392405446,0.389229935000003
687,34.555,34.55701192400011,4.486820547000207,ok,0.09753069599992159,0.055560462898742856,0.3892317039999398
688,34.589,34.59007337999992,4.453872583000702,ok,0.10883707800076081,0.05500027813923225,0.38928440299969225
689,34.623,34.62332294299995,4.4193156649998855,ok,0.08058112300022913,0.05492031937974619,0.3892317079998975
690,34.639,34.63971843499985,4.403666655000052,ok,0.06427853000059258,0.05492869664556542,0.3892319619999398
691,34.707,34.70718571700036,4.372229426000558,ok,0.11321555500035174,0.053911284594931524,0.38923300099941116
692,34.842,34.848040611000215,4.337984222000159,ok,0.13003967399981775,0.05326491356962937,0.3892824730000939
693,34.858,34.858494314999916,4.327607115999854,ok,0.12519840000004478,0.05319486270886207,0.3892846919998192
694,34.875,34.87804037099977,4.308113133000006,ok,0.10571562700079085,0.053194714962023396,0.38928449699960765
695,34.892,34.893887879999966,4.291087847999734,ok,0.08971448900047108,0.053181541620250745,0.3892325990000245
696,34.909,34.90982088600049,4.275846184999864,ok,0.07396187299946178,0.05318805068355122,0.3892323239997495
697,35.101,35.102439500999935,4.287333274000048,ok,0.12287561300036032,0.05271428117721601,0.38923344900013035
698,35.135,35.135659604000466,4.2542252900002495,ok,0.13424694200057274,0.05215142241772062,0.38923326799977076
699,35.185,35.18582033599978,4.204159870000694,ok,0.08945765800035588,0.05208464305063369,0.38924140900053317
700,35.202,35.20264094000049,4.187561036000261,ok,0.07271422299982078,0.05208648617722074,0.38924437500008935
701,35.219,35.21959590900042,4.170448142999703,ok,0.05563766599971132,0.052086023341779523,0.3892460529996242
702,35.32,35.32103578799979,4.309316803999536,ok,0.11484613900029217,0.0530943871139174,0.3594196770000053
703,35.337,35.34330086299997,4.287113227000191,ok,0.13642345200059935,0.05254020651898804,0.3155981829995653
704,35.371,35.37256767400049,4.257980044999385,ok,0.10724074300014763,0.05254082369619822,0.3162221079992378
705,35.388,35.38864075699985,4.241964372000439,ok,0.13449604100060242,0.051993094962026705,0.27291221899940865
706,35.404,35.406196824999824,4.224464803999581,ok,0.11697260199980519,0.05199340743037501,0.27289865399961855
707,35.472,35.473115755000435,4.156221033000293,ok,0.09380781700019725,0.05142276164557027,0.25039950300015335
708,35.505,35.50701084299999,4.123454467000556,ok,0.1042598710000675,0.050875719227843556,0.25040842599992175
709,35.522,35.52274767000017,4.108073497000078,ok,0.13336848899962206,0.05031256194936909,0.25041597099971113
710,35.538,35.538696427000104,4.090503478999381,ok,0.11738474199955817,0.051598545883114806,0.25038464499994006
711,35.572,35.57311566499993,4.056159261000175,ok,0.13013175900050555,0.049696345962015755,0.25039561100038554
712,35.589,35.590576008000426,4.040194064999923,ok,0.11270415200033312,0.04971490217721561,0.2504144170006839
713,35.606,35.60642543100039,4.023679466000431,ok,0.09676890399987315,0.049707414683544365,0.2504026429996884
714,35.639,35.64090449699961,3.98932799800059,ok,0.1071107600000687,0.04914180770885904,0.250407057999837
715,35.656,35.65618842300046,3.9745316629996523,ok,0.09682197300026019,0.04908476641771755,0.2504126100002395
716,35.673,35.67335485800049,3.9568139550001433,ok,0.0797708270001749,0.04907629120253095,0.2504052470003444
717,35.69,35.690215982000154,3.940076068000053,ok,0.06292875399958575,0.049077636215194696,0.2504040370004077
718,35.757,35.75734652899973,3.9465931020004064,ok,0.13307932400039135,0.048271984582277556,0.2504041350002808
719,35.808,35.80832090199965,3.8958806439995897,ok,0.08702741900015099,0.048213140772152,0.2504061729996465
720,35.825,35.82541214200046,3.878670582000268,ok,0.07002074199954222,0.048210549835443366,0.25040720800006966
721,36.018,36.01832672599994,3.949831511999946,ok,0.13625091399990197,0.048272946405056326,0.22028695799963316
722,36.055,36.06204005099971,3.906188433999887,ok,0.1373209550001775,0.04770699249367013,0.20168199199997616
723,36.073,36.07418047400006,3.8941225360003955,ok,0.12527636000049824,0.04770673778480907,0.2016122830000313
724,36.129,36.12960298899998,3.8387533000004623,ok,0.11316828600047302,0.04715912774683395,0.2016123970006447
725,36.147,36.14716939000027,3.8212491590002173,ok,0.09564727699944342,0.04838426358442534,0.20161259999986214
726,36.184,36.18483996099985,3.783627222999712,ok,0.10062412599927484,0.04662012898734247,0.20161419099986233
727,36.22,36.22070917699966,3.7468050239995137,ok,0.1081398979995356,0.04851484581333352,0.20159115900059987
728,36.276,36.27705662799963,3.690536830000383,ok,0.05603072499980044,0.04600619088607714,0.20159185000011348
729,36.349,36.349313998999605,3.652593232000072,ok,0.11828143399998226,0.045899797818185414,0.20159312499981752
730,36.386,36.387153777000094,3.6148810420008886,ok,0.12280469600045762,0.04420329674683418,0.20160990900058096
731,36.459,36.45959475699965,3.542688700000326,ok,0.09417123000002903,0.04365187203798029,0.20161112000005232
732,36.478,36.47879815499982,3.5235525309999502,ok,0.07803729099941847,0.04361391915189634,0.20161095399998885
733,36.551,36.55123864500001,3.4678716280004664,ok,0.08594414300023345,0.042808931696204644,0.2016114699999889
734,36.661,36.665068321000035,3.4080452359994524,ok,0.09440021199952753,0.04194455421518888,0.20161131799977738
735,36.845,36.84526737499982,3.5495032389999324,ok,0.11256429300010495,0.04350520030379524,0.2016115730002639
736,37.0,37.0039438419999,3.511344318999363,ok,0.12372132299969962,0.04288097484810419,0.20161123600064457
737,37.073,37.07335739199971,3.442034802999842,ok,0.09629752399996505,0.04235090979746249,0.20161140500022157
738,37.11,37.11114815899964,3.4043074400005935,ok,0.10065623500031506,0.04181817797468249,0.20161204899977747
739,37.129,37.129839645000175,3.385864231000596,ok,0.12332415499986382,0.042370390727275616,0.20170116600002075
740,37.184,37.184856214999854,3.3309061609998025,ok,0.07278680099989288,0.04124182835443484,0.2017019729992171
741,37.257,37.257230004999656,3.337015218000488,ok,0.10723160199995618,0.04088296116455401,0.20170532100019045
742,37.276,37.27635256800022,3.317211442000371,ok,0.08808937300000252,0.040874576405062556,0.20169248599995626
743,37.404,37.407959453999865,3.2571267530001933,ok,0.12081799000043247,0.03969969999999665,0.20169485799942777
744,37.459,37.4598905189996,3.205828348000068,ok,0.07267539799977385,0.039659902367089626,0.20170453999980964
745,37.551,37.55179651799972,3.2405991819996416,ok,0.1194224299997586,0.03950823297468042,0.2016972680003164
746,37.569,37.5694664370003,3.223006090999661,ok,0.106232899999668,0.03945262624050354,0.20169780300057027
747,37.606,37.60650034599985,3.1863792889998876,ok,0.06914205500015669,0.039458473063284226,0.20170618399970408
748,37.753,37.75377888100047,3.1698370559997784,ok,0.11219752000033623,0.03870408944303678,0.2017022240006554
749,37.771,37.774858622000465,3.1488221720001093,ok,0.13191476100018917,0.039180410792212496,0.2017030730003171
750,37.845,37.84635331899972,3.0768499979994886,ok,0.10360916999979963,0.03763560782278511,0.20169546600027388
751,37.863,37.86344542400002,3.05983433900019,ok,0.0909645609999643,0.037580425620254126,0.2016995769999994
752,37.9,37.90018985000006,3.023220676999699,ok,0.05414007000035781,0.037583086101267905,0.2017011170000842
753,38.02,38.02330789900043,2.9882770029998937,ok,0.12047282299954531,0.036301079949363976,0.20170221100033814
754,38.04,38.04271470999993,2.9690810209995107,ok,0.14392745700024534,0.03576123001265024,0.20170347800012678
755,38.061,38.06222200600041,2.949027925000337,ok,0.12437981600032799,0.035754838696194856,0.20170645300004253
756,38.121,38.123110364999775,2.888068156999907,ok,0.06715997199989943,0.035707318784814195,0.20170635399972525
757,38.202,38.20248601399999,2.880738349999774,ok,0.08044932699976926,0.03544626427848718,0.2017074559998946
758,38.283,38.28413087999979,2.8330375679997815,ok,0.0822225290003189,0.03482008960758943,0.20170848199995817
759,38.383,38.38531387199964,2.821116926000286,ok,0.08749634899959347,0.03460246384811053,0.2018116689996532
760,38.464,38.46869612699993,2.768519715000366,ok,0.09077626500038605,0.03389517492404927,0.20181136399969546
761,38.606,38.606913695,2.735846082000535,ok,0.1092022150005505,0.03324833374683547,0.16705212899978505
762,38.627,38.62759641699995,2.715237295999941,ok,0.13257370900009846,0.032691734886082235,0.15568750199963688
763,38.687,38.68768129,2.6552095130000453,ok,0.11688257900004828,0.032130535582284576,0.15568734499993298
764,38.748,38.748364719000165,2.594580940999549,ok,0.10158336699987558,0.03155675730379733,0.15568573200016544
765,38.788,38.78838607899979,2.554616067999632,ok,0.06526945099994919,0.03151054668353625,0.15570104800008266
766,39.061,39.06310411800041,2.6737054200002603,ok,0.08294283499981248,0.03279411525316483,0.15582677099973807
767,39.202,39.20431839899993,2.6519062070001382,ok,0.11844579900025565,0.032068803101261624,0.15582788699975936
768,39.222,39.224856441000156,2.631438028000048,ok,0.10193804600021394,0.0320187887721578,0.15582698000071105
769,39.242,39.24305926000034,2.6133008160004465,ok,0.08385427699977299,0.032849752792217614,0.1558266990004995
770,39.262,39.26399403400046,2.5925308249998125,ok,0.06294443900060287,0.03201983043036998,0.15582739100045728
771,39.383,39.38356100500005,2.537285628999598,ok,0.10536563899950124,0.03078358672151992,0.12066221600071003
772,39.424,39.42442785700041,2.4968604619998587,ok,0.10928385300030641,0.03022229798733849,0.10908059800021874
773,39.444,39.44590215700009,2.474541505000161,ok,0.13269887099977495,0.02964320053164372,0.10896910200062848
774,39.464,39.46515480800008,2.4556273950001923,ok,0.11337051300051826,0.02964854360758596,0.10899785699984932
775,39.485,39.486149749000106,2.434762242999568,ok,0.09231943899976613,0.029650993658223445,0.10900086000037845
776,39.505,39.50613980700018,2.4148288669994145,ok,0.07637752899972838,0.029600469303797488,0.10900333700010378
777,39.525,39.52530690000003,2.3957573269999557,ok,0.057245119999606686,0.029601233949368273,0.10900703300012538
778,39.627,39.63154087899966,2.3516396329996496,ok,0.11353322499962815,0.028330265075953633,0.10319719899962365
779,39.667,39.66757169599987,2.3156751750002513,ok,0.1206780960001197,0.0277845351519076,0.10319217100004607
780,39.728,39.72835013399981,2.254757744000017,ok,0.06352753099963593,0.027736751582284065,0.10319244299989805
781,39.869,39.871215197999845,2.2046686490002685,ok,0.07548673000019335,0.02695134446835427,0.10319244299989805
782,40.061,40.06127942199964,2.267287274999944,ok,0.10954179000054864,0.027312976734178904,0.10471466299986787
783,40.121,40.12177898000027,2.2064078419998623,ok,0.05240623100053199,0.02726552881012128,0.10447100799956388
784,40.202,40.20291082899985,2.3443897690003723,ok,0.11005506200035597,0.028282488126576567,0.14854312599982222
785,40.222,40.22398976000022,2.3227308810000977,ok,0.09240297399992414,0.02823167512657694,0.14830972099935025
786,40.262,40.26304064099986,2.283764128999792,ok,0.05339614700005768,0.028232299658226066,0.1483534110002438
787,40.323,40.32363471200006,2.637040061999869,ok,0.0736196240004574,0.032448033518978514,0.35960339799930807
788,40.424,40.42483733500012,2.581053238000095,ok,0.07021427000017866,0.03178244120253215,0.35954589399989345
789,40.505,40.50527521700042,2.5323671039996043,ok,0.06881653799973719,0.031183862253161766,0.35965100600060396
790,40.647,40.6477359419996,2.692025690000264,ok,0.11949335400004202,0.03256344070885899,0.35965368000051967
791,40.667,40.668155717000445,2.6716763570002513,ok,0.10304051599996455,0.032514189582280216,0.3596538799993141
792,40.707,40.7072987950005,2.6318135780002194,ok,0.06383925899990572,0.03250560664557408,0.3596072179998373
793,40.788,40.78840511999988,2.599722386000394,ok,0.07954498900016915,0.03272922867532756,0.359527264999997
794,41.022,41.02301306299978,2.6073167469994587,ok,0.06266902999959711,0.03221040781013068,0.3596887769999739
795,41.112,41.112861630000225,2.563882038999509,ok,0.06105276499965839,0.032503921766236725,0.3596005059998788
796,41.224,41.22512900400034,2.5309937080000964,ok,0.0686896400002297,0.031168059531651873,0.3596534709995467
797,41.337,41.33748807200027,2.48292995599968,ok,0.09933527399971354,0.030171717025317592,0.3595272489992567
798,41.381,41.3821866090002,2.4383495760002916,ok,0.09648606900009327,0.029643625000004895,0.3595480610001687
799,41.426,41.426930841000285,2.3938476100001935,ok,0.05527598099979514,0.030370802285711738,0.35954751999997825
800,41.538,41.538754330999836,2.4032587000001513,ok,0.06292583600043145,0.02962411975949169,0.35954656600006274
801,41.628,41.62864834500033,2.3772106819997134,ok,0.07544587099982891,0.029135936329112155,0.35954668799968204
802,41.763,41.763586621000286,2.3796692759997313,ok,0.07473264899999776,0.029176068012653742,0.3596947150008418
803,42.157,42.15757814100016,2.5941533610002807,ok,0.10759726900050737,0.03147506125315897,0.35983006700007536
804,42.179,42.17928389400004,2.572535377999884,ok,0.12790945300002932,0.03094442469620522,0.3598285419993772
805,42.202,42.20221173800019,2.5497035270000197,ok,0.10505478400045831,0.03094473051899087,0.35982731900003273
806,42.224,42.224261991000276,2.5277092510004877,ok,0.08594917099981103,0.030908180392405577,0.3598278340004981
807,42.337,42.33724239900039,2.4614872849997482,ok,0.1038893109998753,0.02984269915189923,0.35977348500000517
808,42.359,42.359765666000385,2.439428558000145,ok,0.1237152599996989,0.029312598278483152,0.35982719200001156
809,42.381,42.38177265900049,2.4174841049998577,ok,0.10175892299957923,0.02931278430380097,0.35982756900011736
810,42.404,42.40425729399976,2.3950566560006337,ok,0.12081905800005188,0.028787639417726184,0.3598271709997789
811,42.471,42.471358982999845,2.3280925870003557,ok,0.05689382200034743,0.02874916675949563,0.35986142699948687
812,42.538,42.53847162500006,2.3772745599999325,ok,0.10258123899984639,0.02879339618988225,0.3202044960007697
813,42.561,42.56197718899966,2.353830889999699,ok,0.12129178499981208,0.028259797886077444,0.2780083050001849
814,42.606,42.60662149400014,2.3092429159996755,ok,0.1188352400004078,0.027726503721514514,0.23585300399918196
815,42.651,42.65125004099991,2.2636338420006723,ok,0.11742742600017664,0.027166788253165163,0.19235252599992236
816,42.696,42.697478269000385,2.2178533429996605,ok,0.11376643099993089,0.026633766227848667,0.14982572899953084
817,42.74,42.740670725999735,2.174890680000317,ok,0.11331145700023626,0.02609575654430587,0.10712839400002849
818,42.785,42.785901455000385,2.129054587999235,ok,0.1114241259992923,0.025539396708868307,0.09998981199987611
819,42.808,42.80901260599967,2.106408434000514,ok,0.13050141199983045,0.025011280620259917,0.09998884699962218
820,42.853,42.8536102650005,2.0618660749996707,ok,0.08952086799945391,0.024966221101265867,0.09998948000065866
821,43.05,43.05022843000006,2.0019473869997455,ok,0.11434405999989394,0.02389334698734815,0.09999057000004541
822,43.101,43.10157931200047,1.9511076489998231,ok,0.06598952199965424,0.023861991886072166,0.10013196199997765
823,43.177,43.177772334999645,1.9042377349996968,ok,0.10203835999982402,0.023404901311680857,0.06281661899993196
824,43.202,43.20413227100016,1.8779762640006084,ok,0.07870741700025974,0.022775344569616877,0.0629034439998577
825,43.278,43.27943404100006,1.816457736999837,ok,0.061717028000202845,0.02221164964555987,0.06286604799970519
826,43.429,43.42990245800047,1.7644077400000242,ok,0.10331077400041977,0.021026225455691158,0.0628089040001214
827,43.454,43.455252527000084,1.739313594000123,ok,0.08119102099954034,0.020988641835450652,0.0628124780005237
828,43.832,43.83285507399978,1.737550378999913,ok,0.07627598299950478,0.021028438430382462,0.06293764200017904
829,44.05,44.05209722099971,1.7977874830003202,ok,0.07400190800035489,0.021819746291137424,0.06293650600036926
830,44.151,44.15134220900018,1.7403759930002707,ok,0.06510000300022512,0.021205682746836783,0.06293603500034806
831,44.252,44.25297294200027,1.695915423999395,ok,0.10889978499926656,0.020088482898740316,0.0629318430001149
832,44.303,44.30405062800037,1.6449915829998645,ok,0.060931003000405326,0.020051170721510775,0.0629360410002846
833,44.454,44.45493615699979,1.6331057529996542,ok,0.10423035900021205,0.019352494607591312,0.06293167900003027
834,44.504,44.504964153999936,1.5831795699996292,ok,0.05741437600045174,0.019313282708855142,0.06293317099971318
835,44.605,44.60678249499961,1.5776672599995436,ok,0.06525491699994745,0.019144138379741417,0.0629373920000944
836,44.781,44.78255014899969,1.5695558369998253,ok,0.1093063690004783,0.0184837856455672,0.05367950799973187
837,44.807,44.80717639900013,1.5450036739994175,ok,0.08793329299987818,0.018443715430374694,0.05366118199981429
838,45.252,45.25279324300027,1.7148176959999546,ok,0.06537955800013151,0.020878639050628225,0.058648102000006475
839,45.454,45.45490466499996,1.8790187249996961,ok,0.05847259199981636,0.02304458088607894,0.10021461199994519
840,45.554,45.555950349999875,2.0612691609994727,ok,0.06878982199941674,0.02522085436709248,0.14366043799964245
841,45.655,45.655554983,2.0268186220000644,ok,0.0674505990000398,0.02544600040260043,0.14363319800031604
842,45.756,45.75689713199972,2.0294170900006065,ok,0.06361411299985775,0.02488325541772507,0.14364374599972507
843,46.0,46.00107663400013,2.1428995569995095,ok,0.07190407699999923,0.026895651077920066,0.14365960200029804
844,46.101,46.10210607099998,2.1425004740003715,ok,0.06740162999994936,0.02626673467088201,0.14364238699999987
845,46.202,46.20286865300022,2.1070828969996,ok,0.06442843500008166,0.026527627038955292,0.14357842000026722
846,46.404,46.404200517999925,2.217519803999494,ok,0.11209675600002811,0.02665072348100935,0.1435607280000113
847,46.429,46.43110843799968,2.1904911609999544,ok,0.0888102720000461,0.02729420818181475,0.14364432500042312
848,46.454,46.454296670000076,2.1675504310005635,ok,0.06557351399987965,0.026607109278486432,0.1436482970002544
849,46.529,46.53010151000035,2.21240423800009,ok,0.05827169399981358,0.028721176866674795,0.1436435920004442
850,46.655,46.65589561900015,2.280133158999888,ok,0.07202349599992885,0.027950440075948813,0.1436451070003386
851,46.781,46.781790689000445,2.2496154729997215,ok,0.11109572099940124,0.027069669443047627,0.14364283999930194
852,46.832,46.833064424999975,2.198279432000163,ok,0.06269689399960043,0.027032368113925512,0.14364248299989413
853,47.0,47.000601186000495,2.5018477309995433,ok,0.06339666100029717,0.03086612982278433,0.14364280000063445
854,47.076,47.07621266299975,2.5995185929996296,ok,0.10913637799967546,0.03152362394937398,0.1436421819998941
855,47.126,47.12699233500007,2.5490604579999854,ok,0.09936002300037217,0.031008647708864672,0.14364373099942895
856,47.151,47.15180247100034,2.5237929340000846,ok,0.0775097719997575,0.030965279784808605,0.14370269799928792
857,47.252,47.25312931700046,2.553037871000015,ok,0.06392211100046552,0.03150745194935679,0.14370662900000752
858,47.328,47.32826722200025,2.5130647870000757,ok,0.10041342099975736,0.030539706886078353,0.10448554300000978
859,47.379,47.379577435999636,2.46158669200031,ok,0.09054075300082332,0.030013033620244767,0.10454692999974213
860,47.404,47.40422044600018,2.4367480580003757,ok,0.10740723999970214,0.029484998113926113,0.10477329599962104
861,47.429,47.42986146800013,2.411417306000658,ok,0.08527559800040763,0.029444637329118138,0.10443413600023632
862,47.554,47.554262743000436,2.348441725000157,ok,0.06498275000012654,0.028904183455698687,0.10353210900029808
863,47.706,47.70805580199976,2.306547835000856,ok,0.061590027999955055,0.028416866822790557,0.10386893800023245
864,47.781,47.781865308000306,2.3041154200000165,ok,0.05974174299990409,0.028409484924056035,0.1037341639994338
865,48.0,48.000992856000266,2.4877368390007177,ok,0.10689282700059266,0.0301369539620282,0.10430219599948032
866,48.025,48.02560601799996,2.463574148000589,ok,0.085721604000355,0.03009916143038268,0.10437356700003875
867,48.05,48.0506457649999,2.4387424120004653,ok,0.060715233999872,0.030101407886083703,0.1043731290001233
868,48.177,48.17750343100033,2.4484252790007304,ok,0.0688358290008182,0.030121071797468545,0.10431903899916506
869,48.303,48.30461470099999,2.443458843999906,ok,0.06049084100050095,0.03016378858227412,0.10424801200042566
870,48.404,48.40453243699994,2.5315206240002226,ok,0.06319906800035824,0.031244198468351598,0.10427872600030241
871,48.554,48.5545064300004,2.4943006029998287,ok,0.10602617400036252,0.03023095100000123,0.10331354400022974
872,48.579,48.57933088899972,2.4697857239998484,ok,0.12556502200004616,0.029673432759490068,0.10330068999974173
873,48.63,48.63045822000004,2.418722591000005,ok,0.07920645000012883,0.029613930430381907,0.10330976499972166
874,48.655,48.655587713000386,2.3937291210004332,ok,0.05411150800046016,0.029615211746837487,0.10330275900014385
875,48.756,48.75711312099975,2.455191852000098,ok,0.07264682599998196,0.030158471949372267,0.10331976199995552
876,48.832,48.83294188800028,2.4943348959996,ok,0.06958996100001968,0.03069251245569485,0.10331972799940559
877,49.025,49.02515824800048,2.531270214999495,ok,0.09881972099992709,0.030790184734173578,0.10332186800042109
878,49.05,49.05117345899998,2.505353057999855,ok,0.07598540100025275,0.030751259443029165,0.10332254500008275
879,49.151,49.151998620000086,2.4517445099991164,ok,0.10157009499926062,0.029748719088608676,0.10330291199989006
880,49.177,49.17800817399984,2.4262007190000077,ok,0.0785012509995795,0.02971748450632915,0.10332041899982869
881,49.278,49.278700042999844,2.3739713850000044,ok,0.10544430400022975,0.02871528110126401,0.10155130199927953
882,49.303,49.30437270699986,2.348366148000423,ok,0.12210793100075534,0.028180285962017604,0.10156750799978909
883,49.353,49.35460536299979,2.298248891000185,ok,0.07544650299951172,0.028136551164561176,0.10157324000010703
884,49.379,49.379603761,2.272489564999887,ok,0.05041550300029485,0.028127151430372935,0.10137804700025299
885,49.429,49.42968395200023,2.293125379999765,ok,0.11229114500019932,0.02760515383544794,0.10137837599995692
886,49.479,49.48000125599992,2.2429754150007284,ok,0.10344539600009739,0.02708245986076103,0.10137805900012609
887,49.504,49.50437526299993,2.2185427790000176,ok,0.08244685900081095,0.02703898743037584,0.10138049699980911
888,49.605,49.605819022000105,2.2101430040002015,ok,0.10816584199983481,0.0266068517088616,0.10139158000038151
889,49.63,49.631096136999986,2.1849963479999133,ok,0.08622663400001329,0.026566470189876942,0.10139451099985308
890,49.731,49.731542155999705,2.2150910460004525,ok,0.07635341300010623,0.02707228924050987,0.10157269200044539
891,50.025,50.025270115999774,2.238769331000185,ok,0.10041278399967268,0.027067425810130344,0.10137861699968198
892,50.05,50.050605078000444,2.2141040359992985,ok,0.07831498799987457,0.02703502873417257,0.10157031600010669
893,50.151,50.15178393000042,2.2437675880000825,ok,0.06622966600025393,0.02756340664557142,0.10139641199930338
894,50.278,50.278534723999655,2.296200912000131,ok,0.11539373499999783,0.02760481144303159,0.06278238399954716
895,50.303,50.303188894000414,2.2720052699996813,ok,0.13210738299949298,0.02708711086076239,0.06278602499969566
896,50.379,50.37922135500048,2.1957848060001197,ok,0.058944870000232186,0.027048357632914223,0.0627801009995892
897,50.479,50.47947004300022,2.1988397140003144,ok,0.06473120400005428,0.02701359139240295,0.06278358100007608
898,50.605,50.606140799999594,2.376228257000548,ok,0.07626727600018057,0.02911309520253251,0.18304629500016745
899,50.731,50.732138455000495,2.329171621000569,ok,0.07197151200034568,0.02857181921518543,0.1830264790005458
900,50.807,50.807308682999974,2.2866811339999913,ok,0.10836795100021845,0.027573257582280117,0.1830461399995329
901,50.857,50.8590116080004,2.2350435680000373,ok,0.05967945999964286,0.027536052354432135,0.1830467440004213
902,51.05,51.05018289700001,2.408393203999367,ok,0.10980068699973344,0.029095715506328713,0.18302997299997514
903,51.076,51.076310958999784,2.382350828000199,ok,0.08667459200023586,0.02905897529113714,0.1830430800000613
904,51.202,51.20277138199981,2.3196396809998987,ok,0.10349654699984967,0.02805209386075793,0.18305000600048515
905,51.252,51.25225214500006,2.270245437000085,ok,0.0573446860007607,0.02801094308859872,0.18305055899963918
906,51.429,51.430050535999726,2.399375307999435,ok,0.10499502599941479,0.02904238402532175,0.18304638200061163
907,51.454,51.45459079400007,2.3749769100004414,ok,0.08397347900063323,0.028999818430379434,0.183046430000104
908,51.479,51.47962989900043,2.3502578509996965,ok,0.05896843499976967,0.02900344424051582,0.18304856399936398
909,51.655,51.65544687300007,2.406083798999134,ok,0.10845773899927735,0.029083490962023725,0.18305154300014692
910,51.68,51.68090141100038,2.3809643829999914,ok,0.08721042599972861,0.029034621341774647,0.18305149100069684
911,51.706,51.706915558999754,2.35527036700023,ok,0.061164437999650545,0.02903910715189962,0.18304419699961727
912,51.807,51.80784407400006,2.3603392340000937,ok,0.10222779499963508,0.028583355379747512,0.18304985799932183
913,51.857,51.85785668399967,2.3104582260002644,ok,0.05573662200004037,0.028540569531644366,0.18299791499975981
914,52.025,52.02586263400008,2.3681164500003433,ok,0.06947736999973131,0.029096394189879523,0.18317351899986534
915,52.126,52.12630870199973,2.3736972779997814,ok,0.07262949199957802,0.029127121886078754,0.18317347899937886
916,52.252,52.252963967999676,2.577293346999795,ok,0.1061066819993357,0.03128061002532572,0.1831726049995268
917,52.303,52.30332223000005,2.526615579999998,ok,0.05925215400020534,0.03123211965821956,0.18312196800070524
918,52.379,52.37999837300049,2.4966161980000834,ok,0.11006294200069533,0.030209206810123082,0.18312195999988035
919,52.429,52.429652730999805,2.447133964999921,ok,0.06348800200066762,0.030172528189873045,0.18315660999996908
920,52.605,52.60561236400008,2.414028204000715,ok,0.07442477699987649,0.029614895822789228,0.18308058000002347
921,52.706,52.70708137099973,2.446468434000053,ok,0.10031691399944975,0.029697918962034536,0.14400930400006473
922,52.756,52.756614918000196,2.3971437520003747,ok,0.09186237399990205,0.029180601367086268,0.14411972500056436
923,52.781,52.78188358399984,2.371520757000326,ok,0.10736857299980329,0.028659827822789512,0.14400958100031858
924,52.807,52.80709157700039,2.34638658699987,ok,0.1229535920001581,0.028144518670885618,0.14400709300025483
925,52.857,52.858713345999604,2.294988526999987,ok,0.07437520299936295,0.028108835316455538,0.14401189900036115
926,53.101,53.10187342300014,2.571266494000156,ok,0.10213849299998401,0.03125460521519765,0.14411185500011925
927,53.126,53.12646926199977,2.5467397330003223,ok,0.11868964699988283,0.030734506848107863,0.144113899000331
928,53.151,53.15138116900016,2.521057388999907,ok,0.09374628299974574,0.030725046164558147,0.14405108400023892
929,53.177,53.17756212800032,2.4955189279999104,ok,0.07033207299991773,0.030698332734181915,0.14410816300005536
930,53.278,53.28016895699966,2.5408086029992774,ok,0.07274790199971903,0.031240946151896584,0.1440098120001494
931,53.353,53.354101816000366,2.538277370999822,ok,0.07077735100028804,0.03123383387341901,0.14405165500011208
932,53.605,53.605475735000255,2.569523785000456,ok,0.10748839500047325,0.031164753430374142,0.14416890899974533
933,53.63,53.63155373799964,2.5436468910002077,ok,0.1229688380008156,0.03064129064556324,0.1442146089993912
934,53.655,53.65568724100012,2.519583152999985,ok,0.09887232199980645,0.03064170912658264,0.14421626700004708
935,53.68,53.68053922299987,2.4939646100001482,ok,0.07846658300059062,0.030575314101261488,0.1441475370002081
936,53.756,53.756829068000116,2.447810916999515,ok,0.07464228699973319,0.030039749126582953,0.1441484369997852
937,53.832,53.832684492000226,2.44350546700025,ok,0.11233673800052202,0.029508069177206345,0.14414823799961596
938,53.857,53.85869666100007,2.4179022850003093,ok,0.08927532899997459,0.029476009721523193,0.14414727900020807
939,54.05,54.050484086000324,2.5600980549997985,ok,0.0676504399998521,0.031549636721518004,0.1441477959997428
940,54.177,54.17753130500023,2.5108374589999585,ok,0.10029661499993381,0.030512846835451076,0.14416853800048557
941,54.202,54.202630675000364,2.485845636000704,ok,0.07818617000066297,0.030476494113919457,0.14416376600001968
942,54.379,54.38009053600035,2.516231685999628,ok,0.070329438999579,0.03096041077215783,0.14416290400004073
943,54.479,54.47919870700025,2.5237054250001165,ok,0.1146717030005675,0.03049390312657976,0.1410520479994375
944,54.504,54.50469000999965,2.4982717969996884,ok,0.13061108500005503,0.029970198202527516,0.14105244200072775
945,54.579,54.57998823900016,2.4223834220001663,ok,0.0968178250004712,0.029437203164555205,0.14077274200008105
946,54.63,54.63109012099994,2.3717482640004164,ok,0.04926145700028428,0.02939829724050181,0.14105270100026246
947,54.68,54.680412767000234,2.3524653439999383,ok,0.11323320599967701,0.028344392822781388,0.14089281300039147
948,54.706,54.706216337000114,2.3272076829998696,ok,0.09054820999972435,0.028311895354438347,0.14105215600011434
949,55.025,55.02573958100038,2.506988125999669,ok,0.10557829499975924,0.030397327607589213,0.14105407700026262
950,55.05,55.05024998099998,2.482723098999486,ok,0.0845409909998125,0.030356508974686613,0.14105319499958568
951,55.076,55.077130663999924,2.455133931999626,ok,0.05762903200047731,0.030347826088599723,0.1408344629999192
952,55.151,55.151995172999705,2.428072004000569,ok,0.1113098230007381,0.029325795126572338,0.14080350099993666
953,55.177,55.177482156000224,2.402729036999517,ok,0.12750129999949422,0.028800149126588702,0.140472520000003
954,55.202,55.20240961499985,2.3777382650005165,ok,0.10260786400067445,0.028798912924040576,0.14053714900001069
955,55.252,55.25308976999986,2.3271778469998026,ok,0.054862580000190064,0.028763297151893807,0.1410403709996899
956,55.353,55.35383298400029,2.347005344000536,ok,0.11383819999991829,0.028267743860759524,0.14102837399968848
957,55.379,55.379354106999926,2.3207280489996265,ok,0.13065264699980617,0.027722082860766276,0.141066700999545
958,55.429,55.42986897799983,2.270902467000269,ok,0.08363362300042354,0.027686690468346823,0.14102867000019614
959,55.454,55.45416626699989,2.2460319210003945,ok,0.05937367299975449,0.027679001088610582,0.14105772599941702
960,55.529,55.530419878999965,2.2151586119998683,ok,0.07101092300035816,0.02714076524050223,0.1410573769999246
961,55.605,55.60567561700009,2.171833059000164,ok,0.10661153799992462,0.02614144706328687,0.14099453200014977
962,55.63,55.63076118299978,2.1472186130004047,ok,0.12330907300020044,0.02561891174684229,0.141042625999944
963,55.706,55.706648952999785,2.0712026940000214,ok,0.05086165899956541,0.025573679860757738,0.14095111700044072
964,55.807,55.8076647300004,2.089054612999462,ok,0.06783598799938773,0.02558472298734401,0.14102126599937037
965,56.0,56.000447325000096,2.05118831999971,ok,0.06982429799973033,0.02508020059493775,0.14093060599952878
966,56.076,56.076461951000056,2.0066047300006176,ok,0.06523107900011382,0.02457400796202255,0.14099152900053014
967,56.202,56.20355951700003,2.2242152070002703,ok,0.1122171580000213,0.02673391673418141,0.1393360140000368
968,56.227,56.22755456699997,2.1997510009996404,ok,0.1289880220001578,0.02621181079746149,0.1393325310000364
969,56.303,56.30480437700044,2.122578352000346,ok,0.09221727099975396,0.02570055362025126,0.13933158700001513
970,56.328,56.32998152399978,2.0980060040001263,ok,0.0703127159995347,0.025666805886073774,0.139321872000437
971,56.454,56.45442036300028,2.0898910850000902,ok,0.06763478199991368,0.025597861544305996,0.13932246600052167
972,56.529,56.529274374000124,2.0903665420000834,ok,0.06562639099956868,0.02562924859493354,0.1393368430008195
973,56.68,56.68106263499976,2.092373456000132,ok,0.0627088149994961,0.02569160692405891,0.1393385399996987
974,56.832,56.832481661999736,2.0924173379999047,ok,0.1029407979995085,0.02518299121519807,0.13933878599982563
975,56.857,56.85739969600036,2.0671337710000444,ok,0.08138592599971162,0.025135395012661828,0.13933898200048134
976,57.151,57.15161129399985,2.1305320490000668,ok,0.10241954699995404,0.025671973518991406,0.13932270599980257
977,57.177,57.17764493600043,2.105067690999931,ok,0.07955787900027644,0.02563917729113672,0.1393425649994242
978,57.202,57.20260741899983,2.0800150139994003,ok,0.05462873800024681,0.025637548088605952,0.13932346099954884
979,57.303,57.3033079529996,2.0574148039995634,ok,0.1117892109996319,0.024627931556960327,0.10181315600038943
980,57.328,57.32897303400023,2.0319011749998026,ok,0.12673849699967832,0.024115794126580884,0.0995732000001226
981,57.379,57.37977012600004,1.9810172269999384,ok,0.11637622799935343,0.02360286055697048,0.09951572699992539
982,57.429,57.42931405899981,1.9309374490003393,ok,0.06984906599973328,0.02355758789873349,0.09963520599922049
983,57.579,57.57938769100019,1.930513255000733,ok,0.07049947599989537,0.023544157632916066,0.09965695799928653
984,57.807,57.80801786499978,1.9290367089997744,ok,0.07184060999952635,0.023508468974681288,0.09959345400056918
985,58.076,58.077564287000314,1.960898967000503,ok,0.10069129200019233,0.023546727696203227,0.061204481000459054
986,58.101,58.10277318499993,1.935385046999727,ok,0.07930492800005595,0.023494305050629504,0.06117849499969452
987,58.126,58.1268772680005,1.9113540589996774,ok,0.05523667499983276,0.023494947177213465,0.06118078100007551
988,58.177,58.17789598200034,1.8755784779996247,ok,0.09915795899996738,0.022486023329108748,0.061182743000244955
989,58.227,58.227339490000304,1.826221237000027,ok,0.05254898899966065,0.022451328189876957,0.06118509699990682
990,58.303,58.30327676199977,1.7926870960000088,ok,0.10309172200049943,0.021386987215194067,0.060293335000096704
991,58.353,58.35370540999975,1.7423250430001644,ok,0.0555903140002556,0.021350854582273822,0.06045916800030682
992,58.479,58.47928534099992,1.741898178000156,ok,0.10481257700030255,0.020722230329116843,0.06046521799999027
993,58.504,58.504818645999876,1.7168822309995448,ok,0.08277762699981395,0.020684580924053887,0.06048123999971722
994,58.605,58.605741520000265,1.866918847999841,ok,0.0734192219997567,0.022702210835448086,0.1838763129999279
995,58.807,58.80805853600032,1.9334826950007482,ok,0.0681183830001828,0.0236118599367141,0.18392227300046216
996,59.0,59.00142160500036,1.9784042239998598,ok,0.11071343699950376,0.02364141708860672,0.18391787099972134
997,59.025,59.027084776000265,1.952201807000165,ok,0.08850623200032715,0.0235908750759497,0.18367185700026312
998,59.05,59.050215393000144,1.928992051000023,ok,0.06534625199947186,0.02359007543038641,0.18367176299943822
999,59.126,59.12676342299983,1.881364240000039,ok,0.060085384000558406,0.02305387640505695,0.18383264400017651
1000,59.429,59.42939694800043,2.0794037510004273,ok,0.06340453600023466,0.025518667594940182,0.18387059699944075
1001,59.655,59.65571553799964,2.2070637820006596,ok,0.06462444200042228,0.02711914189873098,0.1839585879997685
1002,59.756,59.756373862000146,2.1689114989994778,ok,0.10640212399994198,0.026107347455694298,0.18365386000004946
1003,59.807,59.807974414000455,2.1173778069996843,ok,0.05774743599977228,0.026071063784807915,0.1837441569996372
1004,60.101,60.10135496699968,2.4220117370005028,ok,0.06273130400040827,0.029863980924047507,0.18446513199978654
1005,60.227,60.22799651399964,2.4792133580003792,ok,0.101463318000242,0.03009782425316546,0.18462684200039803
1006,60.278,60.278968513999644,2.428738219000479,ok,0.09214183800031606,0.029576895240500597,0.18445647499993356
1007,60.303,60.30404952899971,2.4037608380003803,ok,0.10841491800056247,0.02905479762024628,0.18447554700014734
1008,60.328,60.32954910599983,2.3783316150002065,ok,0.12460060000012163,0.02852803965822515,0.18447512600050686
1009,60.404,60.40435894100028,2.302763889999369,ok,0.05278631599958317,0.028480338265822705,0.18462895499942533
1010,60.554,60.554646796999805,2.3779884360001233,ok,0.10944515100072749,0.028715388303795938,0.18447854799978813
1011,60.605,60.60604388600041,2.32666321600027,ok,0.09988635100035026,0.02818683710125996,0.1844791699995767
1012,60.655,60.65556298699994,2.27720984699954,ok,0.053776193999510724,0.028144536797471913,0.1844798809997883
1013,60.756,60.75653783500002,2.255218504000368,ok,0.10956992400042509,0.02715971936708275,0.1844686679996812
1014,60.807,60.8090227319999,2.203316101999917,ok,0.06001390099936543,0.027130156645571217,0.1844789890001266
1015,61.076,61.07642698299969,2.7282193369992456,ok,0.07116184400001657,0.033633296962025154,0.18445053999948868
1016,61.151,61.15177652800048,2.684951559000183,ok,0.10384519299987005,0.03267200849366625,0.18448184899989428
1017,61.177,61.17804862000048,2.658887720999701,ok,0.11938723799994477,0.03214534721519158,0.18456869900001038
1018,61.202,61.2024064899997,2.6339637459996084,ok,0.09498944799997844,0.03213858370885577,0.18447413599915308
1019,61.252,61.25228857399998,2.5841480000008232,ok,0.047965726000256836,0.032103374443044855,0.18447537400061265
1020,61.353,61.3541620900005,2.6011804340005256,ok,0.10361893400022382,0.03161435200000378,0.18457267000030697
1021,61.379,61.379530522000096,2.5759391659994435,ok,0.08132104800006346,0.031577248139231566,0.18456986799992592
1022,61.504,61.504273208000086,2.51379335799993,ok,0.06011570800001209,0.03105885675949473,0.18459896199965442
1023,61.579,61.57961714799967,2.6090629600003012,ok,0.07300710900017293,0.03210164658228194,0.1845983309995063
1024,61.68,61.680727324000145,2.7398724089998723,ok,0.07823711199944228,0.03369125636709214,0.18464120399949024
1025,61.756,61.75666682100018,2.736138334000316,ok,0.07273054200049955,0.03371368627847891,0.18464202499944804
1026,62.05,62.05049237300045,2.9526685689997976,ok,0.10878636699999333,0.03599817958227596,0.1845735330007301
1027,62.101,62.102211991999866,2.9012145630003943,ok,0.09815376999995351,0.035481522582283764,0.18457177900017996
1028,62.126,62.12698512600036,2.8765710870002295,ok,0.0777818490005302,0.035427501139231855,0.18457029199998942
1029,62.202,62.20259571800034,2.8732157140002528,ok,0.11253829499946733,0.03494510278481737,0.14505469000050653
1030,62.227,62.227153638000345,2.8486010530004933,ok,0.1290739770001892,0.034424190265827416,0.14265478600009374
1031,62.278,62.27882977900026,2.7964316079996934,ok,0.11873054199986655,0.033894739417715015,0.1427702170003613
1032,62.328,62.32932889099993,2.746287396000298,ok,0.10981932700087782,0.03337276235442569,0.14268222699956823
1033,62.379,62.379427472000316,2.695762459999969,ok,0.062869201000467,0.03332739889873078,0.14276864799921896
1034,62.504,62.504474716000004,3.0923734369998783,ok,0.11525933199936844,0.03768463748101452,0.26962286299931293
1035,62.529,62.52959246899991,3.067526669000472,ok,0.09358275200065691,0.037644631822780564,0.2695887239997319
1036,62.756,62.75622169300004,3.1456451489993924,ok,0.10747289099981572,0.03845754313923966,0.26960245999998733
1037,62.781,62.78279692199976,3.1191417809995983,ok,0.08392026499950589,0.038420326126585296,0.2696025900004315
1038,63.0,63.00079856499997,3.2457461410003816,ok,0.06707100099993113,0.04023598177215568,0.26961497100001
1039,63.07599999999999,63.07808081999974,3.2451283420004984,ok,0.10068724100074178,0.03980278715189803,0.26945489100035047
1040,63.101,63.101890279000145,3.221011270999952,ok,0.11827759499919921,0.03927470772152124,0.2694520510003713
1041,63.150999999999996,63.15170849500009,3.171664076000525,ok,0.07161028399968927,0.03924097918987379,0.2695930870004304
1042,63.227000000000004,63.227534016999925,3.2186460670000088,ok,0.10826065999935963,0.03937163725316203,0.2695963199994367
1043,63.278000000000006,63.27912640900013,3.167399171999932,ok,0.09757967499990627,0.038858246924041565,0.26960548300030496
1044,63.303,63.30412372000046,3.1425014289998217,ok,0.11349293800049054,0.03834168946834808,0.26958849399943574
1045,63.352999999999994,63.35500794699965,3.0912492630004635,ok,0.06567185299991252,0.038298141746837024,0.26959898699988116
1046,63.45399999999999,63.45455777500047,3.1442423540001982,ok,0.11150451999947109,0.03838876806330058,0.26958346200080996
1047,63.479,63.480389751000075,3.1185025539998605,ok,0.08920631500041054,0.0393411790129856,0.26960440000038943
1048,63.504000000000005,63.50426519699977,3.0947829389997423,ok,0.0652975820003121,0.03834758288607352,0.2695884169997953
1049,63.629999999999995,63.631952280000405,3.11827688700032,ok,0.10941131999970821,0.0380867058227845,0.2695892179999646
1050,63.655,63.656093779,3.0938581579994207,ok,0.12826542999937374,0.037538927835445476,0.26959253800032457
1051,63.706,63.70709463900039,3.0427172070003508,ok,0.08028668600036326,0.03749876472151691,0.2695925059997535
1052,63.831999999999994,63.83247574300003,3.088494353999522,ok,0.07542406799984747,0.03813979670886061,0.269593924000219
1053,64.025,64.0253201380001,3.0562518070000806,ok,0.10384919799980707,0.03737197774683674,0.26959840699964843
1054,64.05,64.05058173399993,3.03076770700045,ok,0.08096980600021197,0.03733889908860736,0.2695936869995421
1055,64.126,64.1268828860002,2.9722300210005415,ok,0.1029739330006123,0.036319410354424896,0.26959307200013427
1056,64.151,64.15174740600014,2.947534527999778,ok,0.0816163850004159,0.03627722689872849,0.2695965899993098
1057,64.177,64.17760728299982,2.921735706000618,ok,0.05572387600022921,0.03627843979746656,0.26959979300045234
1058,64.227,64.22759111800042,2.9275608680000005,ok,0.10093038300055923,0.035779759265822095,0.2695538799998758
1059,64.278,64.27861986500011,2.877189344000726,ok,0.052655492000667437,0.036681985844150805,0.26960190200043144
1060,64.328,64.32816837500013,2.9286458890001086,ok,0.06021695599974919,0.03630892545570072,0.2696011779999026
1061,64.404,64.40533323599993,2.9372776330001216,ok,0.07044977700024901,0.0362885969873361,0.26960335400053737
1062,64.504,64.50484932499967,2.9434693169996535,ok,0.07359445499969297,0.03632713655696523,0.269571267000174
1063,64.579,64.57964126000024,2.899959360000139,ok,0.10939195999981166,0.0353233247974746,0.2695896889999858
1064,64.63,64.63023956600045,2.850015579000683,ok,0.10034331100087002,0.034805609531643696,0.2695951019995846
1065,64.655,64.65567641500002,2.8243420539993167,ok,0.0779732029996012,0.034763934101267546,0.26959638300013467
1066,64.781,64.78213052899991,2.857859045000623,ok,0.07091730400043161,0.03527743029113895,0.26989165600025444
1067,64.857,64.85723819299983,2.8990115209999203,ok,0.07352288799938833,0.035765259683552056,0.26989304000017
1068,65.0,65.00115958399965,2.9291148299998895,ok,0.1135191469993515,0.035639970291148404,0.2697246650004672
1069,65.05,65.05054130099961,2.879807585999515,ok,0.1048933809997834,0.03512529746835235,0.26972817000023497
1070,65.101,65.102151477,2.8284722219996183,ok,0.0565223559997321,0.03508773197468663,0.2697314669994739
1071,65.177,65.17779412300024,2.79999110099925,ok,0.1089114199994583,0.03494875840259466,0.23037295599988283
1072,65.227,65.22763219599983,2.7504477379998207,ok,0.10150780999993003,0.033530623708867106,0.18795653899996978
1073,65.252,65.25257657899965,2.725639002999742,ok,0.11823388099946897,0.034765180506668304,0.14702046699949278
1074,65.278,65.27846280700032,2.699857915999928,ok,0.09231293500033644,0.03300669451898643,0.14702107300036005
1075,65.303,65.30391690800025,2.6744608499993774,ok,0.10894538199954695,0.033318191870125996,0.1470217699998102
1076,65.328,65.32884325000032,2.6496186430003945,ok,0.12617764500009798,0.03194211651898973,0.14702462599962018
1077,65.353,65.35372848299994,2.62480180700004,ok,0.10132510400035244,0.031942560898734214,0.14703813300002366
1078,65.404,65.40501863500049,2.5735650279993934,ok,0.05295014999956038,0.031906351316460524,0.14703977200042573
1079,65.454,65.45465826100008,2.53626358099973,ok,0.10067224500016891,0.03247422782666642,0.1470150899995133
1080,65.504,65.50524374900033,2.4861984819999634,ok,0.05315769499975431,0.0307977579873468,0.14701886600050784
1081,65.579,65.57960667000043,2.459031293999942,ok,0.07520125699920754,0.030174746050634676,0.14701960900038102
1082,65.68,65.68090481299987,2.405704703000083,ok,0.07121909099987533,0.029550115999997236,0.1470207289994505
1083,65.756,65.75632866599972,2.4445739700004196,ok,0.07241226299993286,0.030806936597400636,0.14702345200021227
1084,66.025,66.0264409399997,2.422752034000041,ok,0.1131857990003482,0.02923471912658264,0.10893188099998952
1085,66.076,66.07647785999961,2.3728664660002323,ok,0.10459395199995924,0.028712013341773163,0.10336169299989706
1086,66.126,66.12672873999963,2.3220608930005255,ok,0.09624613100004353,0.0281745005189851,0.10326510400045663
1087,66.151,66.15183209000043,2.297100435000175,ok,0.07432730300024559,0.028136159075949786,0.10314644499976566
1088,66.252,66.25283255799968,2.2455584270001054,ok,0.10932486500041705,0.027040579746829316,0.10102917500080366
1089,66.278,66.27845243499996,2.2200755569992907,ok,0.12464234599974588,0.02652424168354628,0.10097597399999358
1090,66.353,66.3532533130001,2.145796157999939,ok,0.05326469900046504,0.02648751297468302,0.10078219299975899
1091,66.429,66.42958866800018,2.11518595599955,ok,0.07443940800021664,0.026502874038953166,0.13539322499946138
1092,66.529,66.53002293600002,2.0610234320001837,ok,0.10699989899967477,0.024734151088615604,0.10102697000002081
1093,66.554,66.55554114799997,2.035767381000369,ok,0.08491330000015296,0.02469407768354888,0.10102797399940755
1094,66.756,66.75649294699997,2.1266863110004124,ok,0.1062949250008387,0.025574309632903823,0.1436825119999412
1095,66.807,66.80753206200006,2.0753055320001295,ok,0.05833647999952518,0.026194021909098163,0.14367258800029958
1096,67.076,67.07782475400018,2.0616039370006547,ok,0.11669553899992025,0.02461873653165536,0.14366803299981257
1097,67.126,67.1276038900005,2.0121936109999297,ok,0.10802824200072791,0.024103043493665564,0.1438798429999224
1098,67.177,67.17799325899978,1.9619771450006738,ok,0.06092147300023498,0.02406378845569611,0.1436765459993694
1099,67.278,67.27872345800006,1.9276578429999063,ok,0.10273623200009752,0.024332037280000805,0.1436763459996655
1100,67.303,67.30407831400044,1.9019084320007096,ok,0.08092577400020673,0.02305009843037831,0.14387331299985817
1101,67.479,67.48057215900008,2.1393390889998045,ok,0.06941089599968109,0.026201293569619904,0.2283438180002122
1102,67.554,67.55487893999998,2.1408184009997058,ok,0.06868454599953111,0.026229216582279048,0.2283599869997488
1103,67.63,67.63076143499984,2.0963872460006314,ok,0.10399479400075506,0.025219948734174286,0.22836419099985505
1104,67.655,67.65605281199987,2.0706386129995735,ok,0.08250352399954863,0.02516587251899136,0.22842600000058155
1105,67.68,67.6809952399999,2.0458997499999896,ok,0.05759019300057844,0.025821943597399588,0.22841961499943864
1106,67.781,67.78189481899972,2.0216579590005495,ok,0.1122328480005308,0.024169559784804964,0.2284179709995442
1107,67.832,67.83259675299996,1.9712650960000246,ok,0.0642219829996975,0.02413954221519586,0.2283412890001273
1108,68.076,68.07711288999963,1.9281508350004515,ok,0.10279339000044274,0.023105341468353684,0.2283419440000216
1109,68.126,68.1268425799999,1.8786722290005855,ok,0.05632120500013116,0.023067216962024045,0.22834670900010678
1110,68.379,68.379754435,1.917902117000267,ok,0.07091055599994434,0.02337929524051278,0.2284585520001201
1111,68.605,68.6066148330001,2.085251208000045,ok,0.11091570100052195,0.0249912382531633,0.2284632850005437
1112,68.63,68.63202429299963,2.0601408000002266,ok,0.1268816430001607,0.024471430455688982,0.22846202500022628
1113,68.68,68.68020868700023,2.0120182999999088,ok,0.12021380300029705,0.02394669845568698,0.2283866890002173
1114,68.731,68.73175286300011,1.9605651639994903,ok,0.07214076399941405,0.02390392458227889,0.22846302899961302
1115,69.076,69.07697442399967,1.9929143610006577,ok,0.06436921400018036,0.024411639582283415,0.2283478280005511
1116,69.202,69.20281314800013,2.16954892800004,ok,0.11179910300052143,0.026047278392404304,0.18752176899943152
1117,69.252,69.25281906199962,2.1199657729994215,ok,0.10418275899974105,0.025516051000004498,0.14552453000032983
1118,69.278,69.2790766320004,2.093160008999803,ok,0.12016992899953038,0.02497420153164817,0.13958855199962272
1119,69.303,69.30353070900037,2.0687712690005355,ok,0.09574928300025931,0.02497475924051114,0.1396276460000081
1120,69.353,69.3538534950003,2.0187671599996975,ok,0.08719977799955814,0.024450048063298237,0.13963367700034723
1121,69.379,69.37922983600038,1.9931933409998237,ok,0.10338734299966745,0.02392141348101649,0.13963249099924724
1122,69.404,69.40450021299966,1.9680479389999164,ok,0.08118313700015278,0.023884174556965437,0.13963115099977585
1123,69.554,69.55510983899967,1.9088449949995265,ok,0.10434121399975993,0.02284157127848365,0.13963338599933195
1124,69.579,69.57971971400002,1.8837286160005533,ok,0.08307190499999706,0.02279276769620739,0.13956548599981033
1125,70.076,70.0769553099999,1.953410463000182,ok,0.10781538799983537,0.023361623810137355,0.13963641000009375
1126,70.101,70.1011622470005,1.9292733829997815,ok,0.08694764000028954,0.023320376405064066,0.139638792000369
1127,70.126,70.12710812800015,1.9034127679997255,ok,0.061032446999888634,0.02332072739240106,0.13970420500027103
1128,70.328,70.32811557399964,2.080764858999828,ok,0.1099417639998137,0.02494676953164678,0.10300164399995992
1129,70.379,70.38084537400027,2.028102797000429,ok,0.09886176800046087,0.024420570518981825,0.10300227900006576
1130,70.429,70.4295241789996,1.9798384180003268,ok,0.05317317600020033,0.024387932746839962,0.10302478299945506
1131,70.479,70.47930017500039,1.9448543480002627,ok,0.05974695500026428,0.023861829518979524,0.1030258649998359
1132,70.605,70.60547296999994,1.953678322000087,ok,0.06810508299986395,0.02386769305062847,0.10296897199987143
1133,70.68,70.68076213699987,2.117579839999962,ok,0.06754500500028371,0.02594949997468506,0.1853131090001625
1134,70.807,70.80793003600047,2.082591799000511,ok,0.07457770200016967,0.025417242101267924,0.18528695599979983
1135,71.05,71.05097122300049,2.0421060990001934,ok,0.11272729099982826,0.024422165012662003,0.18528821300060372
1136,71.076,71.07660171299995,2.016574727000261,ok,0.09036621100040065,0.024382181569619,0.18542575399987982
1137,71.177,71.17714981300014,1.986607943999843,ok,0.10105838800063793,0.024487300753243253,0.18527287899996736
1138,71.202,71.20301075400039,1.9608178029993724,ok,0.07853083800000604,0.023826212265818488,0.18526852899958612
1139,71.227,71.22738191099961,1.9367414230000577,ok,0.05419115499989857,0.023829526708854982,0.18526864700015722
1140,71.278,71.27829571100028,1.9458188530006737,ok,0.05894833700040181,0.023884101405063213,0.1852689739998823
1141,71.554,71.5544277580002,2.130225173999861,ok,0.10317377899991698,0.02565850420253384,0.18853008800033422
1142,71.579,71.57979554099984,2.1049619570003415,ok,0.08125670100071147,0.025616309620251937,0.18853167399993254
1143,71.605,71.60572551400037,2.079093530999671,ok,0.055361105999509164,0.025616667683549813,0.188532645000123
1144,71.781,71.78159560699987,2.1272219659995244,ok,0.05994346699935704,0.026167732303799277,0.18863049100036733
1145,72.076,72.07663272199989,2.3883001300000615,ok,0.10805316700043477,0.0288635413291121,0.18848414499916544
1146,72.101,72.10197185400011,2.363524641999902,ok,0.08568149300026562,0.028833031139238532,0.18863863699971262
1147,72.202,72.20286559600027,2.3496035629996186,ok,0.11281425000015588,0.028313459037972395,0.18866699199952564
1148,72.227,72.2280504979999,2.3247801429997708,ok,0.1295496610000555,0.02778745896201927,0.18853002699961507
1149,72.252,72.25294157400003,2.2999488479999854,ok,0.10468806500011851,0.027787897265821076,0.1885282580005878
1150,72.278,72.27859293199981,2.2743692979993284,ok,0.08192208099990239,0.027752313113926938,0.18852832300035516
1151,72.429,72.4294954549996,2.518826612000339,ok,0.066055428999789,0.031047387417718803,0.1916140510002151
1152,72.554,72.55442061200029,2.5111043219994826,ok,0.09813273100007791,0.030543221316454233,0.19161420599994017
1153,72.605,72.60558059499999,2.460122434999903,ok,0.08842593400004262,0.030021290240509625,0.19160811100027786
1154,72.63,72.63026760100001,2.434596344000056,ok,0.10533578600006877,0.029483927607589642,0.19178534500042588
1155,72.655,72.6557390099997,2.409194612000647,ok,0.12182026900063647,0.028953891303795967,0.1916889229996741
1156,72.706,72.70623046200035,2.3593814209998527,ok,0.07449260700013838,0.028922432392403295,0.19161794999945414
1157,73.101,73.10211573299966,2.601879915999234,ok,0.10171284599982755,0.03164733427848095,0.19161677100055385
1158,73.126,73.12776983399999,2.5755350540002837,ok,0.07957543500015163,0.0315940667974649,0.19142549899970618
1159,73.353,73.35371070699966,2.565595707999819,ok,0.10418122199916979,0.03115693683544641,0.1914622029999009
1160,73.404,73.4042254140004,2.5150007020001794,ok,0.09518619800019223,0.0306301671518921,0.1914671120002822
1161,73.429,73.42973873099982,2.489962999999989,ok,0.11253716300052474,0.03009375463290458,0.1914728350002406
1162,73.479,73.48011501499968,2.4392613170002733,ok,0.1053317470004913,0.029543213126584582,0.19151086199963174
1163,73.504,73.50463425100043,2.414801746000194,ok,0.08531630899960874,0.029486964367088492,0.1911366820004332
1164,73.529,73.5297351930003,2.3900622800001656,ok,0.06024996399992233,0.0294910944936718,0.19107348599936813
1165,73.756,73.75705805300004,2.367805383999439,ok,0.11570913099967584,0.028507177886079066,0.1912546020002992
1166,73.807,73.80721524599994,2.317824843999915,ok,0.06858293500044965,0.028471207012651437,0.19114603100024397
1167,74.05,74.05025573500006,2.6115698869998596,ok,0.10718566899959114,0.03170084179747173,0.2267810899993492
1168,74.101,74.10189656700004,2.560131451000416,ok,0.09772294600043097,0.0311695243037919,0.2267716999995173
1169,74.126,74.12661163499979,2.5348968669995884,ok,0.11482022400014102,0.030633282202525383,0.22685481999997137
1170,74.151,74.15175553399968,2.5098377809999874,ok,0.08971887600000628,0.03063420441771938,0.22685242399984418
1171,74.177,74.1776781260005,2.484424251000746,ok,0.06665216000055807,0.030604519075944765,0.22677402299996174
1172,74.278,74.27817231500012,2.4461812109993843,ok,0.10926414099958492,0.029580844101266986,0.2268520659999922
1173,74.328,74.32901677300015,2.3957899299994097,ok,0.09924084899921581,0.029069952594943948,0.2267797349995817
1174,74.379,74.37976353900012,2.344947515000058,ok,0.051468016000399075,0.02903098774683563,0.22678042799998366
1175,74.479,74.48042564600019,2.325020438000138,ok,0.11172924600032275,0.02801614074683763,0.22678289400028007
1176,74.504,74.50463967199994,2.301031742000305,ok,0.1305070769994927,0.027474785189882868,0.22682910700041248
1177,74.554,74.55488299999979,2.2504637060001187,ok,0.12690551800005778,0.026880219316451615,0.22685449400069047
1178,74.579,74.57979007199992,2.225935612000285,ok,0.10196050699960324,0.02688557250633183,0.22685201999956917
1179,74.605,74.60640599199996,2.1993709799999124,ok,0.1173914290002358,0.02635399806329104,0.22677585799920053
1180,74.63,74.63053307599967,2.1753292040002634,ok,0.09323075100019196,0.02635550291139409,0.22685808900041593
1181,74.655,74.65538050099985,2.1496343179996984,ok,0.0717157799999768,0.0263024295316404,0.22679185400011193
1182,74.731,74.73128219099999,2.1033232939998925,ok,0.06968633299948124,0.025741939531651006,0.22677614399981394
1183,74.807,74.80717880799966,2.098786912999458,ok,0.10571826599971246,0.02522836649366789,0.22689450799953192
1184,74.857,74.85817417900034,2.0479035070002283,ok,0.05782096199982334,0.0251907120000051,0.22689191400058917
1185,75.0,75.00058756700037,2.0585520660006296,ok,0.0657616059997963,0.025224873645578256,0.22689231599997584
1186,75.227,75.2274117500001,2.2721764730003997,ok,0.11096786300004169,0.02735673840506243,0.22694854299970757
1187,75.252,75.25341393300005,2.246247186999426,ok,0.12592634199972963,0.02683930715189674,0.22694937999949616
1188,75.328,75.32905118500003,2.170816638999895,ok,0.053308772000491444,0.026803709379743815,0.22695277699949656
1189,75.404,75.40465640399998,2.140867934999733,ok,0.10555165599998872,0.025762814835443466,0.22685542500039446
1190,75.429,75.43077229800019,2.115261983999517,ok,0.08234066599925427,0.02573294387342155,0.22694951899939042
1191,75.554,75.55616654799996,2.2285853809999026,ok,0.06006046599941328,0.027449333177219735,0.2269532000000254
1192,75.63,75.63044320900008,2.2414543359991512,ok,0.07457263599917496,0.02742855575949842,0.22695399200074462
1193,75.781,75.78130454500024,2.286339362000035,ok,0.07315595099953498,0.02874227293506754,0.22695271499924274
1194,76.126,76.12704225299967,2.5781115099998715,ok,0.10922625000057451,0.03125132293670607,0.18641607199970167
1195,76.151,76.15184704800049,2.5535639950003315,ok,0.12672324899995147,0.030719244531644995,0.15298660100052075
1196,76.227,76.22891422399971,2.4768137010005375,ok,0.09118587100056175,0.030197586974673302,0.1530413509999562
1197,76.252,76.25248443800047,2.453296059999957,ok,0.10879392900005769,0.02967705806329118,0.15304308899976604
1198,76.278,76.27820214300027,2.427913601,ok,0.12432228100078646,0.029159169594935565,0.15304518599987205
1199,76.353,76.35333765999985,2.3528322849997494,ok,0.05229307199988398,0.029120555493666215,0.1531607709994205
1200,76.429,76.42936404200009,2.414799719000257,ok,0.10302884500015352,0.029262551607598077,0.1531697410000561
1201,76.454,76.4544869829997,2.3897338309998304,ok,0.08140021300005174,0.02997813629869373,0.15317578400026832
1202,76.479,76.47957105200021,2.3649474699996063,ok,0.05636943199988309,0.029221883329113022,0.15303576699989208
1203,76.832,76.83334012900013,2.47106379700017,ok,0.11274412900002062,0.02985181550633846,0.15303405099984957
1204,76.857,76.857437527,2.4472515190000195,ok,0.09232092599995667,0.029808970341773718,0.15303574900008243
1205,77.076,77.07675996600028,2.426646188999257,ok,0.06923271699997713,0.029840358189866942,0.15303716499965958
1206,77.151,77.1511841900001,2.389228082000045,ok,0.10615955800039956,0.028899334759490223,0.15304462499989313
1207,77.177,77.17774817099962,2.3627553679998528,ok,0.12244570199982263,0.028357875962027247,0.15323606899983133
1208,77.202,77.20263583399992,2.3379637279995222,ok,0.0975884239996958,0.02835899986075674,0.15323685699968337
1209,77.227,77.22761543599972,2.3130407010003182,ok,0.11404665100053535,0.0278351932784753,0.1532371149996834
1210,77.252,77.25220324099973,2.288510970000061,ok,0.08949572800065653,0.027835461860757024,0.1532373579993873
1211,77.278,77.2785801,2.2610864210000727,ok,0.06605502200000046,0.02778484888607682,0.1531605780000973
1212,77.379,77.38004835100037,2.304361966000215,ok,0.06946886800051288,0.028289458113917296,0.15323845700004313
1213,77.554,77.55460573999972,2.3837432979998994,ok,0.10690611600057309,0.028820385658220884,0.14152294299947243
1214,77.579,77.58008836099998,2.3586074939994432,ok,0.12293307499930961,0.028299394443049002,0.14152917600040382
1215,77.63,77.63083362199995,2.3079276290000053,ok,0.11679397900024924,0.02773566998734214,0.14152527199985343
1216,77.68,77.6807362010004,2.2580840310001804,ok,0.07045718700010184,0.02769130148100908,0.14152438000019174
1217,77.807,77.80742892299986,2.2097929840001598,ok,0.10413916000015888,0.026653595645567997,0.1415246719998322
1218,77.832,77.83240190600009,2.184439640000164,ok,0.08266821300003357,0.026604350784820575,0.14151683000000048
1219,78.0,78.00072237200038,2.12602892599989,ok,0.10720771200067247,0.02555436286075758,0.10536071299975447
1220,78.05,78.05064756000047,2.0766536170003747,ok,0.09944410400021297,0.02502771755695869,0.10555574099998921
1221,78.076,78.0763281239997,2.0510497120003492,ok,0.07772055200075556,0.02497865793670423,0.10555668899996817
1222,78.101,78.10164180900028,2.025879241000439,ok,0.0524395270003879,0.024979648455687137,0.10555835400009528
1223,78.151,78.15129598200019,1.9904926760000308,ok,0.09756536100030644,0.02396083529114134,0.10536287499962782
1224,78.202,78.20230513899969,1.9400444120001339,ok,0.04951736400016671,0.0239304812405091,0.10555930400005309
1225,78.429,78.42931548700017,2.2109497619994727,ok,0.07184455199967488,0.02707691675949937,0.14853779900022346
1226,78.529,78.5294285330001,2.197724455999378,ok,0.09964667499934876,0.026557613936715883,0.14854281899988564
1227,78.579,78.57939910300047,2.1480267549995915,ok,0.053382435999992595,0.026514200873413146,0.1487115760000961
1228,78.63,78.6302579889998,2.2125551629997062,ok,0.11466390300029161,0.026555261658220936,0.14854328199999145
1229,78.68,78.6809568259996,2.1619254940005703,ok,0.10989415100084443,0.025974875050624062,0.14854401200045686
1230,78.706,78.7069862999997,2.1360228749999806,ok,0.08728261800024484,0.02593322868354254,0.1485467749998861
1231,78.832,78.8324425259998,2.1184502349997274,ok,0.06754149399966991,0.02596052103797751,0.14854387500054145
1232,79.151,79.15175637599987,2.193679663000694,ok,0.09993616000065231,0.02650285339240315,0.1485482329999286
1233,79.177,79.17720729499979,2.167857713000558,ok,0.0779379780005911,0.026454319848095178,0.14854977699997107
1234,79.202,79.2022048939998,2.142927023000084,ok,0.05296917900068365,0.026454954607587854,0.14855255599923112
1235,79.429,79.43062835799992,2.494249514999865,ok,0.07434987999931764,0.030631284240509465,0.34845663600026455
1236,79.554,79.55439980200026,2.450714901999163,ok,0.1091250299996318,0.0296400536582283,0.3483686109993869
1237,79.579,79.58015712100041,2.425110121999751,ok,0.08618380100051581,0.029606415341766456,0.34835088299951167
1238,79.68,79.6805557810003,2.3737093800000366,ok,0.1155511610004396,0.02858397346835197,0.34863514799963014
1239,79.706,79.70695206799974,2.347687647999919,ok,0.09265870400031417,0.028544466582273723,0.34843665399966994
1240,79.731,79.73134481899979,2.3232329380007286,ok,0.06823554200036597,0.02854402408861403,0.3484154679999847
1241,79.807,79.80780589700043,2.315840334999848,ok,0.06464466599936713,0.02849579412658029,0.34863729900007456
1242,80.126,80.12779707000027,2.621492465999836,ok,0.10838761600007274,0.0318110973417742,0.3482733009996082
1243,80.177,80.17771590299981,2.571688037000058,ok,0.10507437300020683,0.031222758202521975,0.34840526599964505
1244,80.227,80.22812889800025,2.5215125740005533,ok,0.0962672380001095,0.030699109291140014,0.34832469499997387
1245,80.252,80.25238384099976,2.4974878419998277,ok,0.07530966499962233,0.030660251759492226,0.3483756710002126
1246,80.404,80.40496865000023,2.5340934790001484,ok,0.11184121499991306,0.030661224240512763,0.34831497100003617
1247,80.429,80.43006194900045,2.5089387090001765,ok,0.08953737599949818,0.030624999506333645,0.3482709919999252
1248,80.554,80.55419883200011,2.447585653000715,ok,0.06930630900023971,0.030104481367087356,0.3483901190002143
1249,80.655,80.65600426899982,2.451235692999944,ok,0.11155271500047093,0.029615912291141102,0.34833881400027167
1250,80.706,80.706653233,2.4007009370006926,ok,0.06424014799995348,0.029575257544313935,0.348328099000355
1251,80.781,80.78209060799963,2.3976438660001804,ok,0.10224341599951003,0.029055370949369913,0.34833406599955197
1252,80.807,80.80814974199984,2.3717587949995504,ok,0.08016883100026462,0.029007258151897433,0.34838496199972724
1253,80.832,80.83218655499968,2.347788520000904,ok,0.056101220000527974,0.02900850721518417,0.34838638400015043
1254,81.05,81.05036130000008,2.3613656930001525,ok,0.10573213500083511,0.028552128037966824,0.348502978000397
1255,81.076,81.07701840800019,2.3340081719998125,ok,0.08262798099985957,0.02849813263290781,0.3483176869995077
1256,81.101,81.10205975700046,2.3094985900006577,ok,0.05761788800009526,0.02850456917722228,0.3483859420002773
1257,81.177,81.17771931900006,2.4446083419998104,ok,0.07030643699999928,0.030054152746835157,0.34838624500025617
1258,81.379,81.37915970599988,2.4460172810004224,ok,0.10681671600013942,0.02960995849367418,0.3090967839998484
1259,81.429,81.4295332849997,2.3956989360003718,ok,0.09780282100018667,0.029087121430373234,0.26775813099993684
1260,81.479,81.47982676100037,2.344567958999505,ok,0.08916971500002546,0.028548966113922238,0.225820542999827
1261,81.504,81.50516777600023,2.3193030950005777,ok,0.10513391899985436,0.028027244734184473,0.1845379510004932
1262,81.554,81.5545642850002,2.270385511999848,ok,0.0969849429993701,0.027511178911389593,0.1465461210000285
1263,81.605,81.60621362799975,2.2187998330000482,ok,0.08680585399997653,0.02698707059492715,0.14654607600004965
1264,81.63,81.63049792200036,2.1945830320000823,ok,0.1039828769999076,0.026463116468348053,0.1465650239997558
1265,81.68,81.68076401500002,2.1445182799998292,ok,0.056531268999606255,0.026430052050629826,0.14660105499933707
1266,81.731,81.73125346800043,2.106619821000095,ok,0.06446925700038264,0.025849701898735047,0.14653881699996418
1267,82.05,82.05093833899991,2.2332114269993326,ok,0.11228956800005108,0.026846720443038204,0.14654804800011334
1268,82.076,82.07669870300015,2.207803471999796,ok,0.08981910700003937,0.026809475481013003,0.14654898600019806
1269,82.202,82.2028976190004,2.222442843999488,ok,0.10762557699945319,0.02676951115189914,0.14654853400043066
1270,82.227,82.22789663999993,2.197741590000078,ok,0.12384438000026421,0.02625157221518748,0.14654750600038824
1271,82.278,82.27842984200015,2.1473355440002706,ok,0.07635078300063469,0.026214785784805492,0.14654610699926707
1272,82.529,82.53024491799988,2.3963506800000687,ok,0.11303519900047831,0.028902345873414365,0.23251972700018086
1273,82.579,82.57940286600024,2.3476558960001057,ok,0.10649655999986862,0.028368878772152464,0.2325762130003568
1274,82.605,82.60614728600012,2.320977032999508,ok,0.12225968999973702,0.027831675696205233,0.23257388599995465
1275,82.63,82.63118484000006,2.296024283999941,ok,0.09726607399989007,0.027832210936715375,0.23259998300000007
1276,82.655,82.65548118199968,2.2717612030000964,ok,0.07553572100005113,0.02780015529114729,0.23262517500006652
1277,82.756,82.75681938900016,2.216187197999716,ok,0.10019053399992117,0.026784569949362593,0.23264845199992124
1278,82.807,82.80757493600049,2.165364550999584,ok,0.05249173799984419,0.026744917493672374,0.23264942299920222
1279,83.025,83.02519007000046,2.596482707999712,ok,0.06459749699934036,0.03204880612658507,0.23255642000003718
1280,83.101,83.10199423999984,2.54986912700042,ok,0.059600051999950665,0.03152204112658309,0.23257415399984893
1281,83.227,83.22800103400004,2.558728156000143,ok,0.06981526399977156,0.03150487944304022,0.23257198000010249
1282,83.404,83.40504565799984,2.505772952999905,ok,0.09952833899933466,0.030458561468365106,0.23257039199961582
1283,83.429,83.42934275599964,2.4810851239999465,ok,0.11515756400058308,0.02994808574683564,0.23274144799961505
1284,83.479,83.48007088299983,2.4308701800000563,ok,0.10489946100005909,0.029442458088609944,0.23257328399995458
1285,83.504,83.50422149899987,2.406296410000323,ok,0.08413522699993337,0.029394227658232484,0.23259631400014769
1286,83.605,83.60621092800011,2.3507030839991785,ok,0.07125851599994348,0.028853414202532367,0.23265080300006957
1287,84.05,84.05030440700011,2.679396547999204,ok,0.09930802299913921,0.03265900169620331,0.23270341999977973
1288,84.076,84.07686334000027,2.6529443480003465,ok,0.07705801800057088,0.03260595415190149,0.23287506100041355
1289,84.151,84.15187552000043,2.607581243999448,ok,0.11083814699941286,0.03160413750632685,0.232750125000166
1290,84.177,84.17772417099968,2.582349888999488,ok,0.08847075199992105,0.031567849493673944,0.23287459299990587
1291,84.202,84.20275203700021,2.5566333280003164,ok,0.06340504200034047,0.031559493658220805,0.23274695700001757
1292,84.278,84.27837939700021,2.511163977999786,ok,0.05968449600004533,0.03103106299999748,0.2327516020004623
1293,84.353,84.35327392799991,2.4838411499995345,ok,0.11081977199955872,0.030037944341771275,0.23275263600044127
1294,84.404,84.40449976200034,2.432890521000445,ok,0.06269341500046721,0.03000224559493774,0.23275391699917236
1295,84.63,84.63043989800008,2.4842568349995418,ok,0.10392218400011188,0.030130566481004074,0.1933623519998946
1296,84.655,84.6559725699999,2.458840794000025,ok,0.12179329300033714,0.02958269703797473,0.14997852299984515
1297,84.706,84.7062006490005,2.408118829999694,ok,0.11454177199993865,0.02903241336708227,0.14626928699999553
1298,84.731,84.73130410500016,2.382928921000712,ok,0.13071634500010987,0.028508644582283915,0.14626542200039694
1299,84.781,84.78196202500021,2.332417087999602,ok,0.12280904599992937,0.027969539075951892,0.14628370300033566
1300,84.832,84.83296449000045,2.281904392000797,ok,0.07532049200017354,0.027931210860757186,0.14631816599921876
1301,84.857,84.85806089000016,2.256696646999444,ok,0.05019375299980311,0.0279302297594883,0.14631226299934497
1302,85.0,85.00032639999972,2.2410006000000067,ok,0.11329340800057253,0.0269328100759387,0.1437884180004403
1303,85.05,85.0504616950002,2.1909243509999214,ok,0.10546974499993667,0.026397983658228704,0.1437895130002289
1304,85.076,85.07710864,2.1636826679996375,ok,0.12200895299974945,0.02584360196202466,0.14378187999955117
1305,85.101,85.10200452400022,2.1391975369997454,ok,0.09714807399996062,0.025848540430379676,0.14378718100033439
1306,85.151,85.15185012500024,2.089286963999257,ok,0.05108842099980393,0.02579974111392138,0.14379096900029253
1307,85.202,85.20261586400011,2.1106376329998966,ok,0.11138961899996502,0.02530646756962067,0.14379012400058855
1308,85.252,85.25293944300029,2.060951423000006,ok,0.06406874599997536,0.025933278740260655,0.14380933600023127
1309,85.328,85.32820163100041,2.0159613229998286,ok,0.06185691299924656,0.024735228025321382,0.14379154900052527
1310,85.404,85.40426511399983,1.9875776450007834,ok,0.11309626500042214,0.02372714707595335,0.10537883199958742
1311,85.454,85.45462258400039,1.9373109569996814,ok,0.10478125800000271,0.023196387113923172,0.09905898299984983
1312,85.504,85.50613016500029,1.885940113000288,ok,0.09489455299990368,0.022671286987352237,0.09904978000031406
1313,85.529,85.52957180399972,1.8624213120001514,ok,0.0751430430000255,0.022623593999993273,0.09905129600065266
1314,85.68,85.68280909100031,1.8978228030000537,ok,0.07199191499967128,0.023111412354433303,0.0990523469999971
1315,86.025,86.02581384699988,1.9629269300003216,ok,0.06661411099958059,0.024003594126584118,0.09905291599989141
1316,86.101,86.10262307199991,1.9170745719993647,ok,0.0630834120001964,0.02346791908859837,0.09905116699974315
1317,86.252,86.25241156300035,1.9998264890000428,ok,0.10578630400050315,0.023974866670880744,0.09905176200027199
1318,86.278,86.27838867300034,1.9740443769997,ok,0.08339940799942269,0.02393193532911419,0.09905116799927782
1319,86.303,86.30362621400036,1.9488927419997708,ok,0.05813248399954318,0.02393346402531958,0.0990734529996189
1320,86.379,86.37919465400046,2.0052561499996955,ok,0.07008262999988801,0.024495496822780724,0.09907174199997826
1321,86.454,86.45448146800027,1.9619639130005453,ok,0.10371406400008709,0.023521855202535,0.061209178999888536
1322,86.479,86.48017474500011,1.936505290000241,ok,0.11797056399973371,0.023019245151898977,0.06097490700085473
1323,86.529,86.53055054800006,1.8859969370005274,ok,0.07058803100062505,0.022979651974678803,0.06100394700024481
1324,86.605,86.60533384199971,1.8395020369998747,ok,0.07550729499962472,0.0223287065443021,0.06090568499985238
1325,86.832,86.83257903400045,1.8096514420003587,ok,0.0614673310001308,0.022128571886080667,0.06100461299956805
1326,87.0,87.00164165800015,1.7933203990005495,ok,0.0621241890003148,0.021913561481009702,0.06087257600029261
1327,87.227,87.22719729399978,1.8649579440007074,ok,0.06927502800044749,0.023320224519483856,0.12968672900024103
1328,87.404,87.40437410899995,1.9112409370000023,ok,0.11031062500023836,0.022796379177208698,0.1027055639997343
1329,87.429,87.42993439200018,1.8855462860001353,ok,0.08810912199987797,0.02275204755696444,0.10266318100002536
1330,87.454,87.45480824799961,1.860874474999946,ok,0.06326516199987964,0.022754351544307022,0.10271717500017985
1331,87.706,87.70715176700014,2.317159800999434,ok,0.07090901099945768,0.028433220354427365,0.19912942500013742
1332,87.807,87.80865511100001,2.3200185850000707,ok,0.11374620600054186,0.0279271294177214,0.19906608200017217
1333,87.857,87.85761962800007,2.2711286390003806,ok,0.06789711200053716,0.027888793227846896,0.19906394500048918
1334,88.05,88.05065658800049,2.4417386000004626,ok,0.11085762200036697,0.029504485278485395,0.1990640940002777
1335,88.101,88.10132818700004,2.391196872999899,ok,0.06307403699975112,0.02946968946835574,0.19919194100020832
1336,88.177,88.17861653599994,2.364831441000206,ok,0.11345030499978748,0.028498168569622298,0.1990635719994316
1337,88.227,88.22762349799996,2.316212034000273,ok,0.06808233600077074,0.02845706148101168,0.19906423299926246
1338,88.303,88.30389567200018,2.2706800409996504,ok,0.06431663099920115,0.02792832596202936,0.19906370300031995
1339,88.529,88.52972199499982,2.29416706199936,ok,0.06968628499998886,0.02815765788606849,0.1990626719998545
1340,88.731,88.73141278599996,2.268345092000345,ok,0.1037473209999007,0.02739963677215454,0.1990636150003411
1341,88.781,88.78200600299988,2.2178482070003156,ok,0.09684078700047394,0.02684798926582263,0.19907106800019392
1342,88.832,88.83243082799981,2.167484491000323,ok,0.050263164000170946,0.026800081620249445,0.19907219400010945
1343,89.025,89.02568574199995,2.4976312590006273,ok,0.10613037900020572,0.03027184977215452,0.310674683999423
1344,89.076,89.07692790300007,2.446454648999861,ok,0.05804901199917367,0.0302327897721579,0.3106761569997616
1345,89.252,89.2528243050001,2.5374385739996796,ok,0.10199382999962836,0.030827964873412696,0.31065030899935664
1346,89.303,89.30405811400033,2.4864652360001855,ok,0.053847737000069174,0.030792360531645673,0.31057011099983356
1347,89.353,89.35448715500024,2.4513817390006807,ok,0.05853151000064827,0.03028895027847871,0.3105863529999624
1348,89.429,89.4297600380005,2.4257495789997847,ok,0.10943541599954187,0.029319871531651522,0.3106441760000962
1349,89.454,89.45509562200004,2.4004872210007306,ok,0.12723305400049867,0.028775151784809824,0.3107336459997896
1350,89.504,89.50432220699986,2.3513563010001235,ok,0.12705471900062548,0.028155519759487026,0.31058839799970883
1351,89.529,89.52957342199988,2.3264250580004955,ok,0.10184017500068876,0.028159072291128736,0.3105913060007879
1352,89.554,89.55439100900003,2.3017980309996346,ok,0.1239788029997726,0.027567141620250056,0.31067917800010036
1353,89.579,89.58011136799996,2.2761323860004268,ok,0.10279661399999895,0.027510396430385945,0.3106805620000159
1354,89.605,89.60554217200024,2.2507992060000106,ok,0.07739510699957464,0.027511262556961097,0.3106834069994875
1355,89.68,89.68057536099968,2.2451745369999117,ok,0.11260921800021606,0.02699411275949111,0.3105928260001747
1356,89.731,89.7316747040004,2.194358352000563,ok,0.10405223300040234,0.026459314126579463,0.31066946600003575
1357,89.756,89.75705104400004,2.1695643829998517,ok,0.11950039100065624,0.025949924898726103,0.31068259099993156
1358,89.832,89.83240924700021,2.093734645999575,ok,0.04714371099998971,0.02590600439239845,0.3106705589998455
1359,90.05,90.05111951399977,2.0632832209994376,ok,0.06019056199966144,0.025355267430382765,0.3107374860001073
1360,90.177,90.17723799600026,2.237777645999813,ok,0.10934852999980649,0.026941876278479993,0.3107381429999805
1361,90.202,90.20229315699999,2.21237041600034,ok,0.08723585200004891,0.02690007191138855,0.3107342140001492
1362,90.303,90.3037290379998,2.1993696270001237,ok,0.11310366700035956,0.02640805083544215,0.310739286000171
1363,90.353,90.35411937000026,2.149052595000285,ok,0.06560655599969323,0.026372537746835945,0.31073726499926124
1364,90.429,90.42992995399982,2.1431418210004267,ok,0.06427624100069806,0.026314402367081383,0.31071728599999915
1365,90.554,90.55472373599969,2.1974371349997455,ok,0.07697504699990532,0.026840947848103484,0.31072811700050806
1366,91.05,91.05109572099991,2.5150469129994235,ok,0.1047430019998501,0.03050999955695848,0.27145313499931945
1367,91.101,91.10181009600001,2.464210075000665,ok,0.0957000500002323,0.029980947620256475,0.229799630999878
1368,91.151,91.15176109200002,2.413706659000127,ok,0.08783324700016237,0.029441059113921683,0.18773446399973182
1369,91.177,91.17806104400006,2.3880217340001764,ok,0.10355529200023739,0.028917113784804247,0.1457294659994659
1370,91.202,91.20269856699997,2.3632574960001875,ok,0.12070574500012299,0.02838649494936627,0.14556642699972144
1371,91.252,91.2521902110002,2.3140101059998415,ok,0.11281829299969104,0.027863011468358723,0.14565171100002772
1372,91.303,91.30382240800009,2.262433124999916,ok,0.10254874200018094,0.027340137392399547,0.14567707300011534
1373,91.353,91.35362845100008,2.211949640000057,ok,0.055805841999244876,0.027292725379751734,0.14540523899995605
1374,91.504,91.50515319700025,2.1829169399998136,ok,0.11158295600034762,0.026219079772148043,0.14572119799959182
1375,91.554,91.55423526100003,2.134118302000388,ok,0.10299885800031916,0.025710133772146853,0.14570300000013958
1376,91.579,91.57948840399968,2.1090837159999865,ok,0.0810623339993981,0.025670942392405523,0.14571694000005664
1377,91.857,91.85798301700015,2.1744030100007876,ok,0.06945477400040545,0.02664459654430244,0.1457191250001415
1378,92.126,92.12619985099991,2.4349581229998876,ok,0.1136813399998573,0.02938306653165075,0.1457131830002254
1379,92.151,92.15184091300034,2.409258695999597,ok,0.12936793100016075,0.0288591705949341,0.14572120599950722
1380,92.227,92.2271665850003,2.333587747999445,ok,0.05733453699940583,0.028812976746837506,0.14570082099999127
1381,92.278,92.2785427130002,2.297511540999949,ok,0.10044500200001494,0.02781065675949494,0.1457094320003307
1382,92.328,92.32872525000039,2.247433722999631,ok,0.05340505299955112,0.027772313556967295,0.1458055900002364
1383,92.404,92.40470670800005,2.217769988999862,ok,0.06602076699982717,0.027237004974682073,0.145804966000469
1384,92.504,92.50513269600015,2.1800715059998765,ok,0.1078102299998136,0.026230817354431404,0.1458428139994794
1385,92.529,92.52942238699961,2.1558663410005465,ok,0.08664112800033763,0.026192506594938256,0.14584429200021987
1386,92.63,92.63030635900031,2.1008925579999413,ok,0.07430794700030674,0.025652607468353242,0.14579962700008764
1387,92.756,92.75644197499969,2.0919635510008447,ok,0.06776235000052111,0.025622459430382195,0.1458640769997146
1388,93.0,93.00063338699965,2.092741387999922,ok,0.10511974699966231,0.025159519594932202,0.14586540300024353
1389,93.025,93.02624463499978,2.0673114380006155,ok,0.12031338300039351,0.02464532835442754,0.1458848720003516
1390,93.101,93.10176321299969,1.991022327999417,ok,0.04780992899941339,0.024597242037975486,0.1458015879998129
1391,93.227,93.22863211500044,2.0168233209997197,ok,0.07314415400014695,0.024603207012648766,0.1458032650007226
1392,93.353,93.35367588700046,2.0972867430000406,ok,0.10671010699934413,0.025196851645576522,0.10644830599994748
1393,93.379,93.38061072900018,2.070626626000376,ok,0.12082088400075008,0.02468089817720963,0.10254675800024415
1394,93.454,93.4543316649997,1.9968416530000468,ok,0.08830602599937265,0.02415848824050413,0.10254738599996926
1395,93.479,93.47961641700022,1.9714738630000284,ok,0.06621183200059022,0.024117037075944908,0.10254640499988454
1396,93.756,93.75689775499995,2.1822987369996554,ok,0.10419312500016531,0.02630490964556769,0.10402833700027259
1397,93.807,93.8073784320004,2.131890773000123,ok,0.0961328470002627,0.02576889329113236,0.10408236199964449
1398,93.832,93.83267835599963,2.105829359999916,ok,0.07431190099941887,0.02571480853164965,0.10417701699952886
1399,93.857,93.85765402000015,2.0809342649999962,ok,0.04937374499968428,0.025715744734181405,0.10414873399986391
1400,94.025,94.02675243900012,2.090916097000445,ok,0.09991050100052234,0.0252022631772048,0.10412318599992432
1401,94.076,94.07695722500011,2.0410056629998508,ok,0.052977690000261646,0.025164679430383353,0.10425173400017229
1402,94.126,94.12630794800043,2.045113247999325,ok,0.060053956999581715,0.02512694887342219,0.10423110900046595
1403,94.202,94.20259512600023,2.138333715999579,ok,0.07305751199965016,0.026142420759495945,0.1040256659998704
1404,94.379,94.37935599100001,2.172934449999957,ok,0.10332936200029508,0.02619713915189521,0.10404663999997865
1405,94.429,94.42917753199981,2.1235465640002076,ok,0.05628295499991509,0.02616764781012972,0.10402023899951018
1406,94.479,94.48020682700007,2.087706167999386,ok,0.062435840999569336,0.025636058227847352,0.1040181450007367
1407,94.781,94.78213806399981,2.174739992000468,ok,0.06789017800019792,0.0266686449620212,0.10401483199984796
1408,95.025,95.02602664400001,2.297663010999713,ok,0.10650053800054593,0.027735924835436476,0.13826101700033178
1409,95.05,95.05163060799987,2.2721596589999535,ok,0.08420628999920154,0.027695410962028117,0.138171264000448
1410,95.227,95.22866255700046,2.3855212959997516,ok,0.11272782699961681,0.028769327898737197,0.1417515180000919
1411,95.252,95.25229802499962,2.36102185099935,ok,0.13061646799997106,0.028232632240498694,0.14142616699973587
1412,95.278,95.2796045390005,2.3342368089997763,ok,0.10335920800025633,0.02823868294936928,0.14176763500017842
1413,95.303,95.30367362600009,2.310242315999858,ok,0.08236690499961696,0.028200761392407556,0.14180775699969672
1414,95.454,95.4547240640004,2.338686033000158,ok,0.10444379700038553,0.028281137265815843,0.14141767999990407
1415,95.504,95.50500497299981,2.288507538999511,ok,0.09711340200010454,0.027738628113920756,0.14175602100021933
1416,95.529,95.52958364700044,2.2642667519994575,ok,0.07554380799956562,0.027705112873424892,0.14183753199995408
1417,95.731,95.7311000640002,2.217569394999373,ok,0.11494620699977531,0.026615144341766483,0.14184295999984897
1418,95.781,95.78132456700041,2.1675376960001813,ok,0.10531099600029847,0.026103931000001974,0.14175150699975347
1419,95.832,95.83275080899966,2.1161784960004297,ok,0.056671651999749884,0.026069524316455178,0.14177786100026424
1420,96.0,96.00034337499983,2.130032681000557,ok,0.06918498600043677,0.026763938077923054,0.1417574319993946
1421,96.101,96.10175615099979,2.1336109099993337,ok,0.1088376679999783,0.025629692392405697,0.14184586699957435
1422,96.126,96.12665081399973,2.108788884000205,ok,0.12475211600030889,0.025114175113921642,0.14184712400037824
1423,96.177,96.17813628699969,2.057581847999245,ok,0.07660353599931113,0.025075422291143994,0.1418496940004843
1424,96.278,96.27894850699977,2.0431588730007206,ok,0.10082644800058915,0.02458623005063428,0.14177964400005294
1425,96.328,96.32828531300038,1.9931548220001787,ok,0.05462605199954851,0.024538019468355408,0.14183730100012326
1426,96.404,96.40501363400017,2.0036393310001586,ok,0.06830611500026862,0.02449748246835031,0.14186126999993576
1427,96.579,96.57946620999974,1.9705724440000267,ok,0.1133556029999454,0.023508854139240438,0.14187666100042406
1428,96.605,96.60569898999984,1.9442279329996381,ok,0.09006248599962419,0.023470063050635988,0.1418694920002963
1429,96.756,96.75623601300049,2.0095413770004598,ok,0.0748135829999228,0.02448989203797662,0.14187425799991615
1430,97.086,97.08645563899972,2.208346148000601,ok,0.1041413230004764,0.026635294379738748,0.141880017999938
1431,97.115,97.1160743219998,2.1786179620003168,ok,0.11508166100065864,0.026120443822785805,0.14188261100025557
1432,97.144,97.14517910300037,2.1491080879995934,ok,0.0859297119995972,0.02611581305063737,0.14188481600012892
1433,97.173,97.17330269000013,2.121061376000398,ok,0.06072407400006341,0.026079992531650314,0.1418875310000658
1434,97.23,97.23074510599963,2.123959069999728,ok,0.05950540300000284,0.026131977569611647,0.14189085199996043
1435,97.402,97.4024591260004,2.3492066239996348,ok,0.10877472100037267,0.028359432139236734,0.14417777499966178
1436,97.46,97.46056436199979,2.290557314999205,ok,0.09101081199969485,0.027841868392402554,0.14443312100047478
1437,97.488,97.488992521,2.2622447430003376,ok,0.10296904499955417,0.027332232949367055,0.14441948000057891
1438,97.517,97.51749383399965,2.2343722810001054,ok,0.0774641360003443,0.02730225393670365,0.14416427100059082
1439,97.661,97.66212294900015,2.3059922709999228,ok,0.10877617499954795,0.027812381658229322,0.1441653239999141
1440,97.719,97.71921725900029,2.24918741700003,ok,0.05546176900043065,0.0277684050253143,0.1442987649998031
1441,98.029,98.02970640700005,2.30148436699983,ok,0.06815939599982812,0.028269407189868558,0.14416914699995687
1442,98.115,98.11582394800007,2.3449999320000643,ok,0.06970391100003326,0.028800688025316785,0.14429527399988729
1443,98.23,98.23212408699965,2.3467189169996345,ok,0.0724448310002117,0.028787930177207308,0.14429735599969717
1444,98.316,98.31676589400013,2.380416310000328,ok,0.06000935700012633,0.02937172822784524,0.14433172100052616
1445,98.546,98.54696268400039,2.4876098620006815,ok,0.07432983900071122,0.03054748743037451,0.1449680139994598
1446,98.632,98.632486513,2.4340698299993164,ok,0.06138509699940187,0.030033645987346005,0.14498785400064662
1447,98.69,98.69085643899962,2.407542117999583,ok,0.11492947599981562,0.029019907405061624,0.14482013399992866
1448,98.747,98.74745326599987,2.35115789000065,ok,0.06161721100033901,0.028981127189869272,0.1448979060005513
1449,99.0,99.00044187900039,2.488450372999978,ok,0.10552549099975295,0.030163085772154416,0.14476339199973154
1450,99.058,99.05905428799997,2.4300673689995165,ok,0.04979041299975506,0.030129712860763925,0.14486247200056823
1451,99.115,99.11605440200037,2.4047628099997382,ok,0.10344764499950543,0.029130146291139726,0.1448641389997647
1452,99.173,99.1739632079998,2.3460327160000816,ok,0.04841266299990821,0.029083254392401302,0.1449701620003907
1453,99.23,99.23059989900048,2.3220227050005633,ok,0.10359051799969166,0.028081140455699975,0.14492471300036414
1454,99.287,99.28728724299981,2.2645015640000565,ok,0.05017924399999174,0.028028913227853416,0.1449692820006021
1455,99.373,99.37393093399987,2.242267689000073,ok,0.10939893100021436,0.02699813811391956,0.14493712700004835
1456,99.402,99.40244731700022,2.21392770500006,ok,0.12242542100011633,0.02647451455695888,0.14506481300031737
1457,99.46,99.46074369400048,2.154534495999542,ok,0.10662668399982067,0.025922403164558194,0.14497140799994668
1458,99.488,99.4885525489999,2.1275139640001726,ok,0.08245765500032576,0.025886490379751288,0.1448589470001025
1459,99.517,99.51763828599996,2.0986188369997762,ok,0.053402976999677776,0.025888626506330874,0.14495191400055774
1460,99.575,99.57523182299974,2.11200778500006,ok,0.10718461999931606,0.025377179873419066,0.14438628399966547
1461,99.632,99.63315169100042,2.0542110579999644,ok,0.05212198699973669,0.02534269500000259,0.14509216700025718
1462,99.776,99.77682007400017,2.0982721440004752,ok,0.0981337680004799,0.025317658784808395,0.14504613799999788
1463,99.804,99.80487214999994,2.0703551360002166,ok,0.11057407899988902,0.024806965354435283,0.14504726500035758
1464,99.833,99.83391512900016,2.0420623039999555,ok,0.08478472899969347,0.024775411303795132,0.14511597699947743
1465,100.144,100.14508055900023,1.981947171999309,ok,0.102048795999508,0.023795912556965094,0.145116916999541
1466,100.173,100.17382092099979,1.9525394320007763,ok,0.07636775000082707,0.023748513670881627,0.14504598300027283
1467,100.316,100.31664780099982,2.0257668200001717,ok,0.10688454199953412,0.02428915801266169,0.14504371900056867
1468,100.373,100.37319319800008,1.9693793400001596,ok,0.05356677199961268,0.024250341632909157,0.14504403299997648
1469,100.517,100.51824746700004,2.0562215030004154,ok,0.10321859099985886,0.024721131506328077,0.14504493099957472
1470,100.546,100.54623048899975,2.0275294110006143,ok,0.07868313700055296,0.02466837979746639,0.1450441810002303
1471,100.632,100.63309605199993,2.0111404850003964,ok,0.10490842800027167,0.02412917606328893,0.10538207799982047
1472,100.69,100.69107440900007,1.9532377770001403,ok,0.08877007999944908,0.023600634708865198,0.09947026200006803
1473,100.719,100.719638046,1.9247390809996432,ok,0.10193626699947345,0.023073252949364395,0.09946982299970841
1474,100.776,100.77665620700009,1.8677895230002832,ok,0.04864273500061245,0.023026961835437506,0.0994709939996028
1475,101.086,101.08655648599961,1.9567140960007237,ok,0.06730349600002228,0.023916121227856923,0.09947465300047043
1476,101.23,101.23069280100026,1.9210705659997984,ok,0.11588319700058491,0.02284997536708609,0.060255566000705585
1477,101.287,101.28797063500042,1.863957415999721,ok,0.06160390299919527,0.022814215936716807,0.06030005800039362
1478,101.345,101.34609416199964,1.8206722190006985,ok,0.0610394860004817,0.022273542278480243,0.060346585999468516
1479,101.604,101.60478841700024,1.7604771540000002,ok,0.06495184000050358,0.021461880063287923,0.060394606000045314
1480,101.719,101.71959440899991,1.7160835910008245,ok,0.06911888800004817,0.02084729516456166,0.06027766699935455
1481,101.804,101.8054186749996,1.6726687489999676,ok,0.07171465500050545,0.0202649061898746,0.060356566999871575
1482,102.115,102.115621508,1.7698015649993977,ok,0.10407943100017292,0.021084720620244378,0.06038590699972701
1483,102.144,102.14429623500018,1.741296422999767,ok,0.07842286099912599,0.021048786392407526,0.06038870000065799
1484,102.23,102.23093106600027,1.682453094000266,ok,0.06387293599982513,0.020488034177221,0.06039567599964357
1485,102.345,102.34539712900005,1.639172058999975,ok,0.10556865299986384,0.019412446379750623,0.06026947900045343
1486,102.373,102.37359681900034,1.611072370000329,ok,0.08093404500050383,0.01936863518987386,0.060270225999374816
1487,102.402,102.40250763699987,1.581607977999738,ok,0.05194287699941924,0.01936248578481412,0.0602452209996045
1488,102.488,102.48825852600021,1.5512862289997429,ok,0.06846431299982214,0.018769536177214947,0.06024563299979491
1489,102.575,102.57617562900032,1.5884329930004242,ok,0.06938085799993132,0.01922812765822735,0.06024644700028148
1490,102.69,102.69029042399961,1.5862344339993797,ok,0.10576966299959167,0.01873934030379443,0.05802165599925502
1491,102.747,102.74738069900013,1.5295214699999633,ok,0.051612258999739424,0.01870747549367744,0.058086621000256855
1492,102.804,102.80420275699998,1.4996118450007998,ok,0.06727509700067458,0.018130459721518652,0.05802469599984761
1493,103.517,103.51810156800002,1.719096403000549,ok,0.0719059399998514,0.020850096126587576,0.058023696999953245
1494,103.632,103.63235541100039,1.8438597579997804,ok,0.06951838300028612,0.022459705607593316,0.13711245700051222
1495,103.719,103.71997723300046,1.8019830749999528,ok,0.06642643999930442,0.021968587493678502,0.13695212899983744
1496,103.804,103.80437666800026,1.7994329560006008,ok,0.06554958500055363,0.02194732778481253,0.13694566799949826
1497,104.029,104.02925512799993,1.8924753410001358,ok,0.10372563600049034,0.023230242896101733,0.1369961640002657
1498,104.058,104.05903938699976,1.8623631030004617,ok,0.07688302700080385,0.02260066040505276,0.13699787099994865
1499,104.173,104.17512986099973,1.8178086420002728,ok,0.07251332200030447,0.02209201503797264,0.13699625699973694
1500,104.287,104.28858923999996,1.7753351290002684,ok,0.07045093899978383,0.021580488468362666,0.1369993020007314
1501,104.402,104.40268302300046,1.7750280219997876,ok,0.10524138499931723,0.021685254064937293,0.13700022000011813
1502,104.46,104.46057771699998,1.7168577839993304,ok,0.050219286999890755,0.021096265367086284,0.13700052599961055
1503,104.575,104.57517631700011,1.7285747979994994,ok,0.06106190699938452,0.02165567536363809,0.13700282599984348
1504,104.661,104.6615354530004,1.8229958170004466,ok,0.07185077700069087,0.022166069886075494,0.13700353000058385
1505,104.804,104.80495578099999,1.8609673589999147,ok,0.06772205700053746,0.02269900668354147,0.13706131700018886
1506,105.173,105.17358524199972,1.9314831040001081,ok,0.06587564399978874,0.023614920164560963,0.13700418900043587
1507,105.259,105.25931585800026,1.893126659999325,ok,0.10187206499995227,0.023262777597393595,0.09996575500008476
1508,105.287,105.28792678500031,1.8646274279999488,ok,0.11411847799990937,0.022158130696200866,0.09996790699915437
1509,105.345,105.34560025500014,1.8063667460000943,ok,0.05933623399960197,0.02211384274684135,0.09969723500034888
1510,105.402,105.40214760700019,1.8038694180004313,ok,0.057624064999799884,0.02210408200000207,0.09997224499966251
1511,105.517,105.51820857700022,1.8169878050002808,ok,0.07062904000031267,0.02210548583544447,0.0998720420002428
1512,105.69,105.6911133120002,1.8551445129996864,ok,0.10708406599951559,0.0221268451265892,0.09990883800037409
1513,105.747,105.74723608600016,1.7991364069994233,ok,0.05425994100005482,0.02208683198733536,0.0997719839997444
1514,105.804,105.8047185989999,1.7695253649999358,ok,0.06880323399946064,0.02152777824050668,0.09977270499985025
1515,106.058,106.05976537399965,1.885054430999844,ok,0.059687017999749514,0.023705717233768794,0.1668797510001241
1516,106.173,106.17373354200026,1.8567685650004933,ok,0.072358582000561,0.022586740012655676,0.09964273900004628
1517,106.316,106.31619925300038,1.8542101980001462,ok,0.10891967599945929,0.02209186582278355,0.06009458199969231
1518,106.373,106.37370775300042,1.7958569210004498,ok,0.09249304000059055,0.021561029607589342,0.06000761099949159
1519,106.402,106.40405164000003,1.7665335789997698,ok,0.06500851499913551,0.02153794469620463,0.06009706799977721
1520,106.488,106.48901774299975,1.766707447999579,ok,0.06397348399968905,0.02155321964557193,0.06001897900023323
1521,106.604,106.60421137100002,1.7223232600008487,ok,0.0617921920002118,0.022140072880004785,0.06009102600000915
1522,106.661,106.66136383899993,1.6795610730005137,ok,0.09824641000068368,0.020016389556951276,0.060090809000030276
1523,106.69,106.69092850600009,1.6495242390001295,ok,0.07197983900005056,0.019968388974673502,0.06000487199980853
1524,107.144,107.14592632899985,1.809668058999705,ok,0.06204285100011475,0.022121496835443163,0.09723058300005505
1525,107.23,107.2307378860005,1.7672372520000863,ok,0.06069373700029246,0.02216258593505865,0.09723245899931499
1526,107.345,107.34542958899965,1.8177488399996946,ok,0.11161344799984363,0.021596274772157732,0.09722390499973699
1527,107.373,107.37394925300032,1.7896599649993732,ok,0.08603428999958851,0.022714739213333814,0.1714430789998005
1528,107.661,107.661548606,1.8604606369999601,ok,0.10695687000043108,0.022196022012647955,0.09729762099959771
1529,107.69,107.69187557199984,1.8296595929996329,ok,0.07957143699968583,0.022152676721517207,0.09723268400011875
1530,107.776,107.77663261900034,1.7745878080004331,ok,0.10210275000008551,0.02117038803798199,0.09725937100029114
1531,107.804,107.80576459500026,1.7455344019999757,ok,0.0756816989996878,0.0211371601012673,0.09725626099952933
1532,108.1,108.10174464099964,1.7314678940001613,ok,0.07036597000023903,0.0210262758354463,0.09729693299959763
1533,108.167,108.16884623700025,1.6922758049995537,ok,0.07200315299996873,0.02104211014285555,0.09725817300022754
1534,108.433,108.43408948700016,1.6378319840005133,ok,0.05922400200051925,0.019982045506321235,0.09725915900071413
1535,108.5,108.50050350699985,1.600152146000255,ok,0.10022922400003154,0.018986045645576696,0.05987832200025878
1536,108.533,108.53449521200037,1.5663871260003361,ok,0.06952608800020244,0.018947385721512087,0.059878520999518514
1537,108.6,108.6008417840003,1.51344906399936,ok,0.058322111000052246,0.018419054050631347,0.05990391499926773
1538,108.7,108.70206557700021,1.4819325629996456,ok,0.10816483400049037,0.01738911463290387,0.05988561699996353
1539,108.733,108.73339132599995,1.4509368180006277,ok,0.07970363300046301,0.017357152974679442,0.05994663499950548
1540,109.0,109.00058270200043,1.5174329510000462,ok,0.06625724300010916,0.01836898196202876,0.09679720599979191
1541,109.1,109.10085488100049,1.4730461069993908,ok,0.0643975759994646,0.0187816293066741,0.09680509400004667
1542,109.3,109.30112726700008,1.4705424670000866,ok,0.06092629399972793,0.017842867886083927,0.09679051500006608
1543,109.367,109.36727164700005,1.4329626879998614,ok,0.10342448199935461,0.017266215493514387,0.09680592800032173
1544,109.4,109.40104416000031,1.3995049240002118,ok,0.07282186500015086,0.016793084000007955,0.09680652099996223
1545,109.633,109.63524523599972,1.3450183200002357,ok,0.06956558999991103,0.016144619265819355,0.09680687200034299
1546,110.233,110.23328740899979,1.7118973540000297,ok,0.10000018800019461,0.02040338824050955,0.09984446499947808
1547,110.267,110.26728023800024,1.6782634139999573,ok,0.06902650000029098,0.02266503695774562,0.12169571699996595
1548,110.333,110.33335712700045,1.6252918770005635,ok,0.05799339199984388,0.019838892911392104,0.0999354690002292
1549,110.667,110.66750009099997,1.7517880119994516,ok,0.06201302899989969,0.021389241189871993,0.10000655600015307
1550,111.033,111.03352465999978,1.8092937119999988,ok,0.10994578700046986,0.021510414177215883,0.05829513099979522
1551,111.067,111.06810193500041,1.7750097600001027,ok,0.11675196299984236,0.02099040163291279,0.05821121300050436
1552,111.133,111.13412893700024,1.7089155639996534,ok,0.05375262199959252,0.020951178999997797,0.0582128060004834
1553,111.2,111.20202642700042,1.6825289520002116,ok,0.06903262800005905,0.0209541743896181,0.08159221599999
1554,111.267,111.2687345459999,1.6444789380002476,ok,0.10913532599988685,0.019434381113926435,0.058213004999743134
1555,111.3,111.3003330800002,1.6130724109998482,ok,0.08046590899994044,0.019399871670890505,0.05824810200010688
1556,111.433,111.43405653700029,1.5631116949998614,ok,0.11108234899984382,0.018379766493667318,0.0558805749997191
1557,111.467,111.4681473669998,1.5288941409999097,ok,0.07986558499942475,0.0183417137595019,0.05584971900043456
1558,111.633,111.633531167,1.5165367910003624,ok,0.06817439699989336,0.01833333275949314,0.05588177600020572
1559,111.8,111.80036911699972,1.558737729999848,ok,0.0724929770003655,0.019301539558437542,0.08319537900024443
1560,112.0,112.00014097799976,1.596653859000071,ok,0.06873704499957967,0.019340392151897954,0.05824544099959894
1561,112.079,112.08006991500042,1.558854187000179,ok,0.07217589399988356,0.018818421708866606,0.05824829300036072
1562,112.158,112.15844657599973,1.5508514290004314,ok,0.0629715880004369,0.018833566443033845,0.05831930400017882
1563,112.276,112.27648279500045,1.5164719670001432,ok,0.07124678699983633,0.01829364741772938,0.058237662999999884
1564,112.553,112.55359977100034,1.4625290149997454,ok,0.061815899000066565,0.017730210113918073,0.05824150499938696
1565,112.632,112.6324127150001,1.4254921510000713,ok,0.06726678500035632,0.018109319186660287,0.05824693400063552
1566,113.0,113.00076459200045,1.5876177709997137,ok,0.06471475099988311,0.019276844417721737,0.10081764000005933
1567,113.158,113.158418858,1.542480297000111,ok,0.060580643999855965,0.019245044207793823,0.12588972600042325
1568,113.276,113.27615002699986,1.5091152509994572,ok,0.0681332249996558,0.01823978967088725,0.1008918019997509
1569,113.395,113.3965401860005,1.4585811479992117,ok,0.09835549699982948,0.017664927025971455,0.10077122900020186
1570,113.434,113.4346149590001,1.420682045999456,ok,0.06328735999977653,0.01718195302532013,0.10084882000046491
1571,113.632,113.63243794299979,1.3755478020002556,ok,0.06198360200050956,0.01751378109333018,0.10084879599980923
1572,114.079,114.07939208300013,1.4968649140000707,ok,0.06146304100002453,0.01816918024050659,0.1008704169998964
1573,114.158,114.15882477600007,1.459706319000361,ok,0.10434102300041559,0.017156182443038313,0.05955321399960667
1574,114.197,114.19771004300037,1.421154571000443,ok,0.10755223500018474,0.01662768493671264,0.052944442999432795
1575,114.237,114.23809611500019,1.3806357650000791,ok,0.07036812200021814,0.01701622609090753,0.05296326100051374
1576,114.316,114.3166795520001,1.3290394480000032,ok,0.0608315079998647,0.016052939594938156,0.052968926000176
1577,115.048,115.04916326900002,1.330160748999333,ok,0.0690595559999565,0.015962966531644064,0.05289608699968085
1578,115.143,115.14411341400046,1.2903501660002803,ok,0.07086136100042495,0.015436211493671421,0.05275436800002353
1579,115.333,115.33350477600015,1.2818687399994815,ok,0.061698285999227664,0.016268537560002492,0.05388681600015843
1580,115.476,115.47703107699999,1.294655695000074,ok,0.07058934199994837,0.015494170101261215,0.057479531000353745
1581,116.0,116.00061168200045,1.2815970900001048,ok,0.05830264199994417,0.016310222106670456,0.057488080999974045
1582,116.524,116.5241758709999,1.3247787890004474,ok,0.06414562200006912,0.01595705491139528,0.05752080599995679
1583,116.619,116.61973834699984,1.2845885960005035,ok,0.06896537500051636,0.015387291164556758,0.05266442999982246
1584,117.19,117.19047412800046,1.4461452319992532,ok,0.06396782599949802,0.017495592886076293,0.05792954600019584
1585,117.476,117.47628007200001,1.4564540090004812,ok,0.06783871100014949,0.017577065949370977,0.05875535300037882
1586,117.572,117.57250473600016,1.4154313079998246,ok,0.06709845899968059,0.017067162746835618,0.058662790000198584
1587,118.048,118.04882957399968,1.4105092330000844,ok,0.06287317500027712,0.0179679958533355,0.08275800000046729
1588,118.143,118.14397109899983,1.415728097000283,ok,0.06406273900029191,0.01710935511392229,0.058656527999119135
1589,118.428,118.42855872099972,1.3824275279994254,ok,0.11000240499924985,0.01610634286076168,0.058687409999947704
1590,118.476,118.47650367200004,1.334523743000318,ok,0.0653319900002316,0.016065526405062758,0.05872653900041769
1591,118.572,118.57284773399988,1.2932469200004562,ok,0.10496485300063796,0.015041212556959952,0.05819270699976187
1592,118.619,118.62062121500003,1.2455891820000033,ok,0.06071379500008334,0.014998189962032575,0.05816793600024539
1593,119.389,119.38982040500014,1.3314497290002691,ok,0.1102950590002365,0.015457264936702802,0.05275326499941002
1594,119.444,119.4448319510002,1.2765132120002818,ok,0.058756231000188563,0.015414429227855147,0.05275904600057402
1595,120.111,120.11225087500043,1.3688416610002605,ok,0.06899998399967444,0.016453374215197523,0.057850053000038315
1596,120.222,120.22220577999997,1.32814682299977,ok,0.06909343000006629,0.015937048962020722,0.05781637900054193
1597,120.444,120.44485755999995,1.2855300870005522,ok,0.06696981799996138,0.016247098546664347,0.0578527280003982
1598,121.0,121.00054091099992,1.2411108229998717,ok,0.06477007000012236,0.014890022759492597,0.05781009800011816
1599,121.278,121.27827548200003,1.2393882620008299,ok,0.10196507900036522,0.01439738591139021,0.05330651599979319
1600,121.333,121.33357985200018,1.184217457000159,ok,0.04961693000041123,0.01436179843037706,0.053320921999329585
1601,122.444,122.44470875299976,1.220244363999882,ok,0.05890736400033347,0.014700098949359454,0.05300506099956692
1602,123.0,123.00078971499988,1.2817718489995968,ok,0.07135152999944694,0.015321441392407457,0.05301116900045599
1603,123.2,123.20078836900029,1.2335778460001166,ok,0.0634980610002458,0.014810795151892238,0.05215410800065001
1604,124.0,124.0011247350003,1.1884983469999497,ok,0.06131001700032357,0.014267823430381662,0.05216738899980555
1605,124.2,124.20101608100049,1.1509603600006812,ok,0.06755630600036966,0.013713620329119432,0.01442198200038547
1606,125.6,125.60046219000014,1.170840288999898,ok,0.04840051700011827,0.014207707784799259,0.052678932000162604
1607,125.8,125.8011432989997,1.1465517169999657,ok,0.06378700000004756,0.014436449960000269,0.04141481199985719
1608,134.2,134.20073580400003,1.1753493730002447,ok,0.048786414000460354,0.014259901594932326,0.0533606859999054
1609,134.8,134.80101578300037,1.23281981800028,ok,0.06772685600026307,0.015130712688300877,0.053949291999742854
1610,135.6,135.60033418900002,1.1883381500001633,ok,0.06072615099947143,0.014273215886083861,0.05392140999992989
1611,135.8,135.80092049999985,1.1501484679993155,ok,0.06706494899935933,0.014836357095889183,0.04136912499961909
