idx,scheduled_t_rel_s,t_rel_s,latency_s,status,ttft_s,avg_tbt_s,worst_tbt_s
0,0.0,0.024560422999456932,1.2755443360001664,ok,0.06615630200030864,0.015308358873408917,0.05215784200026974
1,0.3999999999999999,0.40089764799995464,1.270057104999978,ok,0.06357562199991662,0.015271581696203,0.05209144800028298
2,1.0,1.0005636199994115,1.318706342999576,ok,0.0658740589997251,0.015858277126587578,0.05255742999997892
3,1.2000000000000002,1.2004127599993808,1.3125269709998975,ok,0.05821974799982854,0.015876803405067048,0.05255035099980887
4,1.4,1.401146343999244,1.3200190379993728,ok,0.06284674599919526,0.0159132225189866,0.05256980000012845
5,1.7999999999999998,1.800907339999867,1.2790816190008627,ok,0.061683120999987295,0.01623162086667435,0.05255954899985227
6,2.111,2.112105531999987,1.243849444999796,ok,0.06769839999924443,0.014887618556966555,0.052432626000154414
7,2.333,2.333603943999151,1.3676375479999479,ok,0.06765319900023314,0.016882576298697827,0.09862295999937487
8,2.5,2.5002712010000323,1.3256981759996052,ok,0.06746577099966089,0.015926649063289857,0.09848983700067038
9,3.3810000000000002,3.3814399709999634,1.662044460999823,ok,0.07066762599970389,0.021218002533338828,0.09830724799940072
10,3.476,3.476634543999353,1.6657527259994822,ok,0.11052922899943951,0.019686059772159096,0.09816238699932
11,3.524,3.524238338000032,1.618386124000608,ok,0.10408372599977156,0.019666066909093234,0.09831941500033281
12,3.572,3.5736086589995466,1.5688450910001848,ok,0.05758495000009134,0.019129679898734264,0.0983029399994848
13,4.0,4.001436570999431,1.7964178310003263,ok,0.09663755400015361,0.02207472018181324,0.08224810299998353
14,4.039,4.0397826649996205,1.7576611049998974,ok,0.099183807999907,0.02099298864556624,0.06524822099981975
15,4.079,4.0797802609995415,1.717778076000286,ok,0.06201703599981556,0.021503179090914627,0.08067036900047242
16,4.237,4.237469765999776,1.68940312200084,ok,0.07016523400034202,0.020496322670888856,0.06524853999962943
17,4.316,4.317843483999241,1.6507779510002365,ok,0.07143005600028118,0.01999134505063069,0.06515878400023212
18,4.395,4.395443116000024,1.6018369410003288,ok,0.06159640599980776,0.019496393582283163,0.06524257499950181
19,4.513,4.513788006999675,1.5680589599996893,ok,0.10554942900034803,0.019499777853331277,0.06524197999988246
20,4.553,4.553366759999335,1.528560507000293,ok,0.06872317099987413,0.01847876231645214,0.06524139500015735
21,4.632,4.632287479999832,1.4926415770005406,ok,0.07176983200042741,0.017985369810129312,0.06515970300006302
22,5.033,5.0337313859999995,1.605710937999902,ok,0.06379661199935072,0.01951757630380414,0.06524189099945943
23,5.133,5.133876456999133,1.6432293739999295,ok,0.06476328500048112,0.019980239341771556,0.06522525299988047
24,5.2,5.20085567499973,1.6045872939994297,ok,0.06741694999982428,0.019457505341777023,0.06522366800072632
25,5.267,5.268355702999543,1.5654826989994035,ok,0.11787037799967948,0.01832388383544513,0.05777447699983895
26,5.3,5.302144604999739,1.531859835999967,ok,0.08765204199971777,0.018280909177220462,0.05779425400032778
27,5.467,5.467274382999676,1.5052085349998379,ok,0.06236646799970913,0.01826348820252895,0.057775192000008246
28,5.733,5.734035030999621,1.5006285709996519,ok,0.06475810299980367,0.018175243708862546,0.05768915899989224
29,6.115,6.115810278999561,1.7876568619994941,ok,0.06345141200017679,0.02182501584809847,0.09980283299955772
30,6.173,6.173351003999414,1.7446051189999707,ok,0.09863863099963055,0.020834821164556424,0.09980792200076394
31,6.201,6.201472607999676,1.7162551399997028,ok,0.07362637200003519,0.02079244320252713,0.09987812300005317
32,6.431,6.431609450999531,1.751314402999924,ok,0.0665748800001893,0.02132546455695889,0.09980649499993888
33,6.632,6.632972425999469,1.9173906089999946,ok,0.09820475099968462,0.023027135177218515,0.10115367099933792
34,6.661,6.661727544999849,1.8894844630003718,ok,0.07264409399977012,0.022997702379753616,0.10122620999936771
35,6.833,6.834075770999334,2.0173630780000167,ok,0.06789954200030479,0.024676394531651786,0.10122631299964269
36,7.173,7.1732223129993145,2.507963990999997,ok,0.06345992499973363,0.030942771493674984,0.22969153000030929
37,7.345000000000001,7.34615995599961,2.4889852570004223,ok,0.10771711100005632,0.0301422575822828,0.23002198599988333
38,7.401999999999999,7.403084945999581,2.4324375360001795,ok,0.05368523500055744,0.030110571620246482,0.22971466399940255
39,7.4879999999999995,7.48837523399925,2.408630863000326,ok,0.10441448100027628,0.029166936443035883,0.23002614100005303
40,7.545999999999999,7.546185955999135,2.350983289999931,ok,0.08748653500060755,0.02865165049366578,0.23002897599963035
41,7.574999999999999,7.57615803599947,2.321067761999984,ok,0.06047690299965325,0.028614896075954608,0.2294416849999834
42,7.661,7.662026568999863,2.2982164279992503,ok,0.11118979699949705,0.027683686924054984,0.22971809099999518
43,7.718999999999999,7.720110190999549,2.2399813560004986,ok,0.05622957000014139,0.027642001810127572,0.2296869190004145
44,7.776,7.776434979999976,2.215415364999899,ok,0.0692225620005047,0.02716666765822014,0.22975810899970384
45,8.025,8.025935781999578,2.3573251300003903,ok,0.05870732500079612,0.02909605810126305,0.2300272699994821
46,8.101,8.101850500999717,2.578288249000252,ok,0.06562822300020343,0.03180550208860121,0.22971612599940272
47,8.202,8.202765363999788,2.578169658999286,ok,0.062331395000001066,0.03184574439240615,0.23002883000026486
48,8.278,8.280218920999687,2.6743240919995515,ok,0.10657831000025908,0.032502817810117324,0.2300298380005188
49,8.303,8.30442591099927,2.6503683500004627,ok,0.12361702300040633,0.03198395968353642,0.22969365599965386
50,8.328,8.32870497299973,2.6249806240002727,ok,0.09929981300047075,0.03197029864556118,0.22945083499962493
51,8.353,8.353711374999875,2.6013098840003295,ok,0.07703876399955334,0.03195260003797592,0.22971873200003756
52,8.454,8.45507181299945,2.548616587999277,ok,0.0632665539997106,0.03145978196202514,0.2302215250001609
53,8.554,8.554830931999277,2.5095539980002286,ok,0.0657602000001134,0.03093371624050587,0.23013297400029842
54,8.63,8.630818662999445,2.5041685480000524,ok,0.09960686699923826,0.030437295025324062,0.23021886799961067
55,8.655,8.655285300999822,2.479547351999827,ok,0.07794456300052843,0.03039972432910688,0.23018213100021967
56,8.781,8.781555486999423,2.771641248999913,ok,0.07128047400055948,0.03506925492207278,0.23020090999943932
57,9.0,9.00086907899913,2.955886336000731,ok,0.06348769500073104,0.03661229539240502,0.2302208340006473
58,9.067,9.067533833999732,2.927305024000816,ok,0.10727168200082815,0.035696442468351845,0.1912634619993696
59,9.09,9.09132453499933,2.902427861000433,ok,0.1254265170000508,0.035151546455703675,0.1852736470000309
60,9.135,9.135908073999417,2.859042807000151,ok,0.12404306100052054,0.03462006967087682,0.1851017539993336
61,9.157,9.157890206999582,2.8365973280006074,ok,0.10214790900045045,0.034612946632904235,0.18508454699986032
62,9.179,9.180005363999953,2.8148942640000314,ok,0.12222412899973278,0.03408425803797711,0.185107479999715
63,9.224,9.224962081999365,2.7700433979998706,ok,0.11866107300011208,0.033561631341767734,0.18510159600009501
64,9.247,9.247320811999998,2.747304933999658,ok,0.09624827900006494,0.03355749175949037,0.18500914099968213
65,9.269,9.270244579999598,2.7243448720000742,ok,0.07667408299948875,0.033514622936711966,0.1850074419999146
66,9.359,9.361114659999657,2.720468346999951,ok,0.11381440799959819,0.03299529502532142,0.18508355899939488
67,9.381,9.381941941999685,2.6998622439996325,ok,0.13470924099965487,0.03247012137974627,0.1849831620002078
68,9.404,9.404259562999869,2.677730346000317,ok,0.11235238000062964,0.0324729666075931,0.18530614100018283
69,9.449,9.449891512999784,2.631948449000447,ok,0.10787775500011776,0.031950087240504584,0.1849819729995943
70,9.494,9.495142722999844,2.586600358999931,ok,0.10388948600029835,0.031426517126580816,0.18370693399992888
71,9.538,9.538846729999932,2.5432147440005792,ok,0.0633518290005668,0.03139049986074946,0.18403190499975608
72,10.04,10.040734207999776,3.3319977050005036,ok,0.10848009000073944,0.040803842746835114,0.231080505999671
73,10.061,10.061712304999674,3.3100726170005146,ok,0.13267793300019548,0.04021982583544971,0.23161806899952353
74,10.081,10.082728168999893,3.290092626999467,ok,0.11177046400007384,0.04023175413923254,0.23127581399967312
75,10.101,10.10158758399939,3.2708295940001335,ok,0.09283947599942621,0.040227403075951323,0.23107957599950169
76,10.121,10.121392135999486,3.2511339869997755,ok,0.07716150200030825,0.04017665932911492,0.23107604999950127
77,10.141,10.142641166999965,3.2299765730003855,ok,0.0558387090004544,0.04017877136708262,0.23107855900070717
78,10.303,10.30379335499947,3.7862819259999014,ok,0.1168945019999228,0.0464476668734209,0.35608536699965043
79,10.343,10.343425769999158,3.7470686830001796,ok,0.11993206500028464,0.04591284877215348,0.35604281700034335
80,10.383,10.384782157999325,3.705414543999723,ok,0.12066151499948319,0.04537643575949454,0.3571670040000754
81,10.404,10.405685527999594,3.6840854359998048,ok,0.09971286600011808,0.04654990497402213,0.35582160300054966
82,10.424,10.424874662999173,3.665075694000734,ok,0.12156627200056391,0.044854326012659554,0.355869058999815
83,10.464,10.46453695999935,3.626019238000481,ok,0.08571017600024788,0.04597784131169351,0.35604386100021657
84,10.546,10.54658918899986,3.5807642919999125,ok,0.11257345099966187,0.043900921329116535,0.3560446640003647
85,10.566,10.568607068999881,3.558456364000449,ok,0.09342267300053209,0.045000124363634146,0.3558092140001463
86,10.707,10.707263353999224,3.594586485999571,ok,0.1121075290002409,0.04408175531645173,0.35604183499981445
87,10.728,10.729007129999445,3.572368666999864,ok,0.09374303500044334,0.04403292081012376,0.35603649400036375
88,10.828,10.828933041999335,3.596611109999685,ok,0.06808943699979864,0.04466451794936963,0.35445471499951964
89,10.889,10.890015379000033,3.5996034590007184,ok,0.06708879800044087,0.04471504944304118,0.35452854100003606
90,11.073,11.073849952999808,4.13491651699951,ok,0.09993604200008122,0.051075381050625916,0.39753716299946973
91,11.129,11.129223574999742,4.079651695000393,ok,0.08575532600025326,0.051868573038955694,0.3970163809999576
92,11.165,11.165806674999658,4.043354806000025,ok,0.09181127899955754,0.05001934963292103,0.3972857440003281
93,11.184,11.184972112999276,4.024585544999354,ok,0.11473547799960215,0.05077700529870656,0.39728659199954564
94,11.202,11.202887758999168,4.006332668999676,ok,0.09685849000015878,0.049486837822780814,0.39728796200051875
95,11.239,11.239195981999728,3.9689586020003844,ok,0.06381583500024135,0.04943180984810169,0.39727835999929084
96,11.312,11.313235874999918,4.146553853999649,ok,0.09953026600032899,0.05122786641771234,0.3970149630004016
97,11.331,11.332161469999846,4.127915832999861,ok,0.12156470399986574,0.05203033379220633,0.3972576169999229
98,11.367,11.367190093999852,4.091923025000142,ok,0.08650116200078628,0.050701173303791675,0.39702350799962005
99,11.386,11.38620628299941,4.07372282400047,ok,0.10803208400011499,0.05150226688312449,0.39701312800025335
100,11.422,11.422953063999557,4.037210200000118,ok,0.07437837500037858,0.0501622459999948,0.39728199599994696
101,11.551,11.55124916799923,4.136713744999724,ok,0.07877951699992991,0.051365939430381126,0.39728716100034944
102,11.643,11.644215872999666,4.400262608000048,ok,0.11601870300000883,0.054230586949369684,0.39701264399991487
103,11.661,11.661253126999327,4.383450098000139,ok,0.10196371400070348,0.05419582307593926,0.39728683400062437
104,11.808,11.808896724999613,4.398532315999546,ok,0.10586614400017424,0.05433733735442936,0.39701127100033773
105,11.827,11.827928034999786,4.379375638999591,ok,0.08992322300036903,0.05429652845568738,0.3970132879994708
106,12.017,12.017170985999655,4.97176378200038,ok,0.1027089609997347,0.06163336212658935,0.39749319500060665
107,12.034,12.03452331399967,4.953599721000501,ok,0.08859570100048586,0.06158194713924199,0.39713257899984455
108,12.135,12.135297329999958,4.894662860000608,ok,0.09931630500068422,0.06070023448100523,0.3971384240003317
109,12.169,12.170028605999505,4.860561766000501,ok,0.0693309970001792,0.06064819822785455,0.3975046460000158
110,12.185,12.18611173699992,4.844546772000285,ok,0.05328280100002303,0.060648722227850595,0.3975000419995922
111,12.236,12.236797829999887,4.835464287999457,ok,0.11128722000012203,0.05979937982277689,0.3974942490003741
112,12.27,12.270885593999992,4.801462121999975,ok,0.11818180199952621,0.059281814569623774,0.3974933310000779
113,12.337,12.33789670799979,4.734509241000524,ok,0.05430628700014495,0.05924288772152804,0.3975995430000694
114,12.438,12.438308073999906,5.1542109940000955,ok,0.10540140699959011,0.06390875745569534,0.41727499599983275
115,12.472,12.472920640999291,5.118519958999968,ok,0.07407076300023618,0.0638533939493674,0.4173406489999252
116,12.488,12.488922401999844,5.103308157999891,ok,0.05814934799946059,0.06386248718987374,0.4175043839995851
117,12.555,12.555666387999736,5.249098645999766,ok,0.07025537000026816,0.06555466116455297,0.4175086739996914
118,12.69,12.690814156999295,6.050680809000369,ok,0.10086203799983195,0.07531398401266715,0.6378299799998786
119,12.74,12.740217813999152,6.001787045999663,ok,0.09292190599990136,0.07479556867088785,0.6382124020001356
120,12.774,12.774790930999188,5.967318336000062,ok,0.10141703699991922,0.07425172949367348,0.6382587620000777
121,12.808,12.80886397499944,5.932290605999697,ok,0.11017239899956621,0.07369738450633341,0.6376440080002794
122,12.825,12.82535821700003,5.915871346000131,ok,0.09371826500046154,0.0736979385822716,0.6376869429996077
123,12.842,12.84334960399974,5.898086793999937,ok,0.11702651900031924,0.07317779158227818,0.6378006980003192
124,12.858,12.859600800999942,5.881777693000004,ok,0.10081276999972033,0.07317656175949,0.6377686979994905
125,12.892,12.892416912999579,5.849525262000498,ok,0.07086167600027693,0.07314739682278971,0.638176793000639
126,13.084,13.084619023999949,6.755916375999732,ok,0.10770829000011872,0.08415434169620323,0.6377140169997801
127,13.101,13.10198533699986,6.738926842000183,ok,0.09426605299995572,0.08410936182277694,0.6381690299995171
128,13.118,13.118563260999508,6.721885234000183,ok,0.07755434899991087,0.08410524551899344,0.6376414119995388
129,13.135,13.136086172999967,6.704254628999479,ok,0.06014183899969794,0.08410215496203105,0.6376452419999623
130,13.286,13.287508301999878,6.901332056000683,ok,0.12289392200000293,0.08580285217722351,0.6382517639995058
131,13.303,13.304047037999226,6.884541915000227,ok,0.1481102549996649,0.08748592879221012,0.6381583480006157
132,13.388,13.389626229999521,6.798434483000165,ok,0.10384760400029336,0.08474115062024425,0.63766409299933
133,13.404,13.405719503,6.782418934999441,ok,0.08784011699935945,0.0847412979240554,0.6380854670005647
134,13.438,13.438600911999856,6.749659252999663,ok,0.09694827800012717,0.08421135411391575,0.6382316889994399
135,13.455,13.455349420999482,6.7330889630002275,ok,0.12131774200042855,0.08369312662025434,0.6382373169999482
136,13.472,13.47311107599944,6.715572207999685,ok,0.10364503900018462,0.08369510489873265,0.6382384190001176
137,13.505,13.505752784999459,6.6829828159998215,ok,0.11307339900031366,0.0831632488987314,0.6382503180002459
138,13.555,13.556074565000017,6.632716041999629,ok,0.1050998159998926,0.08262789279746634,0.638252466999802
139,13.572,13.572501650999584,6.614801535999504,ok,0.08862593999947421,0.08475509777922112,0.6382289690000107
140,13.589,13.590932015999897,6.5974053099998855,ok,0.11134489300002315,0.08210160439239765,0.6382347609996941
141,13.606,13.607140819999586,6.581057950999821,ok,0.09509501099910267,0.08210060262025982,0.6382313949998206
142,13.656,13.657041552999544,6.531449365999833,ok,0.0488061710002512,0.08205859624049941,0.6382377449999694
143,13.707,13.708034298999337,6.615917623999849,ok,0.11643997499959369,0.0822716761645615,0.6382374630002232
144,13.724,13.724421544999132,6.600024045999817,ok,0.10372582400032115,0.08223137099999413,0.6382519440003307
145,13.774,13.774948717999905,6.5489424039997175,ok,0.053107433000150195,0.08222542373417277,0.6382380579998426
146,13.842,13.842345043000023,6.8748152459993435,ok,0.10250279799947748,0.08572508025317112,0.6382368350004981
147,13.892,13.892986261999795,6.82424795299994,ok,0.09244976499940094,0.08521242078481746,0.6382371239997155
148,13.909,13.910685407999154,6.806948026999635,ok,0.07803288600007363,0.08517593062025079,0.6382528950007327
149,14.109,14.109821230999842,7.06497430500076,ok,0.07857484800024395,0.08843505701266231,0.6382291330000953
150,14.233,14.233214552999925,7.214999093000188,ok,0.1081443399998534,0.0899597936835493,0.6380854339995494
151,14.249,14.249795453999468,7.19870834700032,ok,0.09576475199992274,0.08991043588607854,0.6380954619999102
152,14.264,14.265783721999469,7.182817267000246,ok,0.07991540800048824,0.08990995782278333,0.6386743600005502
153,14.295,14.29574088499976,7.152982415999759,ok,0.04992981299983512,0.08991187449366776,0.6386977590000242
154,14.357,14.357917764999911,7.269645299000331,ok,0.10527953400014667,0.09068794660760421,0.6387007319999611
155,14.389,14.389167810999425,7.238013889000285,ok,0.07757258899982844,0.09063816473417895,0.6380881320001208
156,14.528,14.530492371000037,7.745264545000282,ok,0.11449000900029205,0.09659190534177146,0.63870406299975
157,14.575,14.576306899999508,7.699373379999997,ok,0.11048591399958241,0.09606169922785682,0.6380958260006082
158,14.59,14.590495520999866,7.685476089000076,ok,0.09628800300015428,0.09606549278481608,0.6386950690002777
159,14.637,14.637525890999314,7.637713023000288,ok,0.08985799899983249,0.09554215492405288,0.6380840430001626
160,14.653,14.653157066999484,7.622908373000428,ok,0.1151458989997991,0.09503479372151676,0.6380909990002692
161,14.715,14.716001592999419,7.559641124000336,ok,0.09328432399979647,0.09451066086076255,0.6380938490001427
162,14.761,14.761588375999963,7.514320291999866,ok,0.0886979609995251,0.09399504725317019,0.6386866020002344
163,14.777,14.778502263999144,7.496962702999554,ok,0.11300656000003073,0.09346761453164192,0.6380895639995288
164,14.823,14.823503662999428,7.45189610000034,ok,0.11061975099983101,0.09292735417722402,0.6380844789991897
165,14.854,14.854494354999588,7.421029889999772,ok,0.12299364199952834,0.09238002529113883,0.6380908130004173
166,14.87,14.870756065000023,7.404581574999611,ok,0.10665860300014174,0.09237835817720788,0.6381789679999201
167,14.886,14.886956481999732,7.387559136999698,ok,0.09042516499994235,0.09236835274683311,0.6381912650003869
168,14.901,14.90168851099952,7.37417060000007,ok,0.07920591899983265,0.09234115087342097,0.6381769049994546
169,14.917,14.917952664999575,7.357635529999243,ok,0.06285514599949238,0.0923388202658247,0.6381771200003641
170,15.0,15.001076945999557,7.348010365999471,ok,0.11825973299983161,0.09151564173416889,0.6388384989995757
171,15.072,15.072257931999957,7.276414191000185,ok,0.08810850200006826,0.09099088388607418,0.6381763999997929
172,15.087,15.087737719999495,7.261260771999332,ok,0.075862491999942,0.09095416111392032,0.6388309909998497
173,15.187999999999999,15.190880161999303,7.580754330999298,ok,0.11657552299948293,0.09448307906328823,0.6381783979995816
174,15.202000000000002,15.20324800599974,7.568491005999931,ok,0.1465091729996857,0.09394894743038577,0.6381773909997719
175,15.216999999999999,15.217411529999481,7.553452889000255,ok,0.13220345900026587,0.09393947254429344,0.6381840569993074
176,15.245000000000001,15.246318586999223,7.525115061999713,ok,0.10338855300051364,0.09394557956961705,0.6381798659995184
177,15.274000000000001,15.274860918999366,7.4967084660002,ok,0.11562468800002534,0.0934312410379766,0.6381796879995818
178,15.332,15.332661907999864,7.439269507000063,ok,0.09856724799919903,0.09292009027848497,0.6388192360000176
179,15.361,15.361941780999587,7.410050679000051,ok,0.07307093599956715,0.09287298098734947,0.6381775270001526
180,15.448,15.449214857999323,7.592436117000034,ok,0.10825288300020475,0.09473624691139476,0.6388352730000406
181,15.489999999999998,15.491356926999288,7.548903943000369,ok,0.1096381150000525,0.09416755383544217,0.6381788130001951
182,15.504999999999999,15.50551522799924,7.535321798000041,ok,0.09539269499964576,0.09417606987341359,0.6382904679994681
183,15.518999999999998,15.521776410999337,7.519202124999538,ok,0.08321501099999296,0.09412622312658318,0.6382907819997854
184,15.533000000000001,15.533643436999228,7.507398847000331,ok,0.07138299700000061,0.09412660526581758,0.6382914949999758
185,15.663,15.663753708999138,7.825294237999515,ok,0.12261686799956806,0.09750206782278331,0.638291217999722
186,15.692,15.693073806999564,7.7960983630000555,ok,0.13513515799968445,0.09697404593671193,0.6382911270002296
187,15.706,15.706942835999143,7.7821720499996445,ok,0.12123428599988983,0.0969737177468267,0.6382920109999759
188,15.75,15.751060714999767,7.738289549000001,ok,0.1186457829999199,0.0964509746075962,0.6382932790002087
189,15.806999999999999,15.807580131999202,7.681350183000177,ok,0.10451608699986537,0.09590909367088438,0.6382911800001239
190,15.850999999999999,15.851428684999519,7.636476996000056,ok,0.10234500099977595,0.09536837294937085,0.6383192539997253
191,15.864999999999998,15.865922848999617,7.623070097999516,ok,0.08781934799935698,0.09538273930380295,0.638291940000272
192,15.893999999999998,15.894906175999495,7.594323436000195,ok,0.10061223100001371,0.09485694097468154,0.6382912919998489
193,15.908999999999999,15.90984591599954,7.578809223999997,ok,0.08988679100002628,0.09479614365822663,0.6382933340000818
194,15.922999999999998,15.923277384999892,7.565491169000779,ok,0.07642413800022041,0.09479810939240141,0.638289435999468
195,16.054,16.054580870999416,7.937523417000193,ok,0.07514344800074468,0.09952347443037139,0.6382893330001025
196,16.121,16.121820190999642,7.930873414999951,ok,0.12353768299999501,0.09882683684810228,0.6382923890005259
197,16.175,16.175460800999645,7.877127785999619,ok,0.11175682300017797,0.09829554926582665,0.6382952729991302
198,16.229,16.229179781999846,7.822814586999812,ok,0.09952639000039198,0.09776280017721074,0.6378650440001365
199,16.269,16.269579853999858,7.782516399000087,ok,0.06290283700036525,0.09771643346835222,0.6378640650000307
200,16.336,16.33665782099979,7.770081159000256,ok,0.11873314700005722,0.09685232051899358,0.6378624930002843
201,16.35,16.35101775699968,7.755631366999296,ok,0.14697503899969888,0.09631190137974091,0.6378638300002422
202,16.404,16.40466231299979,7.701766862999648,ok,0.09336568599974271,0.09630850716455572,0.6378667919998406
203,16.418,16.421117643999423,7.685387993000404,ok,0.08155148800051393,0.0962508821265814,0.6378652180001154
204,16.431,16.431247290999636,7.675991836000321,ok,0.07145061000028363,0.09625976097468773,0.6378622809997978
205,16.444,16.444185175999337,7.663120106999486,ok,0.058367945999634685,0.09626249292404845,0.6378620369996497
206,16.538,16.538645162999273,7.863722014999439,ok,0.10539762999997038,0.09820633977214809,0.6378619170000093
207,16.578,16.578592457000013,7.824331736000204,ok,0.10778427900004317,0.09767764877216006,0.6378622739994171
208,16.605,16.607042326999363,7.795824554999854,ok,0.12201927099977183,0.09713659508860807,0.6378622940001151
209,16.619,16.619561192999754,7.782068852000521,ok,0.1095495130002746,0.09712028086076178,0.6378656130000309
210,16.646,16.64626992399917,7.755419854000138,ok,0.12492100700001174,0.0965883996075925,0.637862941000094
211,16.659,16.65942519299915,7.743172862000392,ok,0.1118025759997181,0.09659937739240687,0.6378611670006649
212,16.686,16.686468741999306,7.716044246999445,ok,0.12586688499959564,0.09607800601266327,0.6378614389996073
213,16.767,16.767313578999165,7.634419015000276,ok,0.08740070100066077,0.09553169207594715,0.6378622110005381
214,16.781,16.781414348999533,7.620083474999774,ok,0.11471687799985375,0.09500414299999867,0.6383973110005172
215,16.808,16.808350189999146,7.594099167000422,ok,0.08785821499986923,0.09501550065823135,0.6384157610000329
216,16.834,16.834532192999177,7.568458675000329,ok,0.10428145500009123,0.09448309325316702,0.6384263589998227
217,16.861,16.861909847999414,7.540908898999987,ok,0.08194910299971525,0.09686941844155592,0.6384200439997585
218,16.875,16.875233384999774,7.527428635000433,ok,0.06874867800070206,0.09441349206328503,0.6384192590003295
219,16.888,16.888226323999334,7.51448875799997,ok,0.055776641000193194,0.09441389734176851,0.6384195430000545
220,17.051,17.05426244299997,8.218673889999991,ok,0.11524363900025492,0.1025744211772091,0.6384068919996935
221,17.076,17.077524206999442,8.196934899000553,ok,0.13476105500012636,0.10205265020252953,0.6384174049999274
222,17.126,17.12644121699941,8.147430148999774,ok,0.12931640799979505,0.10149474970886688,0.6384139179999693
223,17.138,17.1383922469995,8.135730619999777,ok,0.11725671900057932,0.10149948640506248,0.6384164219998638
224,17.164,17.16422940999928,8.10995128400009,ok,0.09145357200031867,0.10149979360758613,0.6384109770006035
225,17.202,17.20284440999967,8.071723398999893,ok,0.10058090999973501,0.10090036972152017,0.6384221300004356
226,17.214,17.21440916499978,8.06022181499975,ok,0.13767929799996637,0.10028517539240632,0.6384227700000338
227,17.227,17.227160627999183,8.047526981999908,ok,0.12496534199999587,0.10028543398734252,0.6384254320000764
228,17.265,17.265942793999784,8.008355222999853,ok,0.1278985750004722,0.09975244298734248,0.6384151809998002
229,17.328,17.32864731799964,7.94558081499963,ok,0.10812933199940744,0.09920808291139387,0.6384134199997789
230,17.353,17.353308024999933,7.9211830289996215,ok,0.12590799999998126,0.09867419729113253,0.6388239530006103
231,17.429,17.431061383999804,7.842881287999262,ok,0.08942074100013997,0.09814485705063114,0.6388206609999543
232,17.467,17.46799699299936,7.80601483800001,ok,0.056218869000076666,0.09809848697468508,0.6388159920006728
233,17.58,17.580148551999628,8.528386080999553,ok,0.10978428999987955,0.10656429774683636,0.7473526480007422
234,17.631,17.63142173399956,8.476563760999852,ok,0.1007056440002998,0.1060232042278424,0.7475548319998779
235,17.681,17.68203144399922,8.426073726999675,ok,0.09283917899938388,0.10548378253164789,0.7472801789999721
236,17.694,17.69513916300002,8.413769019000028,ok,0.0852050280000185,0.10542467964556705,0.7461291380004695
237,17.706,17.707071724999878,8.401777552000567,ok,0.07316835200072092,0.10542524953164306,0.7462465570006316
238,17.719,17.719252935999975,8.389442124000198,ok,0.060955044999900565,0.10542368929114512,0.7461569739998595
239,17.795,17.795561207999526,8.905511328000102,ok,0.10831005899945012,0.11135680693671389,0.7451535600002899
240,17.833,17.833495662999667,8.86726619000001,ok,0.11308770699997694,0.11081218697468045,0.7461868310001591
241,17.845,17.845689736999702,8.855323220000173,ok,0.10086027499983174,0.11081580689873981,0.7461274629995387
242,17.858,17.858797859999868,8.842087084000013,ok,0.13154308299999684,0.11025987753164603,0.7461279389999618
243,17.896,17.8969644029994,8.803697258000284,ok,0.09331379700051912,0.11025774630380061,0.7461194570005318
244,17.908,17.90906067099968,8.791764393000449,ok,0.08545306900032301,0.11020628750632372,0.7461862849995669
245,17.933,17.933381705999636,8.766414495999925,ok,0.06123000699972181,0.11019182118987005,0.7456658959999913
246,18.024,18.02901472799931,9.075478462999854,ok,0.1109179850000146,0.11347525141771464,0.7461013860001913
247,18.047,18.047278194999308,9.057665440999699,ok,0.13442065399976855,0.11295229675948876,0.7461287189998984
248,18.119,18.120378113999323,8.984038950000468,ok,0.10390006499983429,0.1124065193544314,0.746110101999875
249,18.143,18.144119263999528,8.959604127000603,ok,0.13118271900020773,0.1117519519493726,0.7471964979995391
250,18.166,18.166437090999352,8.938237477000257,ok,0.1089250599998195,0.11176328078480868,0.7472205449994362
251,18.19,18.191911077999976,8.913220546000048,ok,0.1275799459999689,0.11121047753164896,0.7472407609993752
252,18.202,18.202160772999378,8.90240420200007,ok,0.11721743999987666,0.11120471535443495,0.7462569919998714
253,18.214,18.21527953199984,8.889728148999893,ok,0.1042460819999178,0.1112084692911341,0.7456148609999218
254,18.237,18.238525805999416,8.86654945600003,ok,0.12142902899995534,0.11069756331645421,0.7456429410003693
255,18.308,18.308588493999196,8.796594268999797,ok,0.09351883700037433,0.11016535343037216,0.7456117290003021
256,18.332,18.33371487599925,8.770904956000777,ok,0.11320660900037183,0.10959094036708755,0.746294969999326
257,18.344,18.3441902579998,8.760540531000515,ok,0.10276234600041789,0.10959195264557003,0.7462851230002343
258,18.368,18.370131388999653,8.734642656000688,ok,0.126087424000616,0.10896889182278088,0.7462561590000405
259,18.392,18.392176880999614,8.711472825999408,ok,0.10401993699997547,0.10895469394936415,0.7462793340000644
260,18.404,18.404277801999342,8.700564464999843,ok,0.13597434900020744,0.10841237597468292,0.746284507999917
261,18.487,18.48820818799959,8.616685409000638,ok,0.09439599400047882,0.10787691320252588,0.7462835939995784
262,18.498,18.49841107999964,8.608082815000671,ok,0.1264629679999416,0.10736207706329741,0.7456097710000904
263,18.51,18.510981075000018,8.595008403000065,ok,0.11386706800021784,0.10735602999999243,0.7462846380003612
264,18.557,18.557455163999293,8.548823787999936,ok,0.10830689599970356,0.10684178563292047,0.7462839479994727
265,18.593,18.593807025999922,8.512121026999921,ok,0.07574609799939935,0.10678931353164973,0.7472501669999474
266,18.665,18.665273083999637,8.602974987999914,ok,0.11271846399995411,0.10747142030380283,0.7473220519996175
267,18.689,18.689761185999487,8.578785292999783,ok,0.13040353300038987,0.10694137286075982,0.7473810940000476
268,18.701,18.702283026999794,8.566219975999957,ok,0.11778856499950052,0.1069419969493699,0.7461713070006226
269,18.724,18.72486379899965,8.542328093999458,ok,0.09523337700011325,0.10692487353164232,0.7461624500001562
270,18.736,18.73706958799994,8.531547135999972,ok,0.12523035499998514,0.10640890918987483,0.7462035809994632
271,18.783,18.78318450400002,8.484068304000175,ok,0.12185584899998503,0.10585058505063288,0.7461362109997935
272,18.807,18.807206451999264,8.460754867000105,ok,0.09789351800009172,0.10585870497467297,0.7461955089993353
273,18.83,18.83038079799917,8.437649278000208,ok,0.11696431299969845,0.10532492273417615,0.74616698599948
274,18.842,18.84229299799972,8.425805959000172,ok,0.10492914600035874,0.10532736760758987,0.7461673629995857
275,18.878,18.87852930600002,8.389629702999628,ok,0.10982335599965154,0.1048074903164543,0.7461680910000723
276,18.89,18.89041073899989,8.37797334700008,ok,0.09798970900010318,0.10480972289873465,0.746170417999565
277,18.902,18.9031567739994,8.365289770000345,ok,0.08879500399962126,0.10476557173417779,0.7461708490000092
278,19.047,19.051792067999486,8.548609827999826,ok,0.11883555900021747,0.1067058281898679,0.7462116540000352
279,19.059,19.059854010999516,8.54048428599981,ok,0.1106941869993534,0.10670571155696962,0.7461868990003495
280,19.071,19.075741506999293,8.525455983999564,ok,0.13790030400014075,0.10617142221518763,0.7461685440002839
281,19.083,19.08351378899988,8.51723764000053,ok,0.13006865800070955,0.10616653091138584,0.747173359000044
282,19.119,19.119684092999705,8.479845683999883,ok,0.09386191500016139,0.10615131911392289,0.7471305469998697
283,19.143,19.14316455699918,8.457292621000306,ok,0.11316734100000758,0.10562166250633422,0.7472024059998148
284,19.166,19.166291024999737,8.434400800999356,ok,0.09008508399983839,0.1056240857088608,0.7461794239998198
285,19.19,19.190831179999805,8.410076172999652,ok,0.10863378999965789,0.10508140018988296,0.746769096999742
286,19.202,19.203060361999633,8.397577650999665,ok,0.0964480979992004,0.10507742482279148,0.7461786730000313
287,19.214,19.214821433999532,8.385365281999839,ok,0.1290753469993433,0.10450971441772294,0.7461212110001725
288,19.226,19.227448061999894,8.372805332000098,ok,0.11641208499986533,0.10451111021518932,0.7461941719993774
289,19.285,19.285602026999186,8.314915619000203,ok,0.10184207299971604,0.10396278926582224,0.7461523060001127
290,19.32,19.320719409999583,8.280069311000261,ok,0.11061995300042327,0.10341057887341512,0.746149761000197
291,19.344,19.345060865999585,8.256066516000828,ok,0.13008397600060562,0.10286030635442434,0.7467710849996365
292,19.368,19.368626334999135,8.231945124000049,ok,0.1064955869996993,0.10285361907594788,0.7461807460003911
293,19.38,19.380945882999185,8.219910522000646,ok,0.0940564769998673,0.10285874782278634,0.7467607839998891
294,19.404,19.40464372199949,8.197599748999892,ok,0.11194557900034852,0.10234987543037877,0.7461514380001972
295,19.416,19.417039285999635,8.185149254000862,ok,0.09946998300074483,0.10235016956961127,0.7461521859995628
296,19.463,19.463574997999785,8.138344801999665,ok,0.09464964299968415,0.10181868136709155,0.7461789369999678
297,19.498,19.498379009999553,8.103913658000238,ok,0.06448216900025727,0.10176479136709209,0.7471833700001298
298,19.51,19.510863471999983,8.09163643300053,ok,0.05209290200036776,0.10176618948100694,0.7471885120003208
299,19.569,19.56959797199943,8.224816576999729,ok,0.12510440000005474,0.10252782606328512,0.7474479909997171
300,19.581,19.581939697999587,8.212334484000166,ok,0.11268832000041584,0.10252698769619212,0.7461794020000525
301,19.605,19.605229322000014,8.188581772000362,ok,0.1322234950002894,0.1019790300253152,0.7461460260001331
302,19.617,19.61768030499934,8.175997150000512,ok,0.11984569900050701,0.10197619997467848,0.7461476409998795
303,19.629,19.63002202899952,8.164345253000647,ok,0.10744703100044717,0.10198584803796781,0.746179468000264
304,19.665,19.66618612699949,8.12789283300026,ok,0.11347735800063674,0.1014481112278409,0.746176794999883
305,19.689,19.689559389999886,8.104431948999263,ok,0.09007267899960425,0.10144739031645109,0.7461458970001331
306,19.701,19.701897698999346,8.091901986000266,ok,0.08204522599953634,0.1013903855316556,0.7461461709999639
307,19.724,19.724951965999935,8.069238831999428,ok,0.05903015799958666,0.10139485659493414,0.7461801129993546
308,19.83,19.830710373999864,8.124751215999822,ok,0.10845625199999631,0.10147187187341175,0.7459810700001981
309,19.842,19.84660943399922,8.108391398000094,ok,0.13326641999992717,0.1009506086582267,0.7461466089998794
310,19.878,19.879021387999273,8.07609472599961,ok,0.10082931099987036,0.1009525194050656,0.7461453559999427
311,19.914,19.914669727999353,8.040544332000536,ok,0.06910766500004684,0.10090406774683679,0.7461448039994139
312,20.09,20.094399061999866,8.635804165999616,ok,0.1293910140002481,0.10767592146835284,0.7461788499995237
313,20.112,20.114934805999837,8.615142720000222,ok,0.11334616900057881,0.10761745441771992,0.747200055000576
314,20.157,20.15740975999961,8.572288102999664,ok,0.07093093499952374,0.10761171735442916,0.7472136349997527
315,20.235,20.235530399999334,8.551748703000158,ok,0.1269055089996982,0.1066432047974685,0.7472153049993722
316,20.246,20.247565757999837,8.540419449000183,ok,0.11495539200041094,0.10665113194936336,0.746258229999512
317,20.257,20.257679752999138,8.530376925999917,ok,0.14779941599954327,0.10610835845569984,0.7462496919997648
318,20.302,20.30278242499935,8.485335944000326,ok,0.10272970299956796,0.10610873911393148,0.7462466060005681
319,20.314,20.315077921999546,8.47310177700001,ok,0.09045884199986176,0.10610922927847967,0.7462459649996163
320,20.336,20.33686604599916,8.451374021999982,ok,0.11090249300013966,0.10557542134177575,0.746247124000547
321,20.359,20.35996885899931,8.428412831999594,ok,0.13069502100006503,0.10503420837974059,0.7462240810000367
322,20.37,20.370691700999487,8.417747769000016,ok,0.12000917400018807,0.1050345000759552,0.7462250199996561
323,20.437,20.43775419799931,8.350775212000372,ok,0.09426624000025186,0.1045125968860737,0.7462517280000611
324,20.46,20.461962678999953,8.32665791600084,ok,0.11186218200055009,0.10398458239239827,0.7462274910003543
325,20.526,20.527925327999583,8.26074835899999,ok,0.08702802500010876,0.10346464255695836,0.746228185000291
326,20.56,20.560224022999137,8.22866936399987,ok,0.09635242500007735,0.10294050324050716,0.7462091999996119
327,20.605,20.606046136999794,8.18224725499931,ok,0.05443419499988522,0.10288353987342114,0.7462509899996803
328,20.728,20.728930034999394,8.2961731839996,ok,0.11329004199978954,0.10358047784810176,0.7462514200005899
329,20.785,20.78523088499969,8.240010088000417,ok,0.06035221900037868,0.10353977781011929,0.7471432399997866
330,20.841,20.841788764999365,8.250736097999834,ok,0.10929020899948227,0.10305602050633568,0.7471677090006779
331,20.896,20.896818861999236,8.1952985049993,ok,0.057641258999865386,0.10300798503797097,0.7471172409996143
332,21.011,21.014278709999417,8.969834153999727,ok,0.12438654099969426,0.11196735956962331,0.7460618069999327
333,21.022,21.022882559999744,8.961956372999339,ok,0.11583692199928919,0.1119759557974778,0.7460067930005607
334,21.045,21.04586630799986,8.938560521,ok,0.09804311100015184,0.11190509162025603,0.7460619109997424
335,21.067,21.067962020999403,8.916340432000652,ok,0.07585479900080827,0.11190467626581463,0.7460350880000988
336,21.079,21.07959431999916,8.905049662999772,ok,0.06425602699982846,0.11190857724051068,0.7456284249992677
337,21.168,21.169161105999592,8.860095959999853,ok,0.13406403899989527,0.11045591254430832,0.7460360169998239
338,21.179,21.18444382599955,8.844597940999847,ok,0.11875599399991188,0.11045323313923107,0.7460401160005858
339,21.201,21.206849636999323,8.82274858800065,ok,0.1387761700007104,0.10992353146834427,0.7460355920002257
340,21.224,21.225179793999814,8.804332439000063,ok,0.12042232800013153,0.10992272358227545,0.7460628139997425
341,21.235,21.23560565599928,8.793777939999927,ok,0.10988761199951114,0.10992247491138854,0.7460346090001622
342,21.269,21.27630018399941,8.752790037999148,ok,0.07343232699986402,0.10986508711392139,0.7460339159997602
343,21.28,21.280242154000007,8.748936369000148,ok,0.06959782000012638,0.10986485208860945,0.7460339710005428
344,21.37,21.371031494999443,8.684441016000164,ok,0.11247174199979781,0.10850571044303724,0.7460359309998239
345,21.392,21.392526965999423,8.664327196000158,ok,0.13146732000041084,0.10801057845569458,0.7469347819996983
346,21.471,21.471271522999814,8.583991839000191,ok,0.05713002799984679,0.10793465331645868,0.7468417580003006
347,21.526,21.5261889909998,8.558691384999292,ok,0.13800784899922292,0.1065907587215268,0.7468534039999213
348,21.537,21.538587786999415,8.546405211999627,ok,0.12577703300030407,0.10659006158226775,0.7454977309998867
349,21.549,21.55042018899985,8.534736564999548,ok,0.11392105999948399,0.1065924270000024,0.7454703980001796
350,21.582,21.582697836999614,8.5022245629998,ok,0.12278520400013804,0.10606867354429976,0.7454999860001408
351,21.594,21.594899927999904,8.489876175999598,ok,0.11057145999984641,0.10606697018987159,0.7454553259995009
352,21.605,21.606922455999666,8.47828545900029,ok,0.09864961600032984,0.10607117743038083,0.7454686639994179
353,21.627,21.629735170999993,8.454803143999925,ok,0.11718773300071916,0.10553924573417169,0.7465241290001359
354,21.672,21.67255389499951,8.412106204000338,ok,0.11555833300008089,0.10501940701265718,0.7465279629996076
355,21.684,21.684411894999357,8.40001042699987,ok,0.10367174299972248,0.10501665643038641,0.7465174570006639
356,21.717,21.717750109000008,8.366854719000003,ok,0.1108304669996869,0.1045064620379717,0.7465262020004957
357,21.751,21.75210596799934,8.332610519999434,ok,0.11852873899988481,0.10397554715190024,0.7454894259999492
358,21.785,21.785429252999165,8.29963050599963,ok,0.09199820999947406,0.10389390151898555,0.745497150999654
359,21.807,21.80731221499991,8.277158853999936,ok,0.07015359599972726,0.10388594478481997,0.7465209319998394
360,21.818,21.819378807999783,8.265448890999323,ok,0.05808243399951607,0.1038905495696194,0.7454481800004942
361,21.874,21.87482985099996,8.235790183000063,ok,0.13585421400057385,0.10253053611392451,0.7475146169999789
362,21.896,21.897984858999735,8.213002530999802,ok,0.1127359020001677,0.10519804398701398,0.7463713950000965
363,21.907,21.909415172999616,8.20163353299995,ok,0.10582762099966203,0.10247827074683208,0.7477774829994814
364,21.919,21.91977588899954,8.191367925000122,ok,0.09550435100027244,0.10247910264557573,0.7461311419992853
365,22.022,22.0224401079995,8.114008509000087,ok,0.1278163199995106,0.10371659785714538,0.7460381629998665
366,22.045,22.04575051499978,8.090771084999687,ok,0.14587467099954665,0.10056814059494115,0.7459069770002316
367,22.056,22.061040909999974,8.075362744999438,ok,0.13055435399928683,0.10056700369620523,0.7457900939998581
368,22.079,22.079537629999322,8.056390980999822,ok,0.11195366099946114,0.10056217831645915,0.7460370929993587
369,22.124,22.1261099809999,8.010228352000013,ok,0.10592446299961011,0.10005427035443223,0.7460004240001581
370,22.179,22.179504327999894,7.956587507999757,ok,0.05614178699943295,0.10000544243038222,0.7460645529999965
371,22.314,22.31436582399965,8.23290538800029,ok,0.1337612880006418,0.10252041660758643,0.746003013000518
372,22.381,22.38164014599988,8.167029949999232,ok,0.10903848099951574,0.10199970756962735,0.746064404000208
373,22.415,22.418933348999417,8.129097257000467,ok,0.11501157200018497,0.10144384072152172,0.7460648520000177
374,22.437,22.43847440099944,8.109636250000221,ok,0.09543691799990484,0.1014453579999997,0.7460639259998061
375,22.449,22.449307427999884,8.098850678999952,ok,0.1280334690000018,0.10089623996202735,0.7460650099992563
376,22.471,22.472134616999938,8.076101611000013,ok,0.10516453300078865,0.10089776584810133,0.7460660400001871
377,22.482,22.483946084999843,8.064347472000009,ok,0.09323652900002344,0.10089996668354811,0.7471854519999397
378,22.493,22.49386239299929,8.054505912000423,ok,0.1252509750001991,0.1003701311645595,0.7471864770004686
379,22.549,22.550169071999335,7.998295413000051,ok,0.0735310109994316,0.1003132984936696,0.7472096870005771
380,22.56,22.56073553999977,7.987996654000199,ok,0.06304860900036147,0.10031562556961737,0.7462022050003725
381,22.616,22.61687183599952,7.99497549500029,ok,0.11474025899951812,0.09974949593671699,0.7460070219995032
382,22.684,22.685016303999873,7.926896064000175,ok,0.05005459800031531,0.09970666041772347,0.7460136050003712
383,22.74,22.740270711999983,8.235240211000018,ok,0.13229871499970614,0.10256870939240258,0.7459940230000939
384,22.762,22.762322150999353,8.212876081000104,ok,0.11031873100000666,0.10256384234177363,0.7457983889999014
385,22.773,22.7768713939995,8.19846723200044,ok,0.13898112600054446,0.1020184055822696,0.746005494000201
386,22.785,22.78528020899921,8.190181768999537,ok,0.13047923799967975,0.10202138043038032,0.7459927209993111
387,22.807,22.808054524,8.167517736000264,ok,0.10782257299979392,0.10202129003798141,0.7459946859999036
388,22.818,22.81985646799967,8.154171542000768,ok,0.09586298600061127,0.10200353536708198,0.745989429000474
389,22.852,22.8528265369996,8.12194071200065,ok,0.10534486900087359,0.10147556706328079,0.7459867600000507
390,22.863,22.864771648999522,8.110116869000194,ok,0.09343776300011086,0.1014767525822795,0.7459863340000084
391,22.885,22.886844778999148,8.088148379999438,ok,0.11379969100016751,0.10094092310126006,0.7459842170001139
392,22.896,22.896813233999637,8.078292979000253,ok,0.10380047299986472,0.10094275574684167,0.7459838780005157
393,22.919,22.92005074899953,8.055350171999635,ok,0.08523287099978916,0.10088739040506131,0.7470283319998998
394,22.941,22.941985718999604,8.033179326000209,ok,0.06335318900073617,0.10088369925316455,0.7464405219998298
395,23.012,23.012527697999758,8.014462009999988,ok,0.132339120999859,0.09977351532912117,0.747156542999619
396,23.035,23.035768157999883,7.990393509000569,ok,0.1521716400002333,0.09921763163291399,0.745996658999502
397,23.083,23.083897825999884,7.942339784999604,ok,0.10407435399974929,0.09921833536709182,0.745996873999502
398,23.107,23.111069517000033,7.915360474000408,ok,0.11888232199999038,0.09868939608861206,0.7459515470000042
399,23.131,23.131564839999555,7.894964609999988,ok,0.09847409299982246,0.0986895710506406,0.7459465219999402
400,23.155,23.1560506299993,7.87087448300008,ok,0.12340261099961936,0.09806900587341548,0.743979416000002
401,23.226,23.226205377999577,7.800920644999678,ok,0.058865736999905494,0.09800051327848347,0.7446517979997225
402,23.296,23.296280081999612,7.821291831000053,ok,0.10233683200021915,0.09770797960759467,0.7446547139998074
403,23.38,23.380611349999526,7.886874365999574,ok,0.14512981699954253,0.09799659730380214,0.744001185000343
404,23.416,23.419911223999407,7.847930558999906,ok,0.15077354700042633,0.0974321896708808,0.7446590469999137
405,23.428,23.428738032999718,7.8377654630003235,ok,0.14199940700018487,0.0974143445316454,0.7459954859996287
406,23.463,23.463475475999985,7.803948132999722,ok,0.10735105200001271,0.09742509389873047,0.7459469380000883
407,23.475,23.47576406799999,7.792208996000227,ok,0.09509031200013851,0.09743169546836035,0.7459981279998829
408,23.487,23.490023665999615,7.777181589000065,ok,0.12544515399986267,0.09685709632911405,0.7459984910001367
409,23.498,23.502152853999178,7.765132802000153,ok,0.11340883699995175,0.09685705605063302,0.7469540609999967
410,23.522,23.523307367999223,7.744037520999882,ok,0.1357635519998439,0.09630706569620272,0.7469299020003746
411,23.593,23.593545309999172,7.674001243999555,ok,0.10843746800037479,0.09576645697467905,0.7449074120004298
412,23.617,23.617835626999295,7.649769485999968,ok,0.12723926800026675,0.09522173210126898,0.7446614700002101
413,23.629,23.629902303999188,7.637750783999763,ok,0.11520177700003842,0.09522197335443223,0.7446366580006725
414,23.677,23.67829438699937,7.589424939999844,ok,0.07397999700060609,0.0951320527468322,0.7446356509999532
415,23.748,23.7482946909995,7.568090581999968,ok,0.13905394499943213,0.09403823417722355,0.7446338239997203
416,23.795,23.795559073999357,7.5206699609998395,ok,0.09570835700014868,0.0939865284177197,0.7447234819992445
417,23.818,23.818651233999844,7.497828345000016,ok,0.07253389200013771,0.09399088022784574,0.7446515700003147
418,23.902,23.902433314999143,7.506773203999728,ok,0.10212032300023566,0.09372942193670186,0.7446522560003359
419,24.095,24.09564825599955,7.658933804999833,ok,0.11067657599960512,0.09554735513923829,0.7446611789991948
420,24.119,24.119167418999496,7.635320637999939,ok,0.12961581099989417,0.095008638037972,0.7446479230002296
421,24.19,24.190923061999456,7.563741420000042,ok,0.10090508199937176,0.09446609900000043,0.7446631740003795
422,24.202,24.203217712999503,7.551656293000633,ok,0.08865303600032348,0.09446820754429966,0.7446498019999126
423,24.214,24.214524611999877,7.540446369000165,ok,0.08192879200032621,0.09441142840505909,0.7446491659993626
424,24.226,24.226223758999367,7.527462142000331,ok,0.07026454400056537,0.09439456465822298,0.7446488420000605
425,24.296,24.29655638099939,7.7677631739998105,ok,0.14050191699971037,0.09654711198734593,0.7459926769997764
426,24.356,24.35617827799979,7.708332322000388,ok,0.12342091000027722,0.09601136255696474,0.746015432000604
427,24.368,24.368311911999626,7.696318895000331,ok,0.11137764500017511,0.09601174154430495,0.7459892560000299
428,24.404,24.40826667700003,7.656650830999752,ok,0.11314607699932822,0.09548721570886128,0.7456669829998646
429,24.416,24.416944042999603,7.648242258999744,ok,0.10443809899970802,0.09549095670886172,0.7456661520000125
430,24.44,24.440243808999185,7.6234555029996045,ok,0.12400286499996582,0.09492940512657846,0.7456280819997119
431,24.487,24.487879566999254,7.576513394999893,ok,0.11848271899998508,0.09440524013924788,0.7456617730003927
432,24.498,24.49991901499925,7.5645439419995455,ok,0.10638306399960129,0.09440690594936636,0.7456627370002025
433,24.51,24.51189181599966,7.552694042999974,ok,0.0945508949998839,0.09440669879746519,0.7456838709995282
434,24.557,24.558604212999853,7.506093327000599,ok,0.051839171000210627,0.09435748020253333,0.745696640999995
435,24.641,24.641645605999656,7.799318474999382,ok,0.13162152699987928,0.09705918279746871,0.7456726560003517
436,24.665,24.665155100999982,7.775957521000237,ok,0.15058216499983246,0.0965235486962079,0.7456717389995902
437,24.689,24.689539222999883,7.752277798999785,ok,0.12643422999917675,0.0965294854810123,0.7456702819999919
438,24.701,24.701414966999437,7.739760448999732,ok,0.11449681399972178,0.09652214829114926,0.7456690409999283
439,24.712,24.713124299999436,7.728113400999973,ok,0.10281514300004346,0.09652258632911381,0.7456670250003299
440,24.724,24.72501721899971,7.716744397000184,ok,0.09094421800000418,0.096528856050629,0.745666146000076
441,24.748,24.749051199999485,7.691742814999998,ok,0.10875385300005291,0.09598699337974825,0.746061144000123
442,24.783,24.783466033999503,7.658405873999982,ok,0.11703517699970689,0.09546021937975512,0.7459224899994297
443,24.795,24.79553787399982,7.646394470999439,ok,0.10511248900002101,0.09545910569619381,0.7456987000005029
444,24.807,24.807448906999525,7.633430322000095,ok,0.09317857600035495,0.09544595464556067,0.7452824689999034
445,24.83,24.830162623999968,7.610879818000285,ok,0.11137973199947737,0.0949301857595004,0.7453704770005061
446,24.842,24.84388189299989,7.597408205000647,ok,0.09758453900030872,0.09493430926582572,0.7452949930002433
447,24.89,24.89099814399924,7.549115136999717,ok,0.09086960799959343,0.09440779008861072,0.7456267700008539
448,24.926,24.927863342999444,7.5134991129998525,ok,0.09432381700025871,0.09391343246835863,0.7453383500005657
449,24.938,24.94010110199997,7.500626897999609,ok,0.12259627799994632,0.09339249154430646,0.7456488570005604
450,25.0,25.001085135999347,7.44033305999983,ok,0.06579996500022389,0.0933483539240483,0.7453157159998227
451,25.076,25.077079189999495,7.457359658999849,ok,0.10406263000004401,0.09307932308860749,0.7456379610002841
452,25.088,25.088304701999732,7.446343880000313,ok,0.0928380349996587,0.09308214643038533,0.7456526030000532
453,25.189,25.18935408499965,7.454612692999945,ok,0.11676759700003458,0.09288395760759618,0.7279810059999363
454,25.24,25.24095511499945,7.402693955999894,ok,0.10631314700003713,0.09235902396202722,0.6867820119996395
455,25.278,25.283041203999346,7.359456686000158,ok,0.10520422100034921,0.09182557462024962,0.6456650130003254
456,25.29,25.291033074999177,7.3522556479993,ok,0.09731871099938871,0.0918344332278507,0.6456123610005307
457,25.303,25.30395206599951,7.33999245799987,ok,0.1249210989999483,0.09132985275948757,0.6062809969998852
458,25.366,25.36651240699939,7.2768573050007035,ok,0.10487203699995007,0.0907844286582387,0.5635703380003179
459,25.404,25.404530497999986,7.238904021999588,ok,0.1114198139994187,0.09022113708861186,0.526682128000175
460,25.416,25.41662848099986,7.226868261000163,ok,0.09936856300009822,0.09022133859493403,0.5266696070002581
461,25.429,25.430040738999196,7.21351653199963,ok,0.12969965299998876,0.08966839468353734,0.526676793999286
462,25.442,25.443279216999144,7.200334393999583,ok,0.11650930399991921,0.0896685098987291,0.526678549999815
463,25.492,25.49267405699993,7.151042139999845,ok,0.11094158099967899,0.08911502815190724,0.5266679599999406
464,25.504,25.5053725559992,7.138404801999968,ok,0.09828444799950375,0.08911528798734816,0.526688476000345
465,25.542,25.54324850699959,7.099961068000084,ok,0.1015964520001944,0.08858658897467729,0.5266917899998589
466,25.58,25.58105108899963,7.062830701000166,ok,0.10613523200026975,0.08805928184810449,0.5266901139993934
467,25.605,25.60582276199966,7.038339450999956,ok,0.12510086600013892,0.08750911522784469,0.5266908620005779
468,25.618,25.618980699999156,7.024857583000085,ok,0.1119102490001751,0.08750550263290809,0.5266914789999646
469,25.656,25.657036946999142,6.988401065999824,ok,0.11703770899930532,0.08697910893670845,0.5266675769998983
470,25.669,25.669318655999632,6.97668038700067,ok,0.10462545700011106,0.08698787577216109,0.5266922720002185
471,25.681,25.68176982999921,6.962846563999847,ok,0.09233213599964074,0.08696827273417765,0.5266687309995177
472,25.694,25.694397991999722,6.951508993000061,ok,0.12198611300027551,0.08644947722784965,0.526691980000578
473,25.706,25.706505547999768,6.939463022000382,ok,0.10985270300079719,0.08645060248101247,0.5266917259996262
474,25.744,25.745106841999586,6.90017071300008,ok,0.11305971900037548,0.08591263186076216,0.5266679269998349
475,25.757,25.75730908999958,6.887891942000351,ok,0.10087293900051009,0.08591145205062713,0.5266675859993484
476,25.795,25.795297219999156,6.85055245500007,ok,0.10455666300003941,0.08539211643038251,0.526691593000578
477,25.82,25.8205501679995,6.825518057999943,ok,0.12089420299980702,0.08486850993670521,0.5266684749994965
478,25.833,25.834014420999665,6.811038200999974,ok,0.10734485600005428,0.0848566268227784,0.5266694369993274
479,25.896,25.896422274999168,6.748961218000659,ok,0.08538804300042102,0.08434883929113554,0.527377740000702
480,25.908,25.91003954199914,6.7350889629997255,ok,0.07675398099945596,0.08428253779747817,0.5272969130001002
481,26.076,26.078243170999485,6.772997748999842,ok,0.13087847099995997,0.08407730562025272,0.5061909989999549
482,26.101,26.102496647999942,6.748490329999186,ok,0.14871591699920828,0.08354128501266328,0.4640521830006037
483,26.138,26.13860369699978,6.71120518799944,ok,0.11264053399918339,0.08352575232912167,0.4638929270004155
484,26.189,26.189994116999515,6.6608103379994645,ok,0.10479134299930593,0.08298739286076656,0.42044057400016754
485,26.227,26.228371676999814,6.622495104999871,ok,0.11186535799970443,0.08241286105063018,0.37840379800036317
486,26.24,26.240393122999194,6.61071574899961,ok,0.0997987649998322,0.08241650358227565,0.37842380099937145
487,26.265,26.265447435999704,6.585895186000016,ok,0.11884827399990172,0.08186118659494564,0.3784249259997523
488,26.278,26.278472909999437,6.572930039000312,ok,0.10592444699977932,0.08186066422784946,0.3783984249994319
489,26.29,26.29058366999925,6.560025970999959,ok,0.14053288099967176,0.0812590828480995,0.3784255040000062
490,26.303,26.30503861299985,6.546415550000347,ok,0.12610247700013133,0.08126962075949692,0.3783979840000029
491,26.315,26.315622596999674,6.535595956000179,ok,0.11544685100034258,0.08126755654430332,0.3783976820004682
492,26.34,26.34038395599964,6.510777860999951,ok,0.1378585109996493,0.08066970064556941,0.3783986980006375
493,26.391,26.391652912999234,6.45908648600016,ok,0.12931085500076733,0.08012355991138952,0.3784269299994776
494,26.404,26.404630549999638,6.4460503949994745,ok,0.1162591579995933,0.08012372574683445,0.3784263640000063
495,26.416,26.417042628999297,6.434000893999837,ok,0.10381641300045885,0.08012875735442355,0.37842408300002717
496,26.467,26.46844422599952,6.38247616299941,ok,0.09449232499991922,0.0795945574556892,0.37842539600023883
497,26.492,26.49343969199981,6.358952616999886,ok,0.11252683700058697,0.07906848054429973,0.3784266619995833
498,26.504,26.506023882999216,6.34611005700026,ok,0.09990649399969698,0.07906559237974911,0.3784249339996677
499,26.555,26.555200420999427,6.297345832999781,ok,0.09269421299995884,0.07853970844303436,0.3784235309994983
500,26.631,26.633174012999916,6.371505473999605,ok,0.1026939109997329,0.07935184186076588,0.3783970800004681
501,26.681,26.682129622999128,6.322342052999375,ok,0.058489327999268426,0.07928893493670883,0.37842674200055626
502,26.757,26.75783243099977,6.336200566000116,ok,0.12369126100020367,0.0786389757974656,0.37842552899928705
503,26.769,26.76996394699927,6.324989158999415,ok,0.15443266999955085,0.07810802739240438,0.37842636200002744
504,26.795,26.79526604699913,6.299811673000477,ok,0.12928700800057413,0.07810772802531574,0.3778494310008682
505,26.807,26.80729087599957,6.287849036999432,ok,0.11713982399942324,0.07811006577215762,0.3778487290001067
506,26.82,26.82112412599963,6.274147049000021,ok,0.10341104500002984,0.0781104076075948,0.3778485719994933
507,26.871,26.871162198999627,6.224246185000084,ok,0.09462003800035745,0.07758960365822244,0.3778485799994087
508,26.883,26.883711837999726,6.211819101999936,ok,0.12304293499983032,0.0770728915443019,0.3778488100006143
509,26.933,26.934748635999313,6.16026870099995,ok,0.11044474400023319,0.07657986260759962,0.37785014500059333
510,27.04,27.04096541799936,6.126693518999673,ok,0.09567943599995488,0.07634171868354499,0.37784936299976835
511,27.054,27.055391918999703,6.112560732999555,ok,0.12415819899979397,0.0758023021265827,0.37784855400059314
512,27.121,27.121981511999365,6.044789139000386,ok,0.09942893999959779,0.07525736236708971,0.37785265300044557
513,27.148,27.148845306999647,6.018391499000245,ok,0.07733748500049842,0.07715624394805,0.4080477269999392
514,27.242,27.242429893999542,6.0970207800000935,ok,0.126648909999858,0.07557411660759442,0.3778503980001915
515,27.269,27.273539174999314,6.066666220000116,ok,0.1392910539998411,0.07502986268355016,0.37785022700063564
516,27.283,27.284710029999587,6.055424210999263,ok,0.12819374999980937,0.07502791320252925,0.37785098800031847
517,27.31,27.31057080699975,6.028808312000365,ok,0.10222655100005795,0.0750196225316462,0.377850990999832
518,27.323,27.32346795199919,6.016864268000063,ok,0.09399438299988105,0.0749725936708918,0.3778504330002761
519,27.35,27.35038789600003,5.990013581999847,ok,0.0671502450004482,0.07497276398733654,0.3778502670002126
520,27.431,27.431740966999314,6.30330106800011,ok,0.10362212100062607,0.07847659884809897,0.3788963209999565
521,27.511,27.511915811999643,6.2487469730003795,ok,0.12332645300011791,0.0775367715316435,0.3789069329995982
522,27.525,27.53019478599981,6.230404181999802,ok,0.14862052599983144,0.07698427197468662,0.3789060999997673
523,27.538,27.538531037999746,6.222372002999691,ok,0.14031662899924413,0.07698786440506653,0.37890941299974656
524,27.578,27.57829233299981,6.182755007000196,ok,0.1004087499995876,0.0769915442911445,0.37891260200012766
525,27.592,27.592148207999344,6.1688482019999356,ok,0.12950923900007183,0.07644714262026159,0.3789106180001909
526,27.605,27.60910726899965,6.151662865999242,ok,0.1125816029998532,0.07644387726582011,0.37890816399976757
527,27.673,27.673530342999584,6.087743170000067,ok,0.05257093199998053,0.07639434594936655,0.37891639700046653
528,27.794,27.798101367999152,6.098385280000002,ok,0.09662846799983527,0.07597124669620273,0.37888609299989184
529,27.875,27.876059921999513,6.083681000999604,ok,0.11507009300021309,0.07555165527847299,0.3789000890001262
530,27.888,27.89238528899932,6.067644596999344,ok,0.10342555899933359,0.07549623400000546,0.3789098090001062
531,27.929,27.929807757999697,6.030425771999944,ok,0.06596687000001111,0.07549928129114211,0.3789151170003606
532,28.027,28.028029890999278,6.0087602290004725,ok,0.13342463099979796,0.07437100748102009,0.37890237499959767
533,28.04,28.04278616099964,5.994136351000634,ok,0.11877083600029437,0.07437153288607032,0.37890426499961904
534,28.067,28.06796464799936,5.968898602000081,ok,0.1366562930006694,0.07382565905062839,0.3789076800003386
535,28.08,28.08077445299932,5.9562072329999864,ok,0.1238706229996751,0.07382687243037403,0.3789093280001907
536,28.094,28.0944861579992,5.942554657000073,ok,0.10997082300036709,0.07383000696202693,0.37904089499988913
537,28.108,28.10882916399987,5.928278698000213,ok,0.09577086700028303,0.07382903892404918,0.37904199399963545
538,28.148,28.15004372399926,5.887109563000195,ok,0.09573997400002554,0.07330831658227792,0.3790440030006721
539,28.162,28.16272236899931,5.8747433059998,ok,0.08694153299984464,0.07326305391139797,0.3790450320002492
540,28.256,28.25685740299923,5.829933470000469,ok,0.13171178300035535,0.07212923372151613,0.37733768799989775
541,28.269,28.269905360999473,5.816931137999745,ok,0.1187390269997195,0.07212885643038354,0.377338545999919
542,28.31,28.310546510999302,5.77635127800022,ok,0.12113850900004763,0.07158480644303854,0.3773392410002998
543,28.336,28.336780579999868,5.750172467000084,ok,0.09499042400057078,0.07158442417721168,0.3774252819994217
544,28.363,28.364383966999412,5.7210800120001295,ok,0.11057705200073542,0.07101864717721203,0.37690781699984655
545,28.377,28.377231403999758,5.7089803989993015,ok,0.09776828199937881,0.07102767968355025,0.3769135640004606
546,28.39,28.39083342699996,5.695448327000122,ok,0.12737176299924613,0.07048178824050963,0.3772856790001242
547,28.404,28.404550147999544,5.681810578000295,ok,0.11373711700070999,0.07048175169619511,0.3772935649994906
548,28.444,28.44595732599919,5.6410481149996485,ok,0.11607040499984578,0.06993627381012353,0.377428322999549
549,28.458,28.45875790699938,5.6276590209999995,ok,0.10318781199930527,0.06992984578481568,0.3772970800000621
550,28.485,28.485181488999842,5.601288915000623,ok,0.12091025000063382,0.06937171024050189,0.3772996220004643
551,28.511,28.511178703999576,5.57535079399986,ok,0.09494896399974095,0.06937199665822799,0.37732950000008714
552,28.538,28.538484705999508,5.5481488019995595,ok,0.10972081499949127,0.06884069956962592,0.3773339819999819
553,28.551,28.551377674999458,5.535315136999998,ok,0.09686670100018091,0.07062902080519076,0.37733571599983406
554,28.578,28.578227887999674,5.5085135979998086,ok,0.11138373700032389,0.06831793253163769,0.37733632100025716
555,28.633,28.633357400000023,5.453221460999885,ok,0.06001405400002113,0.06826828513924198,0.37733266499981255
556,28.821,28.823008476999348,5.903901229999974,ok,0.11918406699987827,0.07322404365822877,0.3773303529997065
557,28.834,28.835143536000032,5.891832968999552,ok,0.1497302909992868,0.07268465353165453,0.3774985719992401
558,28.848,28.85203644199919,5.874999620000381,ok,0.13287425199996505,0.07268496017722204,0.37750360100017133
559,28.875,28.87593750399992,5.851165723000122,ok,0.10904391199983365,0.07268491805063627,0.37750567799957935
560,28.902,28.903046451999217,5.823469207999551,ok,0.08536735500001669,0.07263383783544058,0.37728349400003935
561,29.013,29.013621893999698,5.800820768999984,ok,0.11432373000025109,0.07198077296202485,0.3772878439995111
562,29.04,29.040420753000035,5.774150149999514,ok,0.13052812899968558,0.07143807606328814,0.3772874269998283
563,29.108,29.108734301999903,5.705775207999977,ok,0.10489907900046092,0.07089697608860868,0.3772883380006533
564,29.148,29.14916397199977,5.665564208999967,ok,0.10684538200075622,0.07036334241772088,0.3769306869999127
565,29.162,29.162365415999375,5.651036510000267,ok,0.09361008599989873,0.072173978753246,0.37728081899967947
566,29.202,29.203156607999517,5.610974631999852,ok,0.09518273999947269,0.06981981889874055,0.37728507300016645
567,29.215,29.215803244999734,5.598404413000026,ok,0.08704676400066091,0.07157585259739624,0.3772862380001243
568,29.323,29.324067408999326,5.534517985000093,ok,0.11533749099999113,0.0685969120000042,0.37728569400042034
569,29.336,29.336386623999715,5.522304651000013,ok,0.14501124900016293,0.06983475885714473,0.37728660099946865
570,29.418,29.418658848999257,5.440125537999847,ok,0.10430988999996771,0.06754178431645737,0.3772881419999976
571,29.458,29.45859222099989,5.40028224300022,ok,0.10709988700000395,0.06700212551898899,0.37728718600010325
572,29.498,29.498597998999685,5.360330470999543,ok,0.07149260200003482,0.06694714281012595,0.37750862699977006
573,29.511,29.51181338599963,5.347175289999541,ok,0.05831659299929015,0.06694740651898969,0.3775093199992625
574,29.619,29.62116369999967,5.38575543800016,ok,0.3940081860000646,0.06318633854430175,0.3325822110000445
575,29.686,29.686322986999585,6.31906753200019,ok,0.48733821400037414,0.07381918926581374,0.5340876609998304
576,29.7,29.700385062999885,6.305089200000111,ok,0.47332213899971975,0.07381967388607072,0.5340870770005495
577,29.727,29.727870290999817,6.278113571999711,ok,0.44588751299943397,0.0738254074557045,0.5340942180000638
578,29.767,29.767391218999364,6.237636611000198,ok,0.4062245459999758,0.07381500881011918,0.5341518310005995
579,29.808,29.808888233999824,6.19674618099998,ok,0.3648343169998043,0.07382151446835208,0.5340880069998093
580,29.821,29.821382558999176,6.184362900999986,ok,0.3523601750002854,0.07382265124050708,0.5340961279998737
581,29.848,29.84883926799921,6.155454372000349,ok,0.32475749100012763,0.07380591613924434,0.5342030559995692
582,29.875,29.87633849699978,6.128749690999939,ok,0.2972863499999221,0.0738157808354451,0.5341219960000672
583,29.902,29.903827843999352,6.101334240999677,ok,0.269826189000014,0.07381636981012256,0.5341197279994958
584,29.915,29.91527481799949,6.089952020000055,ok,0.25840312400032417,0.0738168930632853,0.5341145639995375
585,30.0,30.003741023999282,6.0015365959998235,ok,0.17003213299994968,0.07381633474683383,0.534094616999937
586,30.043,30.05276503799996,5.9525966730006985,ok,0.12102605500058417,0.07381716824049732,0.5340880249996189
587,30.058,30.06853270800002,5.9372676659995705,ok,0.12594428099964716,0.07356089172151746,0.534093582999958
588,30.072,30.08411648299989,5.921415867000178,ok,0.11032787899966934,0.07355791574684213,0.5340879790001054
589,30.101,30.109748244000002,5.8958380789999865,ok,0.128090623999924,0.07300929864556531,0.534087867999915
590,30.115,30.12670431299921,5.8789884990001156,ok,0.11109656600001472,0.07301113431646017,0.5342748200000642
591,30.144,30.15187188099935,5.855063961000269,ok,0.08999989299991284,0.07297523218987201,0.5339019779994487
592,30.159,30.17384895699979,5.833181386999968,ok,0.06812434799940092,0.072975220050639,0.5340713919995324
593,30.245,30.2451812599993,5.801817311999912,ok,0.13325615900066623,0.0717537588860736,0.5340805840005487
594,30.303,30.304184767999686,5.742511972999637,ok,0.11665062999963993,0.07121323265822913,0.5339022600001044
595,30.318,30.318279366999377,5.728545934000067,ok,0.10259361899989017,0.07121438997468361,0.5339008699993428
596,30.347,30.35354248599924,5.692991335999977,ok,0.10957383200002369,0.07067586748101498,0.5339018370004851
597,30.39,30.390630262999366,5.656316202999733,ok,0.11418075899928226,0.07015342850633105,0.53407770099966
598,30.448,30.449074215999644,5.597518815999138,ok,0.05952509099915915,0.07010098515190834,0.5339018309996391
599,30.519,30.51980900199942,5.7943068589993345,ok,0.12735636299930775,0.07173337979747885,0.5339020040000833
600,30.548,30.55244970199965,5.761782189999394,ok,0.13779153499945096,0.0711895788101312,0.5339010919997236
601,30.562,30.563045029000023,5.751446276000024,ok,0.12716319099945395,0.07119328968354562,0.5339027589998295
602,30.576,30.57681296499959,5.737739323999449,ok,0.11352721200000815,0.07119239086075106,0.5340818070008027
603,30.605,30.605776097999296,5.707176291999531,ok,0.12756183100009366,0.07062760063291545,0.5339020920000621
604,30.62,30.62446582099983,5.688566090000677,ok,0.10890971100070601,0.07062834246834761,0.5339015130002736
605,30.649,30.64934551999977,5.66375837600026,ok,0.12663572299970838,0.070089961481014,0.5339027030004218
606,30.678,30.67900109399943,5.634957088000192,ok,0.09694524299993645,0.07010122949366955,0.5339017850001255
607,30.692,30.692501288999665,5.621683537000536,ok,0.12508415699994657,0.06957703418987576,0.5339283450002767
608,30.721,30.72211890699964,5.592178470000363,ok,0.09554771800048911,0.069577435670885,0.5339304300005097
609,30.75,30.7505546579996,5.563883116999932,ok,0.10969451900018612,0.06904019432911096,0.5339302600004885
610,30.793,30.793178091999835,5.520639840000513,ok,0.11061288900054933,0.06848106016455352,0.5339380629993684
611,30.808,30.80915040799937,5.504909451999993,ok,0.09467446500002552,0.06848379844304182,0.5339315629998964
612,30.822,30.822822661999453,5.491558127999269,ok,0.08583579499918415,0.06842669706330076,0.533930280000277
613,30.851,30.851613068000006,5.462275072000011,ok,0.05695870300041861,0.06842152686076128,0.5339348489997064
614,31.029000000000003,31.034493348999604,5.649458183000206,ok,0.12007781400006934,0.06999177396202085,0.5339331260001927
615,31.043,31.043406713999502,5.640700242999628,ok,0.15462571199986996,0.06944379443037961,0.53392947500015
616,31.058,31.062024734999795,5.622141508999448,ok,0.13608361600017815,0.06944358007594813,0.5339287959996
617,31.101,31.10208449699985,5.5824407890004295,ok,0.09590312399996037,0.07125352023376763,0.5339271740003824
618,31.130000000000003,31.130774767999355,5.553261013999872,ok,0.07106609799939179,0.06939465626582884,0.5339285220006786
619,31.317999999999998,31.320113558999765,5.53250567699979,ok,0.12454493299992464,0.06845488232911405,0.5339284000001498
620,31.332,31.332777246999285,5.519915652000236,ok,0.1119211550003456,0.0684554345822752,0.5339292999997269
621,31.39,31.391134808999595,5.461613968000165,ok,0.09420045000024402,0.06794175753164589,0.5339307320000444
622,31.418999999999997,31.42034269099986,5.43246591299976,ok,0.06913296499988064,0.06789012453164911,0.5339293770002769
623,31.561999999999998,31.56217557799937,5.416505356999551,ok,0.11492451699996309,0.06710828421518836,0.533882275999531
624,31.576,31.580644863999623,5.398105434000172,ok,0.10025426599986531,0.06706121203797587,0.5338839530004407
625,31.604999999999997,31.60532186099954,5.373573040999872,ok,0.075643780000064,0.06706220963290814,0.5338812199997847
626,31.677999999999997,31.678278751999642,5.323819410000397,ok,0.11040761100048258,0.0659923978481039,0.5338635819998672
627,31.706000000000003,31.70616885199979,5.295303076999517,ok,0.12310080299994297,0.0654705516835402,0.5335547100003168
628,31.764000000000003,31.767375446999722,5.234616826000092,ok,0.10256760700031009,0.06496247525316177,0.5338874489998489
629,31.822000000000003,31.822899034999864,5.179142934999618,ok,0.08958434299984219,0.06442463069619914,0.533552676999534
630,31.836,31.836436405999848,5.165839037000296,ok,0.11874525800067204,0.0638870301645511,0.533865104999677
631,31.851,31.852433467999617,5.149106456000482,ok,0.10267468900019594,0.06387868381013125,0.5335525179998513
632,31.865000000000002,31.865444622999348,5.136291179999716,ok,0.0896216959999947,0.06388171005063312,0.533869728999889
633,31.894,31.895148478999545,5.106788660999882,ok,0.10089068800061796,0.06336562388606823,0.5338854510000601
634,31.909,31.909185237999736,5.092418025999905,ok,0.08690163499977643,0.06336077688607888,0.5335516940003799
635,31.923000000000002,31.92367537299924,5.078115258000253,ok,0.07643479699981981,0.0633122345316454,0.5338789469997209
636,32.031,32.0313385139998,5.113782991999869,ok,0.1294026119994669,0.06309322931645488,0.5338845629994466
637,32.077,32.07792038499974,5.06573985400064,ok,0.12391254300018772,0.06255436834177273,0.5335572009998941
638,32.14,32.140747454999655,5.003826677999314,ok,0.10344456499933585,0.062029869594938,0.5335516959994493
639,32.171,32.17193641999984,4.97270812700026,ok,0.11405718800051545,0.061501709202528655,0.5338087919999452
640,32.187,32.18790888999956,4.956799042000057,ok,0.09817801099961798,0.061501341101264394,0.5338129249994381
641,32.233,32.23405853899931,4.910713089000637,ok,0.09393863000059355,0.060971642392406135,0.533811130999311
642,32.264,32.26441521199922,4.880418828000074,ok,0.06833035199997539,0.06091233536708502,0.5338128069997765
643,32.28,32.28062340899942,4.864269851000245,ok,0.05220752600052947,0.060912011481009304,0.533815155999946
644,32.342,32.34301863999917,4.927578871000151,ok,0.11043467899980897,0.06097617958228143,0.5338066299991624
645,32.435,32.43543053999929,4.963376137999148,ok,0.13706382999953348,0.06267900064934807,0.5337915139998586
646,32.451,32.45353120799973,4.945465605999743,ok,0.119024397999965,0.06109383564556463,0.5337911710003027
647,32.482,32.482597729999725,4.915905928999564,ok,0.09445226299976639,0.06103058351898285,0.5337922569997318
648,32.497,32.49871328399968,4.899904395999329,ok,0.07825744399997348,0.06103314511391879,0.5337921689997529
649,32.606,32.606244551999225,4.934811534999426,ok,0.1035951859994384,0.06115408510126881,0.5338046990000294
650,32.761,32.76308010499997,4.9461560709996775,ok,0.12363513699983741,0.06104403059493328,0.5338051409999025
651,32.777,32.779464856999766,4.929998808000164,ok,0.14890627100066922,0.060519746683537594,0.5338075920008123
652,32.839,32.83970787399994,4.870889345999785,ok,0.08869346800020139,0.06053365727847783,0.5338089180004317
653,32.854,32.85844355499921,4.852333761999944,ok,0.11139953300062189,0.06001146248100564,0.5338080530000298
654,32.886,32.886383807999664,4.8246874940005,ok,0.08810675600034301,0.059956337898728625,0.5338094469998396
655,33.015,33.01574823299961,4.755538437000723,ok,0.11622993700075313,0.058725018113916665,0.5336637749996953
656,33.046,33.0466523669993,4.724234543999955,ok,0.0894935729993449,0.05866724446835328,0.5336699380004575
657,33.062,33.06258811099997,4.708189956999377,ok,0.07347858799948881,0.05866674472151858,0.5336930869998469
658,33.156,33.15776016399923,4.82127594099984,ok,0.1069503379994785,0.05967454853164125,0.5336667050005417
659,33.218,33.219307695999305,4.759810135000407,ok,0.04931278900039615,0.05962622677215441,0.5336663079997379
660,33.264,33.2647972069999,4.735657227999582,ok,0.11352582099971187,0.05850759332911999,0.5336643480004568
661,33.295,33.29587375599931,4.703158317000089,ok,0.12684431500019855,0.05792751015190022,0.5337049569998271
662,33.326,33.327079198999854,4.672062419999747,ok,0.09571770200000174,0.05792804956961592,0.5336992720003764
663,33.342,33.34870772799968,4.651017075000709,ok,0.0781365820002975,0.05788413226582634,0.5336993749997418
664,33.357,33.357904096999846,4.64200175499991,ok,0.06902424700001575,0.057885416924041755,0.5336988179997206
665,33.42,33.4205394519995,4.600369310000133,ok,0.11097997200067766,0.05682731563291195,0.5336995439993188
666,33.451,33.45212614399952,4.569144762000178,ok,0.1221281629996156,0.05629097013924009,0.5336992490001649
667,33.497,33.50304573199992,4.518551781000497,ok,0.11497196799973608,0.0557411827341777,0.5337009729992133
668,33.513,33.51506188499934,4.506440109999858,ok,0.10291860100005579,0.0557404435569568,0.5336674070003937
669,33.559,33.55972658099927,4.461667386000045,ok,0.0993871950004177,0.05521840562024305,0.533668115999717
670,33.575,33.57541862199923,4.444664735000515,ok,0.12630908099981752,0.05466230502532175,0.5337000689996785
671,33.637,33.6372212339993,4.382967744999405,ok,0.06848682399959216,0.05461331687342575,0.5331951719999779
672,33.653,33.653765520999514,4.3665334609995625,ok,0.051865400999304256,0.05461569392405814,0.5331939470006546
673,33.792,33.79306993699993,4.491800408000017,ok,0.08338334800009761,0.055802213151902744,0.5331941579997874
674,33.886,33.88663647899921,4.480723864000538,ok,0.08241473799989762,0.055673986341780966,0.5331928710002103
675,34.051,34.0518728269999,4.525841947000117,ok,0.1304732899998271,0.055637024341770404,0.5331922779996603
676,34.101,34.10201034900001,4.475815259999763,ok,0.1217255749998003,0.05511468979746703,0.53319063500021
677,34.152,34.152956160999565,4.424972709000031,ok,0.11377319500024896,0.05457179088607288,0.5331907580002735
678,34.185,34.18552394499966,4.3925088420000975,ok,0.12380808599937154,0.05403385854431322,0.533189575000506
679,34.219,34.21952296799918,4.358750282999608,ok,0.08969782099939039,0.05403827429114544,0.5331898849999561
680,34.253,34.2539799569995,4.324626569000429,ok,0.05940188499971555,0.05398980498734942,0.5331913630006966
681,34.32,34.32057845899999,4.295800530999259,ok,0.11669905799953995,0.05289954378480892,0.5331893480006329
682,34.337,34.337717136999345,4.278886113999761,ok,0.1031644939994294,0.05285686529114633,0.5331892820004214
683,34.438,34.438428956999815,4.430119634999755,ok,0.12655791500037594,0.05447512827847472,0.5331898069998715
684,34.455,34.45608183699915,4.412257920999764,ok,0.1089915739994467,0.05447116086075835,0.5331911510002101
685,34.488,34.488974380999935,4.377880350999476,ok,0.11803542699999525,0.05392156940506308,0.533196436000253
686,34.522,34.52297179699963,4.344612885999595,ok,0.12578116199983924,0.05340249616455355,0.5331947220001894
687,34.555,34.55576137599928,4.312004463999983,ok,0.09307554800034268,0.05340379875948961,0.5341379970004709
688,34.589,34.589279085999806,4.278594257000805,ok,0.1017254860007597,0.05287140182277838,0.534138152000196
689,34.623,34.62320596999962,4.245009606000167,ok,0.07158060000074329,0.052827854645559606,0.5341575750007905
690,34.639,34.640071999999236,4.228382371999942,ok,0.05463896499986731,0.05283186579746846,0.5341867540000749
691,34.707,34.70896045899917,4.194274385999961,ok,0.08384052499968675,0.052030333582283504,0.5341214489999402
692,34.842,34.84310267000001,4.1407949750000625,ok,0.11242723299983481,0.05099153835443401,0.534130551999624
693,34.858,34.86186767699928,4.121564882000712,ok,0.09880419399996754,0.05092049624051435,0.5341331979998358
694,34.875,34.876948280999386,4.107070377000127,ok,0.08356484999967506,0.05093006910126722,0.5341355549999207
695,34.892,34.89268212799925,4.091545279999991,ok,0.06797057999938261,0.050930982607600456,0.5341361020000477
696,34.909,34.909305421999306,4.07481982400077,ok,0.05139350400077092,0.05092909235442871,0.5341374689996883
697,35.101,35.101179396999214,4.080596550999871,ok,0.11761700099941663,0.050164102265821554,0.5341378160001113
698,35.135,35.13532060699981,4.046376652999243,ok,0.12814227599938022,0.04959764813924543,0.5341386200007037
699,35.185,35.186534665999716,3.995551885000168,ok,0.11907589899965387,0.04906912655696021,0.5341830059996937
700,35.202,35.20253317799961,3.9796129320002365,ok,0.10297349800021038,0.049071200430377375,0.5341264220005542
701,35.219,35.21999271099958,3.961352225000155,ok,0.0888562849995651,0.04901822055695977,0.5341266630002792
702,35.32,35.32105104399943,3.9024687299997822,ok,0.11202092999974411,0.04798016141772171,0.5041914650000763
703,35.337,35.34275527599948,3.8816632170000958,ok,0.1327197160007927,0.04745482237974067,0.4621431379991918
704,35.371,35.37211048499921,3.851740836999852,ok,0.10339957900032459,0.047447114227849585,0.461939457999506
705,35.388,35.38907827499952,3.8348373010003343,ok,0.12766520400055015,0.04692604664556205,0.4207274949994826
706,35.404,35.40446177599915,3.8200592339999275,ok,0.11236273199938296,0.04693271224051053,0.42082812399985414
707,35.472,35.47235571799956,3.751661760999923,ok,0.08528563199979544,0.04640965183545079,0.3798534910001763
708,35.505,35.5057218259999,3.7183583850001014,ok,0.09483946900036244,0.045867132759494895,0.33695504600018467
709,35.522,35.522988151999925,3.701151180999659,ok,0.1215846329996566,0.04531080568353842,0.2929654990002746
710,35.538,35.538896092999494,3.6852979909999704,ok,0.10556460000043444,0.04648986615583536,0.29309617599938065
711,35.572,35.5728801919995,3.651089007000337,ok,0.11445989399999235,0.04476726706329655,0.25014423100037675
712,35.589,35.589817004,3.634471193000536,ok,0.0974697110004854,0.044772000341772235,0.2502981190000355
713,35.606,35.60680382099963,3.6175627210004677,ok,0.12349403900043399,0.04422854873417789,0.20958876900022005
714,35.639,35.639626248999775,3.584610246999546,ok,0.09072234699942783,0.04422627192405666,0.20958957699986058
715,35.656,35.65677050999966,3.5677006440000696,ok,0.11518936999982543,0.04370251455696269,0.20959002899962798
716,35.673,35.67382108299989,3.5496424370003297,ok,0.09817551100059063,0.043689242734171206,0.2095897529998183
717,35.69,35.69050135499947,3.5328922549997515,ok,0.12287986800038198,0.043164365316454366,0.20947948200046085
718,35.757,35.757562516999315,3.4680671220003205,ok,0.09728142800031492,0.04266795178481044,0.2095335839994732
719,35.808,35.809254889999465,3.4159723829998256,ok,0.08760456799973326,0.04213100498733943,0.20947888899991085
720,35.825,35.825572736999675,3.4003452589995504,ok,0.0748351519996504,0.042094869063291726,0.20958944500034704
721,36.018,36.018748775999484,3.5888910449994,ok,0.12501243299993803,0.043846218493670194,0.19397520300026372
722,36.055,36.05558571599977,3.5523626210006114,ok,0.131074425999941,0.04330719072152798,0.19395596300000761
723,36.073,36.07355070599988,3.534467624000172,ok,0.11303102399961062,0.04330914005064026,0.19397997299984127
724,36.129,36.13073535699914,3.477341720000368,ok,0.09718046700072591,0.04278667662024245,0.1939810080002644
725,36.147,36.14731985299932,3.460805134000111,ok,0.12706505999994988,0.042199070594943815,0.19418984399999317
726,36.184,36.18422362000001,3.4239693819999957,ok,0.09551851500054909,0.0421321172025273,0.1941961700003958
727,36.22,36.22085058799985,3.3873996629999965,ok,0.05875990999993519,0.0421345136455669,0.19403110799976275
728,36.276,36.276591612999255,3.366573391000202,ok,0.12947421900025802,0.040975603848097834,0.19402783500027
729,36.349,36.34941265799989,3.2938191349994668,ok,0.09729801299999963,0.04046210277215611,0.1940385409998271
730,36.386,36.38673939599994,3.2567568929998743,ok,0.06378339599996252,0.0404171688480945,0.19404101599957357
731,36.459,36.460709113999656,3.344863322000492,ok,0.11066643100002693,0.0409388692658214,0.19403869100005977
732,36.478,36.48205446799966,3.3236572369996793,ok,0.1298451570000907,0.04042778853164248,0.19404733299961663
733,36.551,36.55203715699918,3.2537376459995357,ok,0.06314979199942172,0.040387000810127735,0.1940646029997879
734,36.661,36.66436110199993,3.2115746079998644,ok,0.08584753299965087,0.03956584051898465,0.1940785130000222
735,36.845,36.845960143999946,3.1775047840001207,ok,0.07222318799995264,0.039306983721526426,0.19401857699995162
736,37.0,37.00290537799992,3.210776259999875,ok,0.08143200500035164,0.03961157322784765,0.19401872100024775
737,37.073,37.07395353599986,3.198534147999453,ok,0.1085476580001341,0.039113340189873315,0.1940185149996978
738,37.11,37.11152557599962,3.1613163570000324,ok,0.07545664999997825,0.03906122811392229,0.1940205850005441
739,37.129,37.129668384999604,3.143615871000293,ok,0.057238098999732756,0.040082583883115336,0.19403126399993198
740,37.184,37.184683583999686,3.2099077520006176,ok,0.12221242500072549,0.03908419683543625,0.1940202389996557
741,37.257,37.25763759199981,3.137205800000629,ok,0.08978960500007815,0.038574459556969753,0.19402486299986776
742,37.276,37.27610219899998,3.1190185610003027,ok,0.07510217700018984,0.03853018148101565,0.19402962000003754
743,37.404,37.40608835299918,3.105810424000083,ok,0.10790835500029061,0.03794780621518828,0.19403232099921297
744,37.459,37.46082677399954,3.0511357109999153,ok,0.056264730999828316,0.037909570784812545,0.19403858700025012
745,37.551,37.55187625599956,3.0547543059992677,ok,0.10806157799925131,0.03729968041772759,0.1940281880006296
746,37.569,37.569199527999444,3.0374974480000674,ok,0.09461718599959568,0.037251463367087866,0.19402598000033322
747,37.606,37.608122145999914,2.9981322440007716,ok,0.055723613000736805,0.03724534324050459,0.1942606650000016
748,37.753,37.756135957999504,3.0403721580005367,ok,0.11145871000007901,0.0370745252784782,0.19426201799979026
749,37.771,37.77711952399932,3.019493534000503,ok,0.13105387300038274,0.036562328835442935,0.19426624799962156
750,37.845,37.84680201399988,2.949872101999972,ok,0.10314579200075968,0.03603433130379765,0.19426813299924106
751,37.863,37.86512584299999,2.931744303000414,ok,0.08904089800034853,0.035983354354426365,0.19426820300031977
752,37.9,37.900801554999816,2.896229530999335,ok,0.05339960599940241,0.03598500192405297,0.19430220400045073
753,38.02,38.02319376499963,2.901683043000048,ok,0.11288334100026987,0.03530088715189454,0.1942469310006345
754,38.04,38.04206533899924,2.8833761960004267,ok,0.13584893200004444,0.034778597721521656,0.19426411800031929
755,38.061,38.06294366199927,2.86261252300028,ok,0.11503018200073711,0.034779320999992314,0.19426918699991802
756,38.121,38.12152395299927,2.8036832429997958,ok,0.0595199830004276,0.03473598101265475,0.19425322899951425
757,38.202,38.20230212599927,2.76989006399981,ok,0.0905974419993072,0.03391475998734354,0.19425655200029723
758,38.283,38.285856004999914,2.717220040999564,ok,0.08715477599980659,0.033291620721511324,0.19425872700048785
759,38.383,38.383220500999414,2.650701528999889,ok,0.07221783099976165,0.032638706278484725,0.19426437499987514
760,38.464,38.46566464499938,2.640471898999749,ok,0.07286044500051503,0.032501078265812784,0.19427159799943183
761,38.606,38.60703732099955,2.6177041999999346,ok,0.10535120499935147,0.0318016845063378,0.16059445800055983
762,38.627,38.62780014999953,2.597230173999378,ok,0.1262285789998714,0.031278331759494904,0.1529390429996056
763,38.687,38.688894733999405,2.535960994000561,ok,0.10680272799982049,0.030748641101265,0.1529376879998381
764,38.748,38.749630948999766,2.475338819999706,ok,0.08739420599977166,0.03022697141772415,0.1529378129998804
765,38.788,38.78855056499924,2.435705008999321,ok,0.052405974000066635,0.03016800608860695,0.15293641599964758
766,39.061,39.06170389899944,2.571684458999698,ok,0.07977387600021757,0.031542809025314124,0.15293759500036685
767,39.202,39.20215505099986,2.5512048529999447,ok,0.11728978200062556,0.03080871540506347,0.15293875099996512
768,39.222,39.222208655999566,2.5314297189997887,ok,0.10205966600005922,0.030751313151891804,0.15293754699996498
769,39.242,39.24229064899919,2.5115229969997017,ok,0.08200918000056845,0.030753104518985712,0.15313533499920595
770,39.262,39.263222322999354,2.4906557439999233,ok,0.06114579999939451,0.030753100151902996,0.15313355500074977
771,39.383,39.38387669399981,2.4920494770003643,ok,0.1117326410003443,0.030130410734180928,0.11449720899963722
772,39.424,39.42607259899978,2.449177903999953,ok,0.1124686789999032,0.029578266101268555,0.10689310999987356
773,39.444,39.444315712999924,2.431077825000102,ok,0.09417350999956398,0.029580848759503134,0.10689029999957711
774,39.464,39.465159278999636,2.410321354000189,ok,0.11634259100083,0.029037514670885167,0.10688926399961929
775,39.485,39.48638412499986,2.389222246999452,ok,0.09507893799946032,0.0290396003797526,0.10689027499938675
776,39.505,39.50581151899951,2.3698533819997465,ok,0.07912409599975945,0.02899640421518701,0.10689058600019052
777,39.525,39.52668388499933,2.3491546089999247,ok,0.05828639699939231,0.028998120215194982,0.10689157099932345
778,39.627,39.62764004799919,2.3100260180008263,ok,0.11123702000077174,0.02783256202531712,0.1021856730003492
779,39.667,39.66754278799999,2.269855419000123,ok,0.11288341599993146,0.02730310397468593,0.10203160099990782
780,39.728,39.728391818999626,2.2091000899999926,ok,0.05568189199948392,0.027258256075952034,0.10203341200030991
781,39.869,39.8701422109998,2.1599465500003134,ok,0.06338430200048606,0.02653843718987066,0.10202947500056325
782,40.061,40.0619092729994,2.1087877019999723,ok,0.11130574599974352,0.02528421968354796,0.10215178599992214
783,40.121,40.121910900999865,2.0490643389994148,ok,0.054423279999355145,0.025248370215194882,0.10215596400030336
784,40.202,40.202573049999955,2.1421180769993953,ok,0.11081386399928306,0.025712346405063865,0.10383926300073654
785,40.222,40.22278531899974,2.121982196999852,ok,0.09451709099994332,0.02633049123377024,0.10384321099991212
786,40.262,40.262679274999755,2.082182233999447,ok,0.054666703999828314,0.02566456015190138,0.10367531899919413
787,40.323,40.32354044299973,2.218166100000417,ok,0.07453853900005925,0.027134204860759164,0.14421472100002575
788,40.424,40.4243523819996,2.4949907170002916,ok,0.06767079100063711,0.030724942253165195,0.3065024210000047
789,40.505,40.506240974999855,2.4441891449996547,ok,0.06229478599925642,0.030933344311689596,0.30656943099984346
790,40.647,40.64767837399995,2.3988008010001067,ok,0.10572464000051696,0.02902595751898452,0.3065710430000763
791,40.667,40.66774161199919,2.3788077310000517,ok,0.08907832699969731,0.028983716759492243,0.3065707129999282
792,40.707,40.70761345199935,2.3390224180002406,ok,0.04923771999983728,0.028984421329115793,0.3066813289997299
793,40.788,40.78877958599969,2.3879940199994962,ok,0.06313991599927249,0.030192554987018873,0.3066871999999421
794,41.022,41.02222190199973,2.551511089000087,ok,0.06681604300047184,0.03145148282277936,0.3065699879998647
795,41.112,41.11228025699984,2.5073724899993977,ok,0.06378263599981437,0.03093112997468572,0.30651224100074614
796,41.224,41.225342691999685,2.473683861000609,ok,0.069023856000058,0.03043839474684077,0.3066292789999352
797,41.337,41.338210500999594,2.425472171000365,ok,0.10037822300000698,0.029431232329121093,0.30667384400021547
798,41.381,41.381276946999606,2.3825413370004753,ok,0.09830575700016198,0.0289141939114001,0.3066844300001321
799,41.426,41.426535366999815,2.3372218969998357,ok,0.056129706999854534,0.028874375582284912,0.3065844350003317
800,41.538,41.53912970999954,2.3036179149994496,ok,0.06292915599988191,0.02836282259493923,0.306578544000331
801,41.628,41.62913091199971,2.3038111189998745,ok,0.0603044849995058,0.028398481658227923,0.30657654700007697
802,41.763,41.764779823000026,2.2793144570005097,ok,0.07510004100004153,0.027901106620263336,0.3065766979998443
803,42.157,42.15803899399998,2.52948344700053,ok,0.10723754100035876,0.030660903658228357,0.30657670000073267
804,42.179,42.17974819199935,2.5078982790000737,ok,0.1284215249997942,0.030119742493666366,0.30676000799940084
805,42.202,42.202582511999935,2.4851260700006605,ok,0.10551649700028065,0.030121452430384,0.30676113499976054
806,42.224,42.224850775999585,2.4629762169997775,ok,0.08676711099997192,0.0300784116202464,0.3068247209994297
807,42.337,42.33900357899984,2.3969329479996304,ok,0.09939763900001708,0.02908252130379844,0.30682731500019145
808,42.359,42.3598913779997,2.375175641000169,ok,0.1198553410004024,0.02854798058227441,0.3066480630004662
809,42.381,42.3818324949998,2.3533071089996156,ok,0.09794924000016181,0.02854862429113739,0.3066489550001279
810,42.404,42.40426656899945,2.3309671690003597,ok,0.11641406100079621,0.028032129455696813,0.3066702180003631
811,42.471,42.471634272999836,2.263982505000058,ok,0.05235116299991205,0.027995068848097996,0.30668894500013266
812,42.538,42.538185740999324,2.244674792999831,ok,0.11268715300047916,0.026986941645559512,0.26928182499977993
813,42.561,42.561290998000004,2.2216713919997346,ok,0.13110366699947917,0.026462697240506865,0.2277833810003358
814,42.606,42.60620406599992,2.177003574999617,ok,0.12706167600026674,0.025948449278478655,0.18694309900001826
815,42.651,42.6520715279994,2.131077269000343,ok,0.12213836800037825,0.0254294268860795,0.1460509609996734
816,42.696,42.69657489399924,2.0868504800000665,ok,0.11856541099950846,0.024914835189876982,0.10505201100022532
817,42.74,42.74048251299973,2.0428052190000017,ok,0.11710205300005327,0.024375809506326028,0.10042194500056212
818,42.785,42.78543271199942,1.9979366030001984,ok,0.1138923190001151,0.023848481620248843,0.100413502000265
819,42.808,42.80855326499932,1.973955763000049,ok,0.09071224499984964,0.02383819424050694,0.10030803300014668
820,42.853,42.85339848199965,1.929175137999664,ok,0.04879579999942507,0.023802065417724786,0.10030908699991414
821,43.05,43.05055061699932,1.982532347000415,ok,0.10511002099974576,0.023764518253174865,0.10030902700054867
822,43.101,43.1011951749997,1.9319511499998043,ok,0.057523657999809075,0.023726743253167957,0.10030973799985077
823,43.177,43.177675082999485,1.899334335000276,ok,0.10895842500030994,0.022662678329111317,0.06174801599991042
824,43.202,43.20247681099954,1.874598882999635,ok,0.12459645699982502,0.022151739911396937,0.0617508839995935
825,43.278,43.278352669000014,1.7987715720000779,ok,0.05217128000003868,0.022108697126585163,0.0617499450008836
826,43.429,43.42981940899972,1.7594701620000706,ok,0.10842574200069066,0.020898984734173346,0.06174942600046052
827,43.454,43.454909737999515,1.734477940999568,ok,0.08631340799911413,0.02086264125316546,0.061748179999995045
828,43.832,43.8329392149999,1.7193216369996662,ok,0.06664519500009192,0.02091962953164523,0.061686588999691594
829,44.05,44.050965396999345,1.77956236800037,ok,0.0651989620000677,0.021700407151899838,0.06168660799994541
830,44.151,44.15171667100003,1.7353655059996527,ok,0.06894827799987979,0.021093548417722353,0.061724550000690215
831,44.252,44.252736184999776,1.690473008000481,ok,0.11220377399968129,0.01997776313924711,0.061686271999860764
832,44.303,44.30410186699919,1.6393240759998662,ok,0.0638729570000578,0.01994217153163776,0.061687190999691666
833,44.454,44.45470373399985,1.6275211100000888,ok,0.10618920200067805,0.01925703967088661,0.059052016000350704
834,44.504,44.504701009999735,1.5775904089996402,ok,0.05954059600026085,0.019215627126580825,0.059051860999716155
835,44.605,44.6055084489999,1.573435446000076,ok,0.06424912700003915,0.019103308075949527,0.059050675999969826
836,44.781,44.78200958199977,1.564274438999746,ok,0.10694528499971057,0.018446875493673704,0.053667903000132355
837,44.807,44.80750997399991,1.5388719370002946,ok,0.08446535199982463,0.018409996734175642,0.0536700339998788
838,45.252,45.25241462199938,1.7058717760000945,ok,0.06178594400080328,0.020810894354430207,0.058537404999697173
839,45.454,45.45459384999958,1.9356511749992933,ok,0.06881565999992745,0.023630494822779687,0.10888705899924389
840,45.554,45.554695817999345,2.0623853259994576,ok,0.06619899499946769,0.025267843506333498,0.14187554900036048
841,45.655,45.65554878399962,2.026538533999883,ok,0.06215627699930337,0.025511071818191223,0.14186350799991487
842,45.756,45.75677061699935,2.0296535870002117,ok,0.05895932499970513,0.024945192291138656,0.1418643980005072
843,46.0,46.00088941799913,2.143693481999435,ok,0.06604571299976669,0.02698210081818214,0.14171175100000255
844,46.101,46.10117029399953,2.1518991949997144,ok,0.06283476099997642,0.026443525430375855,0.14188473299964244
845,46.202,46.20241980499941,2.1158526609997352,ok,0.058980529999644205,0.026712293740262807,0.141872119999789
846,46.404,46.40502744999958,2.2242668469998534,ok,0.10509110200018768,0.026824531734170785,0.1418497690001459
847,46.429,46.42991304399948,2.2000219199999265,ok,0.08369528899947909,0.027484478285720336,0.14186252299987245
848,46.454,46.45480920299997,2.175328903999798,ok,0.05884053399950062,0.026790726924054636,0.14169066500016925
849,46.529,46.5295416429999,2.233630164000715,ok,0.06572110200067982,0.02890513071998915,0.1416584190001231
850,46.655,46.65586455899938,2.284861374999309,ok,0.06407463100003952,0.02811089346834729,0.14173104299970873
851,46.781,46.781896352999865,2.25404689700008,ok,0.10208639600023162,0.027239697303794178,0.1418629689997033
852,46.832,46.83222870999998,2.203831791999619,ok,0.05469189199993707,0.02720410350632881,0.14186327299921686
853,47.0,47.000566763999814,2.6067960949994813,ok,0.06823706700015464,0.03213329258227232,0.1441020380007103
854,47.076,47.076986907999526,2.6008052179995502,ok,0.09987751100015885,0.03165686263290337,0.14426328599984117
855,47.126,47.126844469999924,2.5514505749997625,ok,0.09782353199989302,0.031058127405058374,0.14411797899992962
856,47.151,47.15215503199943,2.525714119999975,ok,0.0761142090004796,0.031007367848095657,0.14425715200013656
857,47.252,47.253062864999265,2.5559665520004273,ok,0.06607839900061663,0.0315171662025276,0.1441063669999494
858,47.328,47.32939317299952,2.5115547870000228,ok,0.10086933099955786,0.030514679848111664,0.1441011669994623
859,47.379,47.38017621799918,2.4610424530001183,ok,0.09101478600041446,0.030000090734171828,0.1441019369995047
860,47.404,47.404639872999724,2.4366477209996447,ok,0.10739387099965825,0.029484025759498027,0.14410155000041414
861,47.429,47.42997361599919,2.4114120639997054,ok,0.08550560799994855,0.02944166949367207,0.14410092100024485
862,47.554,47.55477643099948,2.3482332700004918,ok,0.06374826699993719,0.028917166113928885,0.14410000699990633
863,47.706,47.707458742999734,2.307012494999981,ok,0.06180799800040404,0.02841994832910638,0.14409837599941966
864,47.781,47.781474146999244,2.3035452600006465,ok,0.060751517999960924,0.028389484278486175,0.14416060400071729
865,48.0,48.000689473999955,2.487096441000176,ok,0.10774011099965719,0.030118226911396005,0.14416329299911013
866,48.025,48.025203793999935,2.462412053000662,ok,0.08655959099996835,0.03007381027848307,0.1440975220002656
867,48.05,48.051064792000034,2.4362104170004386,ok,0.06072902500000055,0.03006904435443187,0.14416467899991403
868,48.177,48.17787550999947,2.4442314520001673,ok,0.07704387299963855,0.02996406697468645,0.1440973570006463
869,48.303,48.3040063239996,2.4394671090003612,ok,0.07045355999980529,0.029987162911391904,0.14424703799977578
870,48.404,48.405424472999584,2.5250382929998523,ok,0.07209990299998026,0.031049530164556374,0.1442443819996697
871,48.554,48.554534895999495,2.488648722999642,ok,0.11384863399962342,0.03006024253165056,0.14424471399979666
872,48.579,48.57971015599924,2.4635525650001,ok,0.13073320600051375,0.029529138316446952,0.14424395199966966
873,48.63,48.630727138999646,2.412788819000525,ok,0.08366885499981436,0.0294823302784849,0.1442198680006186
874,48.655,48.655757353999434,2.3875834050004414,ok,0.05861097500019241,0.02948046483544215,0.1442200599994976
875,48.756,48.75738372299929,2.432265862999884,ok,0.061307458000555926,0.03001179879746918,0.14421884199964552
876,48.832,48.83289847499964,2.4432376519998797,ok,0.07448554799975682,0.029983872848097694,0.14421818399932818
877,49.025,49.02601498900003,2.4770310300000347,ok,0.10290282599999045,0.030051933493671676,0.14421850400049152
878,49.05,49.05089470299936,2.452283794000323,ok,0.08127591799984657,0.030012556278489696,0.144219644000259
879,49.151,49.15202803199918,2.4441013019995808,ok,0.10656644499977119,0.029588649772150245,0.14431059300022753
880,49.177,49.17716694199953,2.419045100999938,ok,0.08432386200001929,0.029553226835444927,0.1441884570003822
881,49.278,49.279755788999864,2.364976807999483,ok,0.11023810799997591,0.02854079301265946,0.10441724399970553
882,49.303,49.30339054099932,2.341648044000067,ok,0.1296765150000283,0.027999406949364335,0.10138887700031773
883,49.353,49.35365281599934,2.2917635370004064,ok,0.12074440400010644,0.027481033734170813,0.10139897099998052
884,49.379,49.379956037999364,2.2647049590004826,ok,0.09440484900005686,0.02747193255696471,0.10136952200082305
885,49.429,49.42923258499923,2.215351214999828,ok,0.047867447999124124,0.027436093721525705,0.10136870699989231
886,49.479,49.47928794999916,2.1961772949998704,ok,0.10718352000003506,0.026442658303794008,0.10140584300006594
887,49.504,49.50489990599999,2.1706926839997323,ok,0.08469910900021205,0.02640478516455408,0.10142607799934922
888,49.605,49.60583434599994,2.2002006449993132,ok,0.11145544600003632,0.02643961048100589,0.10142554799949721
889,49.63,49.630642514999636,2.175323302999459,ok,0.09017080800003896,0.02639400694936774,0.1014271980002377
890,49.731,49.73202452799978,2.1435071239993704,ok,0.06081867600005353,0.02636281227847875,0.1013995139992403
891,50.025,50.0254249289992,2.2285159439998097,ok,0.09908522200021253,0.026954502721517063,0.10140744100044685
892,50.05,50.0512682009994,2.2027711159998944,ok,0.07666359799986822,0.026912552759497457,0.10142478899979324
893,50.151,50.15200992799964,2.233425921000162,ok,0.0642616260001887,0.02745741907594631,0.1014244719999624
894,50.278,50.27831794099984,2.2858661970003595,ok,0.11400889000015013,0.027491600164559045,0.06219670399968891
895,50.303,50.30398337799943,2.2598057340001105,ok,0.1292465099995752,0.02696871286075926,0.06100642399997014
896,50.379,50.380587824999566,2.1838355299996692,ok,0.05555358299989166,0.026940077746835815,0.061019814999781374
897,50.479,50.48067830799937,2.1449784289998206,ok,0.060579748999771255,0.026384432481019664,0.061005073999695014
898,50.605,50.60675085599996,2.3618644549997043,ok,0.0716499569998632,0.028989699784814766,0.18399023599977227
899,50.731,50.731808732999525,2.3160344879997865,ok,0.06741239199982374,0.028463216556966597,0.18398874800004705
900,50.807,50.80742188299973,2.272732432000339,ok,0.10228613199979009,0.027473656177214333,0.18398594100017363
901,50.857,50.85721226299938,2.223009368000021,ok,0.05565001699960703,0.027434714291141776,0.1839867469998353
902,51.05,51.050321287999395,2.398225647999425,ok,0.10268734299916105,0.029057089037980658,0.18398939100006828
903,51.076,51.077538396999444,2.3710921759993653,ok,0.07856367899967154,0.029019144518983173,0.18399014700025873
904,51.202,51.20261865199973,2.324631167000007,ok,0.11196186699999089,0.028008131113927425,0.1839983879999636
905,51.252,51.25247025199951,2.275334959999782,ok,0.06543088699982036,0.027973217506331808,0.18398977400011063
906,51.429,51.42938602399954,2.4096717860002173,ok,0.11385524300021643,0.029060544202527322,0.18399134900028002
907,51.454,51.45453540699964,2.3846014459995786,ok,0.09251608700014913,0.029013520822779436,0.18398771100055455
908,51.479,51.48007232499913,2.3592826919993968,ok,0.0669397140000001,0.029016767063291773,0.18398837900076614
909,51.655,51.65609786499954,2.4089750359999016,ok,0.11332637099985732,0.02905850755696174,0.18399124100051267
910,51.68,51.68022499699964,2.385394243000519,ok,0.09287357300036092,0.029019003873410054,0.18398921500011056
911,51.706,51.706807423999635,2.3583355740001934,ok,0.06625511400034156,0.02901347562024805,0.18399028699968767
912,51.807,51.80761316099961,2.363082578999638,ok,0.10913927599995077,0.028530518164557237,0.18399815100019623
913,51.857,51.85784476799927,2.3132836099994165,ok,0.06182744399939111,0.028499209227850805,0.18397098800051026
914,52.025,52.02553774599983,2.3713224859993716,ok,0.07553167900005064,0.029060320708859888,0.18417142499947659
915,52.126,52.127791029000036,2.3587231670007895,ok,0.06058454600042751,0.029090039025320466,0.1841328729997258
916,52.252,52.253060445999836,2.5760669689998394,ok,0.11173112600044988,0.03119387456962026,0.1841307329996198
917,52.303,52.30374360799942,2.5249347499993746,ok,0.0639753829991605,0.031151049924050357,0.18413945800057263
918,52.379,52.37997277999966,2.479889254000227,ok,0.09895378799956234,0.030138225936718322,0.1841542500005744
919,52.429,52.4300988039995,2.4296610459996373,ok,0.05222754599981272,0.030093789911386667,0.18413881600008608
920,52.605,52.605652708999514,2.4129584219999742,ok,0.07655192199945304,0.029574387265826393,0.1840790950000155
921,52.706,52.70626400999936,2.445954470000288,ok,0.10216486800072744,0.029667824531638354,0.14438715500000399
922,52.756,52.756633388999944,2.395686434999334,ok,0.09316402799959178,0.029145431886073436,0.14459436600009212
923,52.781,52.7829853839994,2.369410156000413,ok,0.10811017500054731,0.028623843113921254,0.14460288400005084
924,52.807,52.80808403999981,2.344374644999334,ok,0.12394313400000101,0.02810654127847844,0.14460922099988238
925,52.857,52.85805702699963,2.2946798960001615,ok,0.07701518800058693,0.028071445759497358,0.14461113000015757
926,53.101,53.10148938599923,2.6905816770004094,ok,0.10575475299992831,0.032718992936714104,0.17912598800012347
927,53.126,53.126213595999616,2.6661655490006524,ok,0.12268969400065544,0.032195609291135685,0.17932398800076044
928,53.151,53.151438258999406,2.641046388000177,ok,0.09750232900023548,0.03219655901266148,0.17932728799951292
929,53.177,53.17762680999931,2.614919192999878,ok,0.07427202300004865,0.032159914556958234,0.1793036100007157
930,53.278,53.278200751999975,2.5977320860001782,ok,0.06315972300035355,0.03208282754430796,0.1793003230004615
931,53.353,53.35360419799963,2.555935313000191,ok,0.06153481299952546,0.03157435117721929,0.17932781399940723
932,53.605,53.60686893499951,2.601273346999733,ok,0.11147291999986919,0.03151623765822904,0.1793275789996187
933,53.63,53.631092931999774,2.5772773380003855,ok,0.1291539650001141,0.030988718607590317,0.17930794899984903
934,53.655,53.6560990629996,2.551963464000437,ok,0.10419547299989063,0.030984064607591906,0.17932146600014676
935,53.68,53.68020445299953,2.527999533000184,ok,0.12109696200059261,0.03046693162025493,0.1793004170003769
936,53.756,53.75658825699975,2.4516694079993613,ok,0.04779989100006787,0.030428546772149092,0.17930212700048287
937,53.832,53.83294480299992,2.5885727459999543,ok,0.09927239300031943,0.03150980025316418,0.17931810800018866
938,53.857,53.85738676799974,2.564202502000626,ok,0.07802789800007304,0.031470363088604396,0.1793190449998292
939,54.05,54.05030947599971,2.5947085640000296,ok,0.07109116299943707,0.031944176189875786,0.1793190529997446
940,54.177,54.177987498999755,2.5877209370000855,ok,0.10261150599944813,0.0314568181772152,0.17931952499930048
941,54.202,54.20309444599934,2.5623534900005325,ok,0.08044272500046645,0.03141622074683623,0.17931857299936382
942,54.379,54.38036766099958,2.5938491059996522,ok,0.07245261800017033,0.03191606745569309,0.17937771299966698
943,54.479,54.48059737599942,2.5400170129996695,ok,0.09930076399996324,0.030894818873416108,0.17937751699992077
944,54.504,54.504213323999466,2.5165251290000015,ok,0.07888425700002699,0.030856016278483344,0.17939329700038797
945,54.579,54.57965861199955,2.4556706000003032,ok,0.09795392200066999,0.029843879531642727,0.17933049499970366
946,54.63,54.630346109999664,2.4050493599997935,ok,0.05039441400003852,0.029805537278477887,0.1793303869999363
947,54.68,54.68039979399964,2.386885937000443,ok,0.11218458100029238,0.0287934849873383,0.17933124499995756
948,54.706,54.70682467499955,2.36039658899972,ok,0.08892616800039832,0.028752470658218954,0.17933203200027492
949,55.025,55.02586265199989,2.55195410000033,ok,0.10453829800007952,0.030979594481012306,0.1793339339992599
950,55.05,55.051097665999805,2.5268193270003394,ok,0.08269929900052375,0.030938021189872933,0.17933419400014827
951,55.076,55.0770857589996,2.501400879999892,ok,0.056739517000096384,0.030944827696208748,0.17939334200036683
952,55.151,55.153398125999956,2.5138998340007674,ok,0.1112576440000339,0.030412733050634647,0.17933448900021176
953,55.177,55.177613829999245,2.4898436309995304,ok,0.12931588099945657,0.029879886556966682,0.17937457700008963
954,55.202,55.20406158499918,2.463656357000218,ok,0.10282656700019288,0.02988372426581826,0.1793762039997091
955,55.252,55.25297508699987,2.4146671870003047,ok,0.056975411999701464,0.029843993924052622,0.17937590800011094
956,55.353,55.353587082999184,2.3775844090005194,ok,0.09832836100031273,0.028851165696208606,0.1442031130000032
957,55.379,55.37954395199995,2.351396377999663,ok,0.11280593199990108,0.028336349075956765,0.14416094199987128
958,55.429,55.42927971499921,2.301751885000158,ok,0.10300960099993972,0.027831984708865106,0.14419427099983295
959,55.454,55.45510612699945,2.2759863339997537,ok,0.11760066299939353,0.027321158417721505,0.14419989199996053
960,55.529,55.52958795199993,2.200884684999437,ok,0.046362523999960104,0.02727205837974124,0.1441506399996797
961,55.605,55.60576882499936,2.1875117939998745,ok,0.10948142500001268,0.0263039385822767,0.14415052100048342
962,55.63,55.6311266699995,2.1623909309992086,ok,0.12442738699974143,0.025796794620252018,0.14416060899930017
963,55.706,55.707145876999675,2.0858544009997786,ok,0.05144331399969815,0.026420579259740715,0.14415150700006052
964,55.807,55.808003602999634,2.1038710279999577,ok,0.0691937429992322,0.025755032037983554,0.14415022100001806
965,56.0,56.00081879899972,2.0659377199999653,ok,0.07131157900039398,0.025248127987341128,0.1441508560001239
966,56.076,56.076367022999875,2.0609828890001154,ok,0.0676675710001291,0.025231169075941348,0.14415112900042004
967,56.202,56.2035377709999,2.2395032560007166,ok,0.11400636300004408,0.026904785974681857,0.14087539899992407
968,56.227,56.22729279299983,2.2159217290000015,ok,0.1318227419997129,0.026380803797467166,0.1408640400004515
969,56.303,56.303493986999456,2.139774139999645,ok,0.09710737000023073,0.025856357772152224,0.1408637969998381
970,56.328,56.3287742779994,2.1137824480001655,ok,0.07494907499949477,0.02580767275949141,0.1409736019995762
971,56.454,56.45443302900003,2.1470483109997076,ok,0.07059125399973709,0.026283957658224492,0.140846971999963
972,56.529,56.529232328000035,2.14081264700053,ok,0.06845118600085698,0.026232073265821818,0.14084631500008982
973,56.68,56.680790135999814,2.100955363000139,ok,0.06727804099955392,0.025742401354433196,0.140844603000005
974,56.832,56.8325660799992,2.0991057259998342,ok,0.10595059299976128,0.02522956783544527,0.14087681099954352
975,56.857,56.85864281499926,2.072563887999422,ok,0.08280109299994365,0.025186539291133136,0.14097417499942821
976,57.151,57.1514117709994,2.135500745999707,ok,0.11425419799979863,0.02558512829114367,0.1408492539994768
977,57.177,57.178121222999835,2.10910989399963,ok,0.09084435499971732,0.025547465582280028,0.14085016599983646
978,57.202,57.20256294699993,2.0840448099997957,ok,0.06637222799963638,0.025539766354431545,0.14097118400059117
979,57.303,57.30383828699996,2.045413209999424,ok,0.10903011899972626,0.024510976177214018,0.10321175399985805
980,57.328,57.32867534899924,2.020783986000424,ok,0.12540106100004778,0.023991984848099848,0.09939161100010097
981,57.379,57.37960892999945,1.969907714999863,ok,0.11581180499979382,0.023469386746841382,0.09939191000012215
982,57.429,57.43008161399939,1.919044219999705,ok,0.06837855699995998,0.023425797341772095,0.0989937389995248
983,57.579,57.57923282199954,1.9174421909992816,ok,0.06943928100008634,0.02339210034176487,0.09950100399964867
984,57.807,57.807827633999295,1.9165920880004705,ok,0.07124490100068215,0.02335848465821683,0.09941247699953237
985,58.076,58.07737374199951,1.9508711769994989,ok,0.10127948799981823,0.023412323468354646,0.05989662199954182
986,58.101,58.10126302199933,1.9265299150001738,ok,0.08101427300061914,0.023360572924042273,0.0597969300006298
987,58.126,58.12627663799958,1.9015844909999942,ok,0.0560524920001626,0.02336095324049962,0.059792678999656346
988,58.177,58.17829927999992,1.8645453449998968,ok,0.09765196700027445,0.022365407493671687,0.05979168199974083
989,58.227,58.2279513099993,1.8149583300000813,ok,0.05092755900022894,0.02232930345569083,0.059857539999939036
990,58.303,58.303253346999554,1.7819835729997067,ok,0.10203149700009817,0.021264918316451775,0.05939428100009536
991,58.353,58.35383829099919,1.7316389970001183,ok,0.054430453999884776,0.02123023041771882,0.059396460999778355
992,58.479,58.47980258899952,1.73162744199999,ok,0.10154501499982871,0.020633619696208014,0.05939968999973644
993,58.504,58.50439281599938,1.7071086510004534,ok,0.07984948500052269,0.020598004999993477,0.05939802699958818
994,58.605,58.60603266999988,1.687810917999741,ok,0.06561341299948253,0.020533685848102876,0.059396783000011055
995,58.807,58.807321783999214,1.7558990210000047,ok,0.06049190700014151,0.02146047664556838,0.10013872500076104
996,59.0,59.00110651399973,1.9220136049998473,ok,0.10017718200015224,0.023061021392394753,0.10010959100054606
997,59.025,59.02567517599982,1.8970721539999431,ok,0.07906707799975266,0.02301238782278049,0.10039277999931073
998,59.05,59.05058044499947,1.8724222910004755,ok,0.05419165600051201,0.023015326025311946,0.10037064599964651
999,59.126,59.12651489399923,1.8393827199997759,ok,0.06482350299938844,0.02246243683544844,0.10035766400051216
1000,59.429,59.42948437399991,1.9878696380001202,ok,0.06882460100041499,0.02429135558227417,0.10147861000041303
1001,59.655,59.655303695999464,2.113148680999984,ok,0.07082916600029421,0.025851833468354752,0.10148343999935605
1002,59.756,59.756823986999734,2.1141860150000866,ok,0.11107161300060397,0.02535568070886222,0.10148540400041384
1003,59.807,59.80721043699941,2.0637013610003123,ok,0.06375698700048815,0.02531540563291234,0.10148859200035076
1004,60.101,60.10197562999929,2.36940780400073,ok,0.06604557200080308,0.029156102202526925,0.187834624000061
1005,60.227,60.22794402799991,2.421876841000085,ok,0.1060578999995414,0.029313843860765264,0.18783458800044173
1006,60.278,60.2791375909992,2.370746297000551,ok,0.09706712200022594,0.028780561493672568,0.18782650000048307
1007,60.303,60.30440243599969,2.3457086290000007,ok,0.07555422899986297,0.028735956531645686,0.1878338469996379
1008,60.328,60.32856907799942,2.3214229659997727,ok,0.051421746000414714,0.028734010405059962,0.18782729400027165
1009,60.404,60.40447408499949,2.3082061400000384,ok,0.07343462200060458,0.028287914569612244,0.1878278770000179
1010,60.554,60.55493716299952,2.3526341329998104,ok,0.10160361999987799,0.028493790468353007,0.1878319260003991
1011,60.605,60.605783300999974,2.3011193399997865,ok,0.05412561400044069,0.02844258203797064,0.18776526000056037
1012,60.655,60.656158743999185,2.2663044330001867,ok,0.05888125499950547,0.027941785417722343,0.18777657499958877
1013,60.756,60.756850365999526,2.2293668700003764,ok,0.09914030700019794,0.0276649171688263,0.18778068699975847
1014,60.807,60.80727117299921,2.179016617000343,ok,0.05190521599979547,0.026925259088611826,0.18761489799999254
1015,61.076,61.076557235999644,2.7151151220004976,ok,0.07147807599994849,0.03346341469620676,0.18761473500035208
1016,61.151,61.15122785999938,2.6719725840002866,ok,0.10457396000037988,0.03249838294936747,0.1876176410005428
1017,61.177,61.177913436999916,2.6459720530001505,ok,0.11977931700039335,0.03197694041772351,0.187715790000766
1018,61.202,61.20287692999955,2.620698557000651,ok,0.09478303000014421,0.03197338208860568,0.1878246409996791
1019,61.252,61.253012872,2.570760911999969,ok,0.04754370899991045,0.0319392578101289,0.187831234999976
1020,61.353,61.353225358999225,2.5882163240003138,ok,0.10253119300068647,0.03146417577214448,0.18784687700008362
1021,61.379,61.37987415799944,2.56150680599967,ok,0.07931276300041645,0.031419842455692605,0.18784492299982958
1022,61.504,61.505831322999256,2.513833030000569,ok,0.07118456300031539,0.03091924910125882,0.18766057199991337
1023,61.579,61.579212011999516,2.511826413999188,ok,0.06952607899984287,0.030914867253159173,0.1877567370001998
1024,61.68,61.68116684099914,2.809887622000133,ok,0.06998516600015137,0.03468197060759895,0.31266969599982986
1025,61.756,61.75635904699993,2.765329295999436,ok,0.0660425669993856,0.03416788889873853,0.312721717000386
1026,62.05,62.051546091999626,3.021883880999667,ok,0.09922505800022918,0.03699541918986948,0.3127267589998155
1027,62.101,62.10216547699929,2.9707022050006344,ok,0.09024709500044992,0.036461095835437836,0.3128322100001242
1028,62.126,62.12712575899968,2.945853451000403,ok,0.06835428400063392,0.03642383911392244,0.3128356249999342
1029,62.202,62.20269584399921,2.9938524959998176,ok,0.1081871329997739,0.036527232354435196,0.31266909199985093
1030,62.227,62.22731544599992,2.9689522779999606,ok,0.12481319700054883,0.036001518392402405,0.31273358700036624
1031,62.278,62.27901322999969,2.9173813329998666,ok,0.11407732499992562,0.035484657987339394,0.31273351600066235
1032,62.328,62.330101558000024,2.8663548960003027,ok,0.1042987210003048,0.0349625425316407,0.31275914300022123
1033,62.379,62.37939015399934,2.8164838680004323,ok,0.058134282000537496,0.03491548924050014,0.31282703099986975
1034,62.504,62.50453496299997,3.1755776520003565,ok,0.10742865700012771,0.03883699965822589,0.3127608169997984
1035,62.529,62.529356125999584,3.1509403350000866,ok,0.08553368200045952,0.038802413569619255,0.31272707999960403
1036,62.756,62.758034761999625,3.1991601800000353,ok,0.11244815999998536,0.039072081202534664,0.31272903899935045
1037,62.781,62.78183018599975,3.1751618810003492,ok,0.09196882300057041,0.03902744270885417,0.3127239549994556
1038,63.0,63.00180688599994,3.4216830180002944,ok,0.07099483800084272,0.0424134418860687,0.31273328499992203
1039,63.07599999999999,63.077004817999295,3.4217819300001793,ok,0.10614835500018671,0.041969840999995595,0.3120389369996701
1040,63.101,63.102023606999865,3.3966250169996783,ok,0.1223886150000908,0.04144566426581565,0.3130723730000682
1041,63.150999999999996,63.15118404799978,3.347808470999553,ok,0.07669783099936467,0.04140627218988167,0.31310084000051575
1042,63.227000000000004,63.22752453499925,3.3106262809997133,ok,0.11451056099940615,0.040456817240507766,0.3130683350000254
1043,63.278000000000006,63.278683603999525,3.2597952520000035,ok,0.1042414869998538,0.03994344596202022,0.3130751799999416
1044,63.303,63.30399560499973,3.2348499400004584,ok,0.11994137100009539,0.039429030202536755,0.3131200980005815
1045,63.352999999999994,63.3532333309995,3.1853767779994087,ok,0.07391247800023848,0.03938542205062881,0.3130594229996859
1046,63.45399999999999,63.45538478399976,3.217438907000542,ok,0.10068429800048762,0.03945227643037504,0.31308177699975204
1047,63.479,63.480017269999735,3.19305500199971,ok,0.07953233399985038,0.04043495981817637,0.31312329299998964
1048,63.504000000000005,63.50515026999983,3.167988205000256,ok,0.05443377700066776,0.03941189005062473,0.31312425900068774
1049,63.629999999999995,63.631010910999976,3.1485046329999022,ok,0.09937285600062751,0.03859639543037402,0.31312481999975716
1050,63.655,63.657049054999334,3.1221659610000643,ok,0.11411415500060684,0.03807634907593926,0.3130603620002148
1051,63.706,63.70640830100001,3.072423796000294,ok,0.0679601609999736,0.03803082669619931,0.3130713040000046
1052,63.831999999999994,63.83279881999988,3.115821653000239,ok,0.060987485000623565,0.03866841134176751,0.31307858700074576
1053,64.025,64.02591356599987,3.228700032999768,ok,0.10421094999946945,0.03955031701265904,0.3081896890007556
1054,64.05,64.05029860499963,3.20367069599979,ok,0.12504871199962508,0.03896952336709788,0.30818498600001476
1055,64.126,64.12703031699948,3.1270086929998797,ok,0.09126020399980916,0.03842698853164805,0.30818753200037463
1056,64.151,64.15135440199992,3.1030710260001797,ok,0.10838895100005175,0.03790709639240129,0.30818849400020554
1057,64.177,64.1785304039995,3.0759641980002925,ok,0.12250547300027392,0.0373853471265774,0.30818885799999407
1058,64.227,64.2285130679993,3.026040973999443,ok,0.11361699600001884,0.03686594762024746,0.3081918819998464
1059,64.278,64.27897921099975,2.9756895179998537,ok,0.10428373699960503,0.03729080554545693,0.3081758030002675
1060,64.328,64.32826713399936,2.926458969000123,ok,0.058505051999418356,0.03630305396202431,0.3081762149995484
1061,64.404,64.40410084999985,2.8959153179994246,ok,0.06953274999978021,0.03577664858228304,0.30817504700007703
1062,64.504,64.50419428499936,2.9420517420003307,ok,0.07261592000031669,0.03632163398733495,0.3081726689997595
1063,64.579,64.58000051599993,2.898057356999743,ok,0.10645975799980079,0.035336358392404565,0.30817330700028833
1064,64.63,64.63155767399985,2.8469061660007355,ok,0.09518391700021311,0.03483173435443295,0.30817166000088037
1065,64.655,64.65555051299998,2.8227878040006544,ok,0.0743247380005414,0.03569385149350708,0.389860872999634
1066,64.781,64.78178601799937,2.8551428800001304,ok,0.0674567810001463,0.035286849227845724,0.30832361099965055
1067,64.857,64.85744317199988,2.8947964609997143,ok,0.06872871999985364,0.035772687037979846,0.3082905199999004
1068,65.0,65.00046415499946,2.9267881570003738,ok,0.11118671100030042,0.03564019318987966,0.30828636400019604
1069,65.05,65.05048656899999,2.8769137279996357,ok,0.10216593199947965,0.035123210139248885,0.30828762799956166
1070,65.101,65.10166127100001,2.825679840999328,ok,0.05427560599946446,0.0350808534050677,0.30832231099975616
1071,65.177,65.17808354999943,2.7973353200004567,ok,0.12170915500064439,0.03474811128571319,0.26714524799990613
1072,65.227,65.22729687699939,2.748186072999488,ok,0.11422545999994327,0.033341093518980486,0.22543650199986587
1073,65.252,65.25255009599914,2.723018714000318,ok,0.08900543999970978,0.03511997646666714,0.2254204769997159
1074,65.278,65.27884625399929,2.696878931000356,ok,0.10413913600041269,0.03281933156961978,0.1840410670001802
1075,65.303,65.30398842799968,2.671637448999718,ok,0.11975292199986143,0.033141174285718715,0.14522178799961694
1076,65.328,65.32899696999993,2.645838435000769,ok,0.09477845200035517,0.03229151007594679,0.14520560999972076
1077,65.353,65.35374970999965,2.6219293399999515,ok,0.11017079900011595,0.03179424040506172,0.1452226569999766
1078,65.404,65.40419474800001,2.570710218000386,ok,0.10011951199976465,0.03127309450633508,0.14520847099993262
1079,65.454,65.45499419099997,2.5199729039995873,ok,0.05284770599973854,0.03289479614667168,0.14521179100029258
1080,65.504,65.50440951099972,2.482843419999881,ok,0.06265387500025099,0.03063500064556276,0.14521451400014485
1081,65.579,65.57928180399995,2.439775197999552,ok,0.06427171100040141,0.030069375556954984,0.14521489900016604
1082,65.68,65.68106642799921,2.4017953889997443,ok,0.07353389099989727,0.02947137384809956,0.1452157650001027
1083,65.756,65.75678681499994,2.440747704000387,ok,0.0740194159998282,0.03073638515584148,0.14521595099995466
1084,66.025,66.02566767699955,2.4186547159997644,ok,0.11347823899996001,0.02917891488607582,0.10837717899994459
1085,66.076,66.07622306299982,2.368416898999385,ok,0.10662139399937587,0.028630140012657786,0.10794690599959722
1086,66.126,66.12666872299997,2.317884664000303,ok,0.0960864880007648,0.02812383864556402,0.10794602799978747
1087,66.151,66.15136683699984,2.2931272850000823,ok,0.07439611300014803,0.02808500216455102,0.10794740600067598
1088,66.252,66.2529544049994,2.2409419290006554,ok,0.10623846799990133,0.027021192189876492,0.10788068999954703
1089,66.278,66.27963967300002,2.2147873079993587,ok,0.12010914299935394,0.02651464086075872,0.10793669900067471
1090,66.353,66.35369533699941,2.140821199000129,ok,0.04901961499945173,0.02647830834177535,0.10793676799949026
1091,66.429,66.42960920199948,2.11068989999967,ok,0.07161122500019701,0.026481206090903032,0.10794427800010453
1092,66.529,66.53080627299914,2.0557502490000843,ok,0.1001868290004495,0.024753651341770704,0.1078826389993992
1093,66.554,66.55437635199996,2.0324445039996135,ok,0.07984221799961233,0.024716226126587616,0.10787422999965202
1094,66.756,66.75780077099989,2.13075967199984,ok,0.1147138439991977,0.02551931159494508,0.13876697099931334
1095,66.807,66.80775607199939,2.080160538999735,ok,0.06812701800026844,0.0261298348181795,0.1386605719999352
1096,67.076,67.07701384499978,2.0131464819996836,ok,0.10911102399950323,0.024101370012661542,0.13887159200021415
1097,67.126,67.12694686499981,1.9633422590004557,ok,0.10158034899995982,0.023566401278486998,0.1387670310004978
1098,67.177,67.17743204699946,1.9129403140004797,ok,0.05437428200002614,0.023525951367089504,0.13876510000045528
1099,67.278,67.27993555899957,1.9287493430001632,ok,0.11502632900010212,0.024182768559997687,0.1387624990002223
1100,67.303,67.30337940299978,1.9052393040001334,ok,0.09516648099997838,0.022911996544303582,0.1387621809999473
1101,67.479,67.47965831999954,2.08354265700018,ok,0.06908284600012848,0.02549914475949214,0.22254213300038828
1102,67.554,67.55493293199925,2.121867695000219,ok,0.06543481800053996,0.026030468367083167,0.2225455249999868
1103,67.63,67.6305693409995,2.0775260050004363,ok,0.10026848899997276,0.02502834484810684,0.22254177000013442
1104,67.655,67.65530332699927,2.05237513999964,ok,0.07944436599973415,0.024973610645569744,0.22250586000063777
1105,67.68,67.6803514079993,2.0272345379999024,ok,0.0543677799996658,0.025621304324673688,0.2225229269997726
1106,67.781,67.78280465499938,2.001933210000061,ok,0.10769457900005364,0.023977377189872133,0.22250677099964378
1107,67.832,67.83316240799923,1.9518247379992317,ok,0.06030610199923103,0.023943034911398275,0.22261298500052362
1108,68.076,68.0771768959994,1.9088279940006032,ok,0.09940475700022944,0.022903720556959217,0.22255736500028434
1109,68.126,68.12694337899939,1.8591672909997214,ok,0.053044504999888886,0.02286210463291032,0.22250517700013006
1110,68.379,68.37940931499998,1.8969760580002912,ok,0.06629312300083257,0.02317285096201494,0.2225072889996227
1111,68.605,68.60586872099975,2.0620068580001316,ok,0.10431150300064473,0.024780748873414683,0.2226159510000798
1112,68.63,68.63143622999996,2.0362736429997312,ok,0.11862084499989578,0.024273741974682225,0.22252250200017443
1113,68.68,68.68143593599962,1.9865006070003801,ok,0.10863894500016613,0.023770217620247284,0.22254315000009228
1114,68.731,68.73179297299976,1.9362041750000571,ok,0.0613878839994868,0.023731671341782296,0.22254213299947878
1115,69.076,69.07688930599943,1.9846758639996551,ok,0.0681189489996541,0.02425985235443972,0.22255803200005175
1116,69.202,69.20253414199942,2.1489115429994854,ok,0.10016503199949511,0.025933313177223614,0.1822695280006883
1117,69.252,69.2526140989994,2.0992006289998244,ok,0.0907281839999996,0.02542351301265545,0.1421444400002656
1118,69.278,69.27895699499913,2.0719145450002543,ok,0.10456568400059041,0.024902776746831144,0.10525078299997404
1119,69.303,69.30388214999948,2.04707941200013,ok,0.12048053499984235,0.024387117493679857,0.10530175200074154
1120,69.353,69.35354402499979,1.9977302780007449,ok,0.11148838900044211,0.02387622862025188,0.10539478099963162
1121,69.379,69.37955745899944,1.9718292810002822,ok,0.0855217399994217,0.023877073848100887,0.10546396399968216
1122,69.404,69.40473980399929,1.9467689109997082,ok,0.06377572899964434,0.023835181746833287,0.10552160499992169
1123,69.554,69.55438231599965,1.902874876000169,ok,0.10162619099992298,0.022800283455696065,0.10554655300074955
1124,69.579,69.57961677499952,1.877746465999735,ok,0.07977540299998509,0.02275890027847916,0.10555483099960838
1125,70.076,70.07685244200002,1.9439076629996634,ok,0.10167246299988619,0.023319104151895875,0.10555528500026412
1126,70.101,70.10210891999941,1.9187472740004523,ok,0.08039718000054563,0.023270061721517247,0.10554945300009422
1127,70.126,70.12705381699925,1.8938628879996031,ok,0.055485575999227876,0.023270417265825637,0.10555073599971365
1128,70.328,70.3285359599995,2.0695271879994834,ok,0.10357715800000733,0.024885114253162168,0.10555726599977788
1129,70.379,70.38004359799925,2.0182477280004605,ok,0.05489264399966487,0.02485235387342107,0.10555502900024294
1130,70.429,70.4292444699995,1.984430632999647,ok,0.10126729100011289,0.023837224506321576,0.10555570099950273
1131,70.479,70.48023691699927,1.9335706219999338,ok,0.05329848699966533,0.023800722012667763,0.10555652399943938
1132,70.605,70.60697110299952,1.9400815159997364,ok,0.06205660500017984,0.023772117873416886,0.1056709000004048
1133,70.68,70.6802578679999,1.936561890000121,ok,0.06008710700007214,0.02375252370885518,0.10566676199960057
1134,70.807,70.80752992999987,2.069876352999927,ok,0.06693229299980885,0.025353373291135874,0.1823259450002297
1135,71.05,71.05031310300001,2.029295671,ok,0.10532182600036322,0.0243537585949318,0.18250086499938334
1136,71.076,71.07646307300001,2.0032351340005334,ok,0.08264293499996711,0.024311101556963012,0.18242043900045246
1137,71.177,71.17720363099943,1.9887570810005855,ok,0.10958176300027844,0.02440447807792272,0.18244710500039218
1138,71.202,71.20264788799977,1.9633863489998475,ok,0.1257665539997106,0.023260804784812638,0.18244775899984234
1139,71.227,71.22795632999987,1.938393090000318,ok,0.10042364099990664,0.023264784936709706,0.1824475369994616
1140,71.278,71.27866794900001,1.8878856890005409,ok,0.05274899500000174,0.02322935674684358,0.18241714300074818
1141,71.554,71.55499543299993,2.1433752619996085,ok,0.10971551599959639,0.02574218011392952,0.20041015100014192
1142,71.579,71.57969545699962,2.1187711590000617,ok,0.08842604300025414,0.02570037127847909,0.20043579899993347
1143,71.605,71.60577083599946,2.092755911000495,ok,0.062320818999978655,0.02570152751898984,0.20044035900082235
1144,71.781,71.78126017899922,2.1381967760007683,ok,0.06715485600034299,0.026215387126584676,0.20044240900006116
1145,72.076,72.0764083489994,2.3829162639995047,ok,0.09921278399997391,0.028907039253163364,0.20050521200028015
1146,72.101,72.10209006199966,2.356095692999588,ok,0.0766500019999512,0.028853192734171484,0.20038422800007538
1147,72.202,72.20260604699979,2.343095335999351,ok,0.10290563099988503,0.028356354594933103,0.20055584500005352
1148,72.227,72.22729138299928,2.3189396830002806,ok,0.11971892099973047,0.02783780518988167,0.20040382300066995
1149,72.252,72.2523884229995,2.2940769939996244,ok,0.0945893239995712,0.02784124811393057,0.20040277299995068
1150,72.278,72.27939014099957,2.2673710709996158,ok,0.07060752799952752,0.027806875405064914,0.2004065029996127
1151,72.429,72.4297735049995,2.5205231800000547,ok,0.06961959799991746,0.031023632518980188,0.20043332499972166
1152,72.554,72.55466099399928,2.512163184000201,ok,0.102877676999924,0.03049694812658414,0.20044060399959562
1153,72.605,72.60558280799978,2.461435072000313,ok,0.09205214099984005,0.029991851291141975,0.2005087059997095
1154,72.63,72.63141359599922,2.4341958079994583,ok,0.10722281799917255,0.02945480245569895,0.20038384199961
1155,72.655,72.65529262999917,2.411226577999514,ok,0.12399602999994386,0.028951837367089808,0.2004042689995913
1156,72.706,72.7078387849997,2.358832903999428,ok,0.0747489739997036,0.0289121264556999,0.20040650499959156
1157,73.101,73.10190981399955,2.601655219999884,ok,0.1030924380002034,0.03162713432910878,0.20064632600042387
1158,73.126,73.12642162099928,2.5768136380002034,ok,0.08196416499959014,0.031579990417723615,0.2005748500005211
1159,73.353,73.35390268799983,2.5647687000000587,ok,0.11109066300014092,0.031059009101261813,0.18608398100059276
1160,73.404,73.40445017299953,2.5137812749999284,ok,0.10946392599998944,0.03043405046835549,0.18667487400034588
1161,73.429,73.42937613599952,2.489612016999672,ok,0.12870715299959556,0.02988468518987811,0.18608008499995776
1162,73.479,73.47920118799993,2.439406688999952,ok,0.12052841199965769,0.02935263772152108,0.18608110399964062
1163,73.504,73.50440848999915,2.414355880000585,ok,0.09528971500003536,0.02935507117721891,0.18535306099965965
1164,73.529,73.53012154299995,2.3887001970006168,ok,0.0724742669999614,0.029319140189877142,0.18537612999989506
1165,73.756,73.75783774399952,2.350513002000298,ok,0.110256900999957,0.028357336531647705,0.18539658400004555
1166,73.807,73.80797581799925,2.300442769000256,ok,0.06329943400032789,0.02831806760759373,0.18546501399941917
1167,74.05,74.05042174199934,2.5934002680005506,ok,0.10200716899998952,0.03153643754430499,0.22592416499992396
1168,74.101,74.1020790449993,2.5416096620001554,ok,0.09141417800037743,0.031014903962018194,0.22592951900060143
1169,74.126,74.12754477899944,2.5157059980001577,ok,0.10803302200019971,0.03047651781012467,0.22596556699954817
1170,74.151,74.1521028419993,2.4912741589996585,ok,0.08703071600029944,0.030433244088605614,0.22582478000003903
1171,74.177,74.17805154599955,2.4658293370002866,ok,0.061114766000173404,0.030439250316461927,0.2259232639999027
1172,74.278,74.27828768999916,2.427033523999853,ok,0.10470594999969762,0.029396017240506358,0.22582286299984844
1173,74.328,74.32908561199929,2.376508678999926,ok,0.055260013000406616,0.029382674734169764,0.2259233899994797
1174,74.379,74.38029603599989,2.340387092999663,ok,0.060981916999480745,0.028852921898737515,0.2258842809997077
1175,74.479,74.47978802099988,2.3066179329998704,ok,0.10574425100003282,0.027858954556962353,0.22596699699988676
1176,74.504,74.50471009499961,2.282048842000222,ok,0.12285308399987116,0.02733136096203107,0.2258325809998496
1177,74.554,74.5545186169993,2.2323611370002254,ok,0.11490771399985533,0.02680301345569631,0.22583474200018827
1178,74.579,74.5795267859994,2.207526696000059,ok,0.08993757799999003,0.02680473967088398,0.22592790100043203
1179,74.605,74.60576165899965,2.1813526539999657,ok,0.10559594900041702,0.026275227253157753,0.22591024299981655
1180,74.63,74.63079256299989,2.1563730350007972,ok,0.08438200799992046,0.026227562037979334,0.22591212400038785
1181,74.655,74.65529373799927,2.1310426240006564,ok,0.05985021400010737,0.026217031772151282,0.22588253499998245
1182,74.731,74.73144267099997,2.1000343739997334,ok,0.07217931099967245,0.025668711189874682,0.22583386000042083
1183,74.807,74.80716488399958,2.095195204999982,ok,0.10726797300048929,0.025163248075945308,0.22593446799965022
1184,74.857,74.85873076999997,2.043703006999749,ok,0.05847453999922436,0.02512926517722261,0.22593644100015808
1185,75.0,75.00040180699943,2.054253255999356,ok,0.06810487799975817,0.025140611493664932,0.2259582690003299
1186,75.227,75.22841653399973,2.291996289999588,ok,0.11046053399968514,0.027614172151895874,0.2259589440000127
1187,75.252,75.25263685299979,2.267706243000248,ok,0.1272796279999966,0.02709336794937314,0.22595832299975882
1188,75.328,75.32918430599966,2.1915748880001047,ok,0.05374056499931612,0.027060992000010227,0.2260325039997042
1189,75.404,75.4047173659992,2.1620005550003043,ok,0.10570246300085273,0.02602877382278051,0.22595973300030892
1190,75.429,75.42982846599989,2.1369591189995845,ok,0.08363362599993707,0.02599124862024814,0.22595795300003374
1191,75.554,75.55431111500002,2.238901917000476,ok,0.062013659000513144,0.027555205025317817,0.22595865600032994
1192,75.63,75.63055311099924,2.248333843999717,ok,0.0744920839997576,0.027516649860755728,0.22595933800039347
1193,75.781,75.78306051299933,2.28779913300059,ok,0.07145823100017878,0.028783322428577552,0.22596077700018213
1194,76.126,76.12706526199963,2.580027814999994,ok,0.1065907160000279,0.03130892467088185,0.18694989400046325
1195,76.151,76.15207503900001,2.5550958149997314,ok,0.12319374599974253,0.030783354999999298,0.16706767400046374
1196,76.227,76.2281117929997,2.479130093999629,ok,0.08899884600032237,0.030254631405056635,0.166909850000593
1197,76.252,76.25225612699978,2.4551643670001795,ok,0.10599142800037953,0.029736175556962147,0.1669091900002968
1198,76.278,76.27846415799922,2.4288792259994807,ok,0.12172963299963158,0.029203838265822946,0.16690932300025452
1199,76.353,76.35436846599987,2.3531069769996975,ok,0.04900235199966119,0.029165709784805746,0.16691008500038151
1200,76.429,76.4311354649999,2.4620478330007245,ok,0.11363427700052853,0.029726406632913562,0.16691077499945095
1201,76.454,76.45438693399956,2.4388843490005456,ok,0.09393590200033941,0.030453653480518286,0.16691069100033928
1202,76.479,76.47935792499993,2.4139925600002243,ok,0.0689161910004259,0.029684321594939757,0.16705435200037755
1203,76.832,76.83231289799915,2.4662792250001075,ok,0.10962367699994502,0.02983070279746635,0.16687015000024985
1204,76.857,76.85748052399958,2.4412037020001662,ok,0.0875883580001755,0.02979239069620373,0.1669162909993247
1205,77.076,77.07637022299969,2.4204918870000256,ok,0.0662696790004702,0.0297998981645545,0.16689603900067596
1206,77.151,77.15285724899968,2.3811593480004376,ok,0.11332805999973061,0.028706478379752275,0.1414175139998406
1207,77.177,77.17834779499935,2.3557511699991664,ok,0.1381902209996042,0.028070188936712665,0.1415548699997089
1208,77.202,77.20243706499969,2.3317549329995018,ok,0.11413780099974247,0.028070917227846104,0.1415555060002589
1209,77.227,77.22859500599952,2.3056543739994595,ok,0.13530273800006398,0.027472623455697096,0.14155704499989952
1210,77.252,77.25356195699987,2.2808994630004236,ok,0.11037788500016177,0.027474720721513704,0.14155833299992082
1211,77.278,77.27840420199936,2.255075239000689,ok,0.08845204800036299,0.027425232177214456,0.14145014800033096
1212,77.379,77.38108132799971,2.2377497379993656,ok,0.07353491899993969,0.02739479763290489,0.14155933599977288
1213,77.554,77.5548526879993,2.3617916479997803,ok,0.10410355000021809,0.028577984303802057,0.1411269229993195
1214,77.579,77.57957706999969,2.337398308000047,ok,0.12007676400025957,0.028067111367081336,0.14112839099925623
1215,77.63,77.63109804499982,2.2860411860001477,ok,0.1092788539999674,0.02755374294936908,0.1411314239994681
1216,77.68,77.68017148799936,2.2371854510001867,ok,0.0634957439997379,0.02751485545569624,0.14117347899991728
1217,77.807,77.80881402899922,2.2025507729995297,ok,0.10863423599948874,0.02650501591139075,0.14117219099989597
1218,77.832,77.83283265199952,2.1778825720002715,ok,0.08790660700014996,0.026455018594937936,0.1411256780002077
1219,78.0,78.00111860099969,2.1199432780003917,ok,0.10870512000019517,0.025458382468358753,0.10276719900048192
1220,78.05,78.05049746399982,2.0708484359993236,ok,0.10063264399923355,0.0249391730253189,0.09794907099967531
1221,78.076,78.07673074399918,2.0447226559999763,ok,0.0782899460000408,0.024891352215191443,0.09794752899961168
1222,78.101,78.10159277099956,2.019946364000134,ok,0.05345881800076313,0.024892062354422394,0.09791208600017853
1223,78.151,78.15121976199953,1.9844168469999204,ok,0.10369590699974651,0.023806292556964995,0.09791436600062298
1224,78.202,78.2022797869995,1.9337528309997651,ok,0.055683397999928275,0.02377278743038408,0.09794875599982333
1225,78.429,78.4293546809995,2.140558082000098,ok,0.06113968199952069,0.026321250987350622,0.09857323300002463
1226,78.529,78.53008608999971,2.144429457000115,ok,0.10178587100017467,0.02585604188607249,0.09859893300017575
1227,78.579,78.57994470499943,2.094496059999983,ok,0.05495529300060298,0.025816612683540165,0.09859751099975256
1228,78.63,78.63194928299981,2.155717767999704,ok,0.11310648600010609,0.025855525924052467,0.09860294000009162
1229,78.68,78.68065414499961,2.1070819139995365,ok,0.10443301499981317,0.025349789696197667,0.09860427700004948
1230,78.706,78.70800755599976,2.080027424999571,ok,0.08043446600004245,0.025311061924047046,0.09858605499994155
1231,78.832,78.83246940399931,2.099967008999556,ok,0.0618125359997066,0.025799089898733838,0.09858445000008942
1232,79.151,79.15204395799992,2.1917278999999326,ok,0.10966789800022525,0.026354994177209053,0.09858229000019492
1233,79.177,79.17807258299945,2.165253209000184,ok,0.08717382800023188,0.02630423978480624,0.09857733700027893
1234,79.202,79.20306140199955,2.14055048299997,ok,0.062217466999754834,0.02630777234176842,0.09859472999960417
1235,79.429,79.42939231199944,2.4753784770000493,ok,0.06959536300018954,0.03045262637974529,0.2226585079997676
1236,79.554,79.55451209699913,2.4308169370006,ok,0.10420199899999716,0.029450194784808044,0.2227277909996701
1237,79.579,79.57986220799921,2.4055401369996616,ok,0.08234173900018504,0.029407369544301967,0.22273194000081276
1238,79.68,79.68007274799947,2.353164040999218,ok,0.1098235699992074,0.028396498215189712,0.22262084600060916
1239,79.706,79.70692035999946,2.3265211620000628,ok,0.08665206099976785,0.028352559594939614,0.2226543770002536
1240,79.731,79.73196119599925,2.300940642999194,ok,0.06157596499997453,0.02834602701265875,0.22268261600038386
1241,79.807,79.80777022499933,2.3112463020006544,ok,0.07452612900033273,0.028312502670883942,0.2226859919992421
1242,80.126,80.12698190899937,2.4714447180003845,ok,0.1034571740001411,0.029974148379747195,0.22278175799965538
1243,80.177,80.17749888299932,2.421298358000058,ok,0.05475489499985997,0.029955999683542234,0.22262094600046112
1244,80.227,80.22778254999957,2.517660167000031,ok,0.09987983200062445,0.030604472126573388,0.2226281260000178
1245,80.252,80.25285333800002,2.4927927620001356,ok,0.07775643300010415,0.030569876000000374,0.22265975999926013
1246,80.404,80.40497022699947,2.5171622669995486,ok,0.09839401099998213,0.03061698149366161,0.2226603810004235
1247,80.429,80.42965368299974,2.492550568000297,ok,0.07668058900071628,0.030580423746834662,0.22272567500021978
1248,80.554,80.55462395299946,2.4457828690001406,ok,0.07100842100044247,0.030060060430376418,0.22262404699995386
1249,80.655,80.656980277,2.449368035999214,ok,0.10971526199955406,0.029615481987346794,0.22262061900073604
1250,80.706,80.70631192399924,2.4000957339994784,ok,0.06368716599990876,0.02957457337974511,0.2226209309992555
1251,80.781,80.7812103059996,2.3963675860004514,ok,0.09966132900080993,0.029071844012648826,0.22284773999945173
1252,80.807,80.80755974699969,2.3701628950002487,ok,0.07718617499995162,0.029024823670889544,0.22278329500022664
1253,80.832,80.83262253599969,2.3450372480001533,ok,0.052092388000346546,0.029024394936710406,0.22278527300022688
1254,81.05,81.05098589499994,2.363963725000758,ok,0.10006498300026578,0.02865672335442641,0.22282713700042223
1255,81.076,81.07646789699993,2.337941570000112,ok,0.07846603199959645,0.0286006265569661,0.22278194000045914
1256,81.101,81.10160668299977,2.312873156999558,ok,0.0532914619998337,0.02860210462025447,0.2227719000002253
1257,81.177,81.17772508299913,2.448196249999455,ok,0.06851579199974367,0.030122204911394068,0.2227711019995695
1258,81.379,81.3799812089992,2.4476957179995225,ok,0.10335494499940978,0.029675015759494272,0.18356672300069476
1259,81.429,81.42964547899919,2.3980839129999367,ok,0.09507128200039006,0.029151887341764517,0.14608022100037488
1260,81.479,81.47936803299945,2.3480839049998394,ok,0.08661391700024978,0.02862580451898183,0.14660343600007764
1261,81.504,81.50454554299995,2.3229797329995563,ok,0.1030710770000951,0.028099898721514284,0.14660290999927383
1262,81.554,81.55494231699959,2.2726765060006073,ok,0.05542710600002465,0.02806626645570195,0.14663251700039837
1263,81.605,81.60520712999914,2.2377552829993874,ok,0.10051802899943141,0.027053308481011795,0.14659935200052132
1264,81.63,81.63056861599944,2.212561920000553,ok,0.11655546700058039,0.02653153502531127,0.1466099769995708
1265,81.68,81.68116704899967,2.16186602200014,ok,0.10705366999991384,0.026010082898739965,0.14661211800012097
1266,81.731,81.73294624099981,2.1102413480002724,ok,0.05838548700012325,0.025972683556954253,0.146637169999849
1267,82.05,82.0504716129999,2.2365838030000305,ok,0.10837040500064177,0.026939087607584216,0.1466402169999128
1268,82.076,82.0763629789999,2.2107562139999573,ok,0.08585109300020122,0.026897343822786787,0.14664316800008237
1269,82.202,82.20300306299941,2.270546106999973,ok,0.10294473900012235,0.027437614481008312,0.1466014850002466
1270,82.227,82.22793596499923,2.245685152999613,ok,0.11910983799953101,0.026918471088616638,0.14660114500020427
1271,82.278,82.2781750589993,2.195509516999664,ok,0.07199558199954481,0.026879741012658376,0.14660253100009868
1272,82.529,82.52978812499987,2.2718805780004914,ok,0.10901350699987233,0.027377688518996204,0.14237452700035647
1273,82.579,82.58081760099958,2.2213879999999335,ok,0.10091117000047234,0.026841228126579176,0.14249881300020206
1274,82.605,82.60594588599997,2.1963233850001416,ok,0.11784558700037451,0.026309659113924026,0.1424978880004346
1275,82.63,82.631077946,2.171314719000293,ok,0.09277324600043357,0.026310452999991234,0.14258270200025436
1276,82.655,82.65604030899976,2.146412443000372,ok,0.07114082699990831,0.026269083734175032,0.1425852339998528
1277,82.756,82.75810873299997,2.229232153000339,ok,0.1122394300000451,0.02679670835443429,0.1425875190006991
1278,82.807,82.80742942799952,2.179987226999401,ok,0.06599729299978208,0.026759089316455393,0.14258775300004345
1279,83.025,83.0268511889999,2.5904843100006474,ok,0.06176965000031487,0.03200836411391881,0.14246265699966898
1280,83.101,83.10284442399916,2.5601279739994425,ok,0.0758841079996273,0.031445780797472664,0.14246294799977477
1281,83.227,83.22795287699955,2.552440475000367,ok,0.07286136099992291,0.03138674706330181,0.1424616900003457
1282,83.404,83.40490749699984,2.499819997000486,ok,0.10227019700050732,0.030348542582274443,0.14200212900050246
1283,83.429,83.42957890199978,2.474496093000198,ok,0.11800486799984355,0.029828623835449354,0.14192107600047166
1284,83.479,83.47943956499967,2.425232099999448,ok,0.10895820399946388,0.02931972273417378,0.14200272000016412
1285,83.504,83.50478657099939,2.399761149999904,ok,0.08720504800021445,0.029272607683542215,0.14200094799980434
1286,83.605,83.60622176699962,2.344358180999734,ok,0.0747148959999322,0.028729362987339496,0.14200214500033326
1287,84.05,84.05068565999954,2.664466579999498,ok,0.1006988849994741,0.03245240882279177,0.14193262399930973
1288,84.076,84.07790257799934,2.6374232730004223,ok,0.07634839799993642,0.03241822951898755,0.14193092999994406
1289,84.151,84.15145292199941,2.5790119889998095,ok,0.09902321299978212,0.03139200492404586,0.1419842969999081
1290,84.177,84.17746630599959,2.553258511000422,ok,0.07651289800014638,0.03135101122784996,0.14200286300001608
1291,84.202,84.20259098599945,2.5275755599996046,ok,0.0513429869997708,0.03134441398734579,0.14189744000032078
1292,84.278,84.27818372999991,2.4977863739995882,ok,0.06417877300009422,0.030804848506324815,0.14199820700014243
1293,84.353,84.35356867499922,2.454427216000113,ok,0.09912522400009038,0.029813425367091775,0.14199886700043862
1294,84.404,84.40482273599991,2.40330422200077,ok,0.05086122900047485,0.029777537430382386,0.14199817600001552
1295,84.63,84.6310534689992,2.4683524000001853,ok,0.10683467099988775,0.029892377000002933,0.14202027699957398
1296,84.655,84.65570222099996,2.443920777999665,ok,0.12425418600014382,0.02936268170885307,0.14200520499980485
1297,84.706,84.70712171399919,2.392349577999994,ok,0.07630521699957171,0.029316819481013962,0.14201853400027176
1298,84.731,84.73211486999935,2.36685192799996,ok,0.05126901799940242,0.029310833949377318,0.14199230400026863
1299,84.781,84.78113383799973,2.349590514000738,ok,0.11261234800076636,0.028315838886072336,0.1419926899998245
1300,84.832,84.83219177799947,2.2987260930003686,ok,0.10226039999997738,0.02780315345569738,0.1420180880004409
1301,84.857,84.85724667999966,2.273765808000462,ok,0.08063811400006671,0.027760908949363235,0.1420056229999318
1302,85.0,85.00265329299964,2.2245714820001012,ok,0.10871394999958284,0.026782794632916055,0.14200755799993203
1303,85.05,85.05019124699993,2.177093528000114,ok,0.10384105100001761,0.026243511075946014,0.14200782900024933
1304,85.076,85.07638841199969,2.150069011000596,ok,0.08056547300020611,0.026195867531643234,0.14198939299967606
1305,85.101,85.1020621409998,2.1248441349998757,ok,0.054919778000112274,0.02620132759493342,0.1419935419999092
1306,85.151,85.15158349899957,2.0908705860001646,ok,0.10082729700025084,0.025190143860757568,0.14200525200067204
1307,85.202,85.20220453999991,2.03966175900041,ok,0.0533482479995655,0.025142843860763445,0.1419913079998878
1308,85.252,85.25253714299924,2.0441993419999562,ok,0.06134786499933398,0.02575084666234459,0.1419930830006706
1309,85.328,85.3291057839997,2.017365728000186,ok,0.07499342499977502,0.02458663916456052,0.1419942689999516
1310,85.404,85.40423154599921,1.9743449130000954,ok,0.11073746500005655,0.023589631227843733,0.1377693750000617
1311,85.454,85.454198421,1.924559990000489,ok,0.10220871599995007,0.023067534037976126,0.13778985899989493
1312,85.504,85.50471702499999,1.8741278880006575,ok,0.09242478700070933,0.022553012949358645,0.13779337599953578
1313,85.529,85.52917824699944,1.8497273019993372,ok,0.07111406500007433,0.02251392125316083,0.13779463100036082
1314,85.68,85.68092248599987,1.885000348000176,ok,0.06789432900040993,0.023000993050636336,0.13776458900065336
1315,86.025,86.02564351699948,1.9459493699996528,ok,0.05916371599960257,0.02388298202532508,0.13776536399927863
1316,86.101,86.10201278799923,1.915811491000568,ok,0.07156215499981045,0.0233445950000058,0.13776821400006156
1317,86.252,86.25336420999975,1.9961449460006406,ok,0.11295801200049027,0.02383745482278801,0.1377681570002096
1318,86.278,86.27905565899982,1.9705910700004097,ok,0.09080943700064381,0.023794519481006193,0.1377879949995986
1319,86.303,86.30413547699936,1.9454471359995296,ok,0.06569558399951347,0.02379411821519032,0.13832794800055126
1320,86.379,86.38004643299973,1.9834214749998864,ok,0.06209024399959162,0.02432018406329053,0.138337422999939
1321,86.454,86.45434540299993,1.9591311670001232,ok,0.11242572700029996,0.023375699569626276,0.1003462340004262
1322,86.479,86.47948573599933,1.934322469000108,ok,0.12877266299983603,0.022854873493663865,0.060690166000313184
1323,86.529,86.5299589819997,1.8835827729999437,ok,0.08024082900010399,0.022826913518990376,0.06061389800015604
1324,86.605,86.60600191999947,1.8218007609993947,ok,0.0612126599999101,0.022285637050635725,0.06061576200045238
1325,86.832,86.83383222699922,1.8040387129994997,ok,0.06173202099944319,0.022054185734178427,0.060615958999733266
1326,87.0,87.00083237099989,1.7885276110000632,ok,0.06451006499992218,0.021822664556957878,0.06061588800002937
1327,87.227,87.22777867999957,1.815201110000089,ok,0.07085461300084717,0.022653504285711265,0.12985965200005012
1328,87.404,87.40444681499957,1.8589378239994403,ok,0.11120875699998578,0.022122799417715375,0.0597986110005877
1329,87.429,87.43071073199917,1.8327479010004026,ok,0.08847808400059876,0.02207915707594445,0.05979946000024938
1330,87.454,87.45469502999913,1.8088666749999902,ok,0.0645314250004958,0.022080002329109644,0.05986362699968595
1331,87.706,87.7066234469994,2.2889048130000447,ok,0.07156115199995838,0.02806730298734577,0.18618365400016046
1332,87.807,87.80916969999998,2.2501608880002095,ok,0.11168816899953526,0.027068633974683703,0.18618318400058342
1333,87.857,87.8578951089994,2.2015040179994685,ok,0.06606391399964195,0.027030682468360778,0.1861838759996317
1334,88.05,88.05087614999957,2.3732633529998566,ok,0.10808819300018513,0.028672857569624365,0.18618393399992783
1335,88.101,88.1014845689997,2.3221412789998794,ok,0.0605926839998574,0.02862681479747394,0.18621920900022815
1336,88.177,88.17728195199925,2.3350408119995336,ok,0.11242177999974956,0.028133907873423226,0.18621296899982553
1337,88.227,88.22730396799943,2.2849078680001185,ok,0.06585167499997624,0.02808894343038043,0.18634023499998875
1338,88.303,88.303394046,2.239838188000249,ok,0.061725592000584584,0.02757068259493108,0.1861897600001612
1339,88.529,88.52969155399933,2.2618063379995874,ok,0.0647073990003264,0.027811018886069766,0.18618161099948338
1340,88.731,88.73245279099956,2.235029461000522,ok,0.09608033499989688,0.027074951430383604,0.18618229999992764
1341,88.781,88.78214854199996,2.1854407390001143,ok,0.049929396999687015,0.027031587291137932,0.18626062599923898
1342,88.832,88.8321647089997,2.1662782220000736,ok,0.06836837999981071,0.026555480417715167,0.18626756800040312
1343,89.025,89.02556058399932,2.4391232089992627,ok,0.10847210399970209,0.029501573632911414,0.18627000600008614
1344,89.076,89.07647851799993,2.3882715170002484,ok,0.06103361800069251,0.029458503721510664,0.18627152299995942
1345,89.252,89.25283389099968,2.476821002000179,ok,0.10401185199953034,0.030035217037982852,0.18618536200028757
1346,89.303,89.30329432999952,2.4264623550006945,ok,0.09424726599991118,0.029521502113933406,0.18618372200035083
1347,89.353,89.35404946899962,2.375866311000209,ok,0.0469314049996683,0.02947998279747089,0.1863624500001606
1348,89.429,89.42983548999928,2.3644339749998835,ok,0.11258183300014935,0.028504051265821246,0.14687639099975058
1349,89.454,89.45437870799924,2.340490927999781,ok,0.12991698699988774,0.02798170322785154,0.10506301199984591
1350,89.504,89.50421707199985,2.290804534000017,ok,0.12287514299987379,0.027441956506329836,0.10181710999950155
1351,89.529,89.52929080799913,2.265789482999935,ok,0.09784180000042397,0.027442197506331204,0.10181785599979776
1352,89.554,89.55460530399978,2.2403320539997367,ok,0.11481862599976012,0.02690502958228512,0.10181193700009317
1353,89.579,89.57919655399928,2.2159461319997718,ok,0.09026500999971176,0.026907190075943145,0.10181720099990343
1354,89.605,89.6055277229998,2.1896626139996442,ok,0.0669651239995801,0.026869422594936163,0.10180182600015542
1355,89.68,89.68068520199995,2.143038988999251,ok,0.10139725299995916,0.025843253202523717,0.1018251629993756
1356,89.731,89.73164553299921,2.0924047620001147,ok,0.09129660600046918,0.025330105126573195,0.10161423200042918
1357,89.756,89.7572157249997,2.0671622089994344,ok,0.06868927300001815,0.02529689698733623,0.10181423399990308
1358,89.832,89.83310586599964,2.021420114999273,ok,0.06586077099927934,0.02475359362025198,0.10180880500047351
1359,90.05,90.05025079299958,2.015393949999634,ok,0.06456921500011958,0.02469363584809856,0.10245598499932385
1360,90.177,90.17800236899984,2.0197093679998943,ok,0.11121523600013461,0.024157906303796002,0.10245872900031827
1361,90.202,90.20253331299955,1.9947530270001153,ok,0.08970786999998381,0.02411416115189206,0.10245304699947155
1362,90.303,90.3034498549996,2.1041093570001976,ok,0.09928382600082841,0.025377235999994925,0.19021243599945592
1363,90.353,90.35344504999921,2.0541806780001934,ok,0.05239078900012828,0.025338923734182835,0.19021122100002685
1364,90.429,90.43002720099958,2.066314771999714,ok,0.06490364199999021,0.02533372950632769,0.19028304099992965
1365,90.554,90.5543914309992,2.1407324279998647,ok,0.060666840000521915,0.026329525569617776,0.19025485800011666
1366,91.05,91.05081520299973,2.309687038999982,ok,0.10347118500067154,0.02792646136708466,0.1902096869998786
1367,91.101,91.10131321499921,2.259258090000003,ok,0.05535904499993194,0.02789725943037848,0.1902666699998008
1368,91.151,91.15203044600003,2.262882021999758,ok,0.10069973000008758,0.027369013949363405,0.1903743740003847
1369,91.177,91.17790547699951,2.2374941790003504,ok,0.0785723440003494,0.027327835518986786,0.19025334599973576
1370,91.202,91.20286254799976,2.212847227999191,ok,0.05358439199972054,0.027332243582281125,0.19029927799965662
1371,91.252,91.25240020000001,2.2619665419997546,ok,0.10362555899973813,0.027320481594939293,0.19031268999970052
1372,91.303,91.3040833619998,2.2095370030001504,ok,0.05465160699986882,0.027276613848099963,0.19037834400023712
1373,91.353,91.35363018099997,2.2204458850001174,ok,0.06134859400026471,0.027330029620246978,0.19022071400013374
1374,91.504,91.50421892399936,2.178870155000368,ok,0.09954662600011943,0.026319987708868925,0.19025216699992598
1375,91.554,91.55431345699981,2.1290145610000764,ok,0.0895010780004668,0.02581584821519421,0.19025591399986297
1376,91.579,91.58004266899934,2.103702364000128,ok,0.06676331899961951,0.025783750063297542,0.18991070300035062
1377,91.857,91.8580682719994,2.1836427039997943,ok,0.0667033210002046,0.026796405772155238,0.19004450800002815
1378,92.126,92.12748376499985,2.4406986710000638,ok,0.11065603299994109,0.029493989582286165,0.15034931100035465
1379,92.151,92.15310778099956,2.4151359549996414,ok,0.13366456699986884,0.028879204860758467,0.10288317300000926
1380,92.227,92.22728543999983,2.3402413000003435,ok,0.10182074299973465,0.02833405026582643,0.1030400859999645
1381,92.278,92.27880160699988,2.2888027249991865,ok,0.05389421299969399,0.028289777012657936,0.10287355600030423
1382,92.328,92.32874591399923,2.2534144750006817,ok,0.0603894500000024,0.027759473101273042,0.10293482500037499
1383,92.404,92.40437601699978,2.2248023800002557,ok,0.07483878200036997,0.027214414202533108,0.10295838700039894
1384,92.504,92.50473939299991,2.1714366770002016,ok,0.10018719500021689,0.026218154392407524,0.10294707699995342
1385,92.529,92.53037035699981,2.1457379599996784,ok,0.0773110740001357,0.02618230115189639,0.1029589580002721
1386,92.63,92.63069646699932,2.0917829099998926,ok,0.06621231299959618,0.025639829822789062,0.10294732100010151
1387,92.756,92.7564832779999,2.098561678999431,ok,0.0747134819994244,0.025617881151907867,0.10294702999999572
1388,93.0,93.0019702919999,2.0979155189997982,ok,0.1104058979999536,0.0251580926075999,0.10169398200014257
1389,93.025,93.02604230199995,2.0741827159999957,ok,0.12902091199975985,0.02462209317721467,0.1016708679999283
1390,93.101,93.1014558959996,1.9981207720002203,ok,0.05757290000019566,0.024563547265815826,0.10169502000007924
1391,93.227,93.22769528399931,2.009392967000167,ok,0.06724112800020521,0.024583835848094582,0.10168988700024784
1392,93.353,93.35417541999959,2.0891544849991988,ok,0.10005930899933446,0.025177781911397572,0.1044176460000017
1393,93.379,93.38028186999964,2.0632935719995658,ok,0.07746109399977286,0.025136856556959106,0.10441905400057294
1394,93.454,93.454320973,2.0047005320002427,ok,0.09915461299988237,0.024120500898742982,0.1044206779997694
1395,93.479,93.47995569499926,1.9791562660002455,ok,0.0770353719999548,0.024077265126581114,0.10442140199938876
1396,93.756,93.7564761879994,2.1843233649997273,ok,0.11414700399927824,0.02620457455696287,0.10442265099936776
1397,93.807,93.80737670599956,2.1334773340004176,ok,0.10550519800017355,0.025670357620249808,0.10442170800070016
1398,93.832,93.8323816939992,2.108292117000019,ok,0.0841513280001891,0.025621695772154257,0.10442349200002354
1399,93.857,93.8575825099997,2.083157678999669,ok,0.058985511000173574,0.025622231670885287,0.1044239769998967
1400,94.025,94.02604115599934,2.094629387000168,ok,0.10881872100071632,0.02513645582278318,0.10445762900053523
1401,94.076,94.07628011299948,2.0448749719998887,ok,0.09957843999927718,0.024623792569630647,0.10442330600017158
1402,94.126,94.12680479399933,1.9939380229998278,ok,0.0523975119995157,0.024576261974692024,0.10445887399964704
1403,94.202,94.2028121079993,2.0877327939997485,ok,0.0650436890000492,0.025603305999999364,0.10445980900021823
1404,94.379,94.38029744799951,2.1756045259999155,ok,0.10910545400020055,0.026157799075952403,0.10426112099958118
1405,94.429,94.42927342499934,2.127142076000382,ok,0.10099240300041856,0.025647173392400552,0.10442271700048877
1406,94.479,94.4799188069992,2.0765629320003427,ok,0.05348678700011078,0.02560835627849008,0.1044242519992622
1407,94.781,94.78172334099963,2.1764719989996593,ok,0.07524083299995254,0.026597526189866987,0.10442263599998114
1408,95.025,95.02544622299956,2.3025734419998116,ok,0.11359278600048128,0.027708265658222007,0.14265749999958643
1409,95.05,95.05046404399945,2.2776544910002485,ok,0.09212500699959492,0.02766472746836509,0.14258531900031812
1410,95.227,95.22730622699964,2.251967204999346,ok,0.10756095399938204,0.027144182924058454,0.142649653999797
1411,95.252,95.25279043799947,2.225565579999966,ok,0.123554535999574,0.026607390025317357,0.14261563299987756
1412,95.278,95.27882334499918,2.200090989999808,ok,0.09755946200039034,0.02661400277215359,0.1426165190005122
1413,95.303,95.3041287649994,2.174921324999559,ok,0.07532402899960289,0.026576980164555848,0.14261702400017384
1414,95.454,95.45426124999994,2.332254382999963,ok,0.09865786600039428,0.028272963139241693,0.14260794800065923
1415,95.504,95.50479120399996,2.2822766930003127,ok,0.08940522600005352,0.02775748478480533,0.14264598299996578
1416,95.529,95.52944858399951,2.257689185000345,ok,0.0681874380006775,0.02771501962025134,0.14264881100007187
1417,95.731,95.73313896999935,2.2093841569994765,ok,0.09976769100012461,0.02670379663290584,0.142651897000178
1418,95.781,95.78197866399933,2.1604113639996285,ok,0.05381995100015047,0.026665365759486755,0.14265467499990336
1419,95.832,95.83253576199968,2.1248106600005485,ok,0.05925862500043877,0.026145600050629676,0.14258783500008576
1420,96.0,96.0014880689996,2.1756040759992175,ok,0.07073026599937293,0.027335654974029403,0.14265184400028375
1421,96.101,96.10116415399989,2.1420234899997013,ok,0.11298944499958452,0.025683640582279114,0.14260887700038438
1422,96.126,96.12670974199955,2.116836836999937,ok,0.12847434299965244,0.025168866000000626,0.14261606200034294
1423,96.177,96.17792279899913,2.0659091480001734,ok,0.08063069099989661,0.02512989997468381,0.14264892299979692
1424,96.278,96.27869733199987,2.052083360999859,ok,0.10669810099989263,0.024624925670880808,0.1427300670002296
1425,96.328,96.32858576099989,2.002119646999745,ok,0.060335996000503656,0.024579184405054178,0.14273035000042
1426,96.404,96.40600089500003,2.011361308999767,ok,0.07043103699925268,0.024568373088612455,0.14271180200012168
1427,96.579,96.58093672399991,1.9608731440002884,ok,0.0988964299995132,0.023568996417728885,0.14272894300029293
1428,96.605,96.60522444599974,1.936678533000304,ok,0.07742955800040363,0.023534590367086786,0.1427321959999972
1429,96.756,96.75708623299943,1.9978718830006983,ok,0.060046660000807606,0.02452912843037217,0.14273172800039902
1430,97.086,97.08688831799918,2.2068339319994266,ok,0.1063762809999389,0.026587876670879567,0.14180783099982364
1431,97.115,97.11555683299957,2.1774357989997952,ok,0.11900845200034382,0.026055829139237822,0.14185646599980828
1432,97.144,97.14467261699974,2.1488766930006022,ok,0.08985598500021297,0.026063297898734256,0.14180395899984433
1433,97.173,97.17348827499973,2.1201713370001016,ok,0.10173090299940668,0.025549635696204605,0.14180510400001367
1434,97.23,97.23049897099918,2.062306983999406,ok,0.04805792599927372,0.025496409493676257,0.14186310100012633
1435,97.402,97.40304622799977,2.3774985150002976,ok,0.1152876460000698,0.02863535975949519,0.2609629290000157
1436,97.46,97.46084982499997,2.3200826990005226,ok,0.09856752700034122,0.028120232088613077,0.2610411240002577
1437,97.488,97.48987895799928,2.2903769530003046,ok,0.11064560500017251,0.027591179227852945,0.26105028999973
1438,97.517,97.51808199199968,2.26290784000048,ok,0.08575522499995714,0.027558716683553846,0.2610422440002367
1439,97.661,97.66127442999914,2.278976106999835,ok,0.10413260800032731,0.027529441354424387,0.2610317340004258
1440,97.719,97.71959418199913,2.2203148159997,ok,0.049081000999649405,0.027483614974687355,0.26104621100057557
1441,98.029,98.02973581399965,2.2727073779997227,ok,0.06030200499935745,0.02800476843038245,0.26096137599961367
1442,98.115,98.11695091599995,2.270633234000343,ok,0.06194270400010282,0.02795778192404801,0.26094951199956995
1443,98.23,98.23091123099948,2.27969681400009,ok,0.06687411799975962,0.028010062531646764,0.2610356990007858
1444,98.316,98.31621578299928,2.3219550090007033,ok,0.06890313400072046,0.028519291101255926,0.26112383999952726
1445,98.546,98.54642335099925,2.44317867799964,ok,0.06389473999934125,0.030117134265828665,0.26112756399925274
1446,98.632,98.6329309949997,2.4053277660004824,ok,0.10223657300048217,0.029152697999996213,0.2610371799992208
1447,98.69,98.69043696799963,2.347913122999671,ok,0.04766316499990353,0.02911686769620465,0.26103915899966523
1448,98.747,98.7482932569992,2.3207221200000276,ok,0.06149954200009233,0.0285973992278534,0.26095979000001535
1449,99.0,99.00101897099921,2.453935489000287,ok,0.10426393299985648,0.02974234649367576,0.2610270090008271
1450,99.058,99.05883228999937,2.3963985059999686,ok,0.04945677999967302,0.02970788089873789,0.26103452000006655
1451,99.115,99.11548906799999,2.3711331559998143,ok,0.1022955769994951,0.02871916435443278,0.26112721400022565
1452,99.173,99.17346715999975,2.3133704980000402,ok,0.04746920900015539,0.028682052607593184,0.2611280490000354
1453,99.23,99.23113505199944,2.2878775939998377,ok,0.1021269470002153,0.0276675124556922,0.2612115920001088
1454,99.287,99.28744824499972,2.231292153999675,ok,0.04927452300034929,0.027620152278474582,0.2611027709999689
1455,99.373,99.37397848699948,2.209181150000404,ok,0.10248401700027898,0.026666830987341187,0.22311383800024487
1456,99.402,99.4034364249992,2.1801725420000366,ok,0.11373945800005458,0.026157203569617864,0.1825133559996175
1457,99.46,99.46062513699962,2.122461064000163,ok,0.09677121799995803,0.025641153278482744,0.14209675999973115
1458,99.488,99.48867206199975,2.094549641999947,ok,0.10923310199996195,0.025130396215186184,0.10168840299957083
1459,99.517,99.51726595499986,2.0660165569997844,ok,0.12079407199962588,0.0246228950379847,0.09851205099948857
1460,99.575,99.5765995039992,2.006758238999282,ok,0.10237919599967427,0.02410588116455546,0.0985120889999962
1461,99.632,99.63313534199915,1.9502747460001046,ok,0.04902862300059496,0.024066237569611616,0.09859489600057714
1462,99.776,99.77697601099953,2.007929043999866,ok,0.11072929300007672,0.024014987848100713,0.09860251600002812
1463,99.804,99.80459742599942,1.9803699750000305,ok,0.08662149900010263,0.023971322898732172,0.09860359899994364
1464,99.833,99.83361510899977,1.9512206509998578,ok,0.057569177000004856,0.023969935683545614,0.09860000099979516
1465,100.144,100.14429669099991,1.9593547459999172,ok,0.1059051209995232,0.023461152734185656,0.09859776899975259
1466,100.173,100.17387144199984,1.9293508470000234,ok,0.07959721199949854,0.02341423660760207,0.09859061399947677
1467,100.316,100.31812658199942,1.9994199319999097,ok,0.10779261100014992,0.02394426348100636,0.09859214199968847
1468,100.373,100.37327606599956,1.9448188229998777,ok,0.056127648999790836,0.023907205430377065,0.0986051049994785
1469,100.517,100.51730240899997,1.9875378110000383,ok,0.10069669000040449,0.023883698822782542,0.09859325800061924
1470,100.546,100.54632062399924,1.9585918969996783,ok,0.07476144199972623,0.023845754746835614,0.09859409599994251
1471,100.632,100.63230157399994,1.9452748620005877,ok,0.06151581399990391,0.023844727797478312,0.09860647000004974
1472,100.69,100.69048932999976,1.9568078550000791,ok,0.11128380399986781,0.02336072205064197,0.060991979999926116
1473,100.719,100.72094395699969,1.9264736840004844,ok,0.12077740000040649,0.022856707139240665,0.06035035400054767
1474,100.776,100.77637270399919,1.8711062299998957,ok,0.06839092500013066,0.022818998417716115,0.06035118300042086
1475,101.086,101.08651466899937,1.942857942000046,ok,0.07038504699994519,0.02370182124050649,0.060353273000146146
1476,101.23,101.2315999099992,1.8904359329999352,ok,0.061478691999582225,0.023150991303794662,0.060300114999336074
1477,101.287,101.28778617099942,1.8497438120002698,ok,0.062193630000365374,0.022626891493674993,0.06033516900060931
1478,101.345,101.3465839599994,1.8192243650000819,ok,0.0750341170005413,0.02207802108860281,0.06035658400014654
1479,101.604,101.60430628299946,1.7454933970002457,ok,0.06289056900004653,0.021298439151905768,0.060326245999931416
1480,101.719,101.71968540699982,1.700388342000224,ok,0.0665985619998537,0.02068047605063862,0.06033535699953063
1481,101.804,101.80440056799944,1.658220653999706,ok,0.06513577700025053,0.020165303379743114,0.060356789999787
1482,102.115,102.11609198199949,1.7629516480001257,ok,0.10957183699974848,0.020928662860765317,0.060358853000252566
1483,102.144,102.14470727799926,1.7342742889995861,ok,0.08405442799994489,0.02088853024050175,0.06035789700035821
1484,102.23,102.2309462989997,1.6758582590000515,ok,0.06953642099961144,0.020332872670891608,0.06035024799984967
1485,102.345,102.34668884099938,1.6310713069997291,ok,0.10722658400027285,0.01928894710126079,0.05876680799974565
1486,102.373,102.37493738199919,1.6028832510000939,ok,0.08231303499997011,0.019247534797476058,0.05877535399940825
1487,102.402,102.4039649059996,1.5733842729996468,ok,0.0532546349995755,0.01924153118987398,0.05871454799944331
1488,102.488,102.48938992999956,1.5433667659999628,ok,0.07076480800060381,0.01864022962024448,0.05870988199967542
1489,102.575,102.57539839099991,1.5813568650000889,ok,0.0733710800004701,0.019088086759484788,0.058734610000101384
1490,102.69,102.69176379299915,1.5762769600005413,ok,0.10630442700039566,0.01860704205063473,0.057813423999505176
1491,102.747,102.74791991799975,1.5200466469996172,ok,0.05306241699963721,0.01856905632910961,0.057814027000858914
1492,102.804,102.80416289999994,1.490706431000035,ok,0.06889508600033878,0.017997279924052638,0.05780768199929298
1493,103.517,103.51845772399975,1.6674518279996846,ok,0.06851711699982843,0.020239329632918097,0.057815012999526516
1494,103.632,103.63266788099918,1.840788608999901,ok,0.0650604510001358,0.02247724902531157,0.14903415999924619
1495,103.719,103.71956546000001,1.7970280520003143,ok,0.06070850200012501,0.021978380746836994,0.14894036100031371
1496,103.804,103.8046443839994,1.795861285000683,ok,0.058751350000420643,0.021988385556959415,0.14900071099964407
1497,104.029,104.0294514419993,1.8825074810001752,ok,0.09506625399990298,0.023213173558443403,0.14907870600018214
1498,104.058,104.06014242199944,1.851929702000234,ok,0.06766564999998081,0.022585420518985704,0.1491027190004388
1499,104.173,104.17322562199934,1.8101403999999093,ok,0.06515999700059183,0.022088006139239055,0.14910753299955104
1500,104.287,104.28720783299923,1.7666410249994442,ok,0.06356966699968325,0.021557498075950046,0.14893704499991145
1501,104.402,104.4025999939995,1.7629335490000813,ok,0.057823746999929426,0.022143895883121555,0.149002288999327
1502,104.46,104.4605063909994,1.7722409110001536,ok,0.06836296500023309,0.021567750227842238,0.14916859599998133
1503,104.575,104.57552511599988,1.7310793019996709,ok,0.06395264499951736,0.021650657883122683,0.1491736520001723
1504,104.661,104.66183873599948,1.7247533689996999,ok,0.059726259999479225,0.02107587881012397,0.14880739900036133
1505,104.804,104.80462363199968,1.8570410949996585,ok,0.06993872899965936,0.022621230645568233,0.14902697500019713
1506,105.173,105.1735096579996,1.9242606379993958,ok,0.06926670800021384,0.02348058101265854,0.14900542399936967
1507,105.259,105.25964236699929,1.8860415259996444,ok,0.10451327200007654,0.02313652940259314,0.10920895599974756
1508,105.287,105.28773600499972,1.858105452000018,ok,0.11742944500019803,0.022033682379745338,0.09732759300004545
1509,105.345,105.34573392099992,1.7997099220001473,ok,0.10704982999959611,0.02142571112658573,0.09725865899963537
1510,105.402,105.4024109919992,1.7430983739996009,ok,0.05403057599960448,0.021380409810136152,0.09711420199982967
1511,105.517,105.5171837529997,1.794789834999392,ok,0.06832204599959368,0.02185370884810162,0.09734573500008992
1512,105.69,105.69100122700002,1.8306441459999405,ok,0.06208127800073271,0.022386530050633017,0.09734552200006874
1513,105.747,105.74725265500001,1.7881234500000573,ok,0.06032907000007981,0.022438551155845473,0.09707858699948702
1514,105.804,105.80474657099967,1.7587779760006015,ok,0.0743759630004206,0.021321246126579447,0.0972582260001218
1515,106.058,106.0585512029993,1.8720204410001315,ok,0.06390955100050633,0.023481585090908023,0.16412540399960562
1516,106.173,106.17400385099972,1.8282206129997576,ok,0.06042844800049352,0.0223767830632858,0.09723130000020319
1517,106.316,106.31684513999971,1.7995158430003357,ok,0.10909299300055864,0.021397530164558934,0.0591268719999789
1518,106.373,106.37331288099995,1.7428426059996127,ok,0.09268665099989448,0.02088767506328726,0.05927470999995421
1519,106.402,106.40231437799957,1.714092361999974,ok,0.0670049159998598,0.02084902753165208,0.05912661200000002
1520,106.488,106.48864648899962,1.748193264999827,ok,0.0628161739996358,0.021333537189876333,0.05913420500019129
1521,106.604,106.6048235749995,1.7056421680008498,ok,0.05925866200050223,0.021951430746667028,0.05914795600074285
1522,106.661,106.66190869399998,1.6769666649997816,ok,0.1062919249998231,0.019881623746831667,0.05914741699962178
1523,106.69,106.69017458500002,1.6487624720002714,ok,0.08100025900057517,0.019844896506330333,0.0591481820001718
1524,107.144,107.14481925699965,1.803849910000281,ok,0.0691338540000288,0.021958061924055118,0.05912091999925906
1525,107.23,107.23075635999976,1.760653487000127,ok,0.06573742399996263,0.02201156357143616,0.059149925999918196
1526,107.345,107.34559837500001,1.7578038649999144,ok,0.10114407099990785,0.02097002698734931,0.05911869699957606
1527,107.373,107.37367347199961,1.72980063399973,ok,0.0759987720002755,0.02205047079999834,0.16357429300023796
1528,107.661,107.66242581499955,1.8499557109998932,ok,0.10684149400003662,0.022064507784813905,0.059179525999752514
1529,107.69,107.69071272699966,1.8212878920003277,ok,0.08169012700000167,0.02201988544304554,0.05912658800025383
1530,107.776,107.77663058599956,1.764731424999809,ok,0.1031538269999146,0.021032327873422508,0.05870549100018252
1531,107.804,107.8052126349994,1.7362414700000954,ok,0.07758932700016885,0.020995412316459565,0.058705243000076734
1532,108.1,108.10095996899963,1.7220277690003059,ok,0.06876727399958327,0.020927020531647182,0.05870384700028808
1533,108.167,108.16759106899917,1.683304207999754,ok,0.07131739499982359,0.020934548753249654,0.058669173000453156
1534,108.433,108.43410544199924,1.641954254000666,ok,0.07076620000043476,0.01988810688607937,0.05872587799967732
1535,108.5,108.50020312199922,1.590196553000169,ok,0.0968210729997736,0.018903170455699562,0.05873141500069323
1536,108.533,108.53409764799926,1.5563696449999043,ok,0.06593931699990208,0.018866015721512298,0.058728418000100646
1537,108.6,108.60013215799972,1.5179775349997726,ok,0.06854172299972561,0.018346986329123852,0.058730527999614424
1538,108.7,108.70079942499979,1.473163370000293,ok,0.1026374630000646,0.01734808796202201,0.05866826700003003
1539,108.733,108.73389277099977,1.440261350999208,ok,0.07236022599954595,0.017764732402599306,0.05873159899965685
1540,109.0,109.00174784999945,1.5191196499999933,ok,0.07158282399996097,0.018322897215189704,0.0986412840002231
1541,109.1,109.10028640099972,1.476537559999997,ok,0.0727448870002263,0.01871689450666357,0.09871044000010443
1542,109.3,109.3009302699993,1.469244916000207,ok,0.0699034870003743,0.01771282327848019,0.09862391099977685
1543,109.367,109.36859006799932,1.42984949699985,ok,0.1079302190000817,0.017167524207795763,0.09868487299991102
1544,109.4,109.40095223699973,1.39723267699992,ok,0.0784813390000636,0.016692696569614644,0.09864426700005424
1545,109.633,109.63362104299995,1.331658456999321,ok,0.06112079200011067,0.01608239232911406,0.09866772599980322
1546,110.233,110.23399640599928,1.7026041380004244,ok,0.10250422399985837,0.020254088607601525,0.09830404100011947
1547,110.267,110.26797493499998,1.6687156660000255,ok,0.10939045499981148,0.021962105901417398,0.12266591000025073
1548,110.333,110.33352015899982,1.6032251240003461,ok,0.046801381000477704,0.019701380468350065,0.09842451499935123
1549,110.667,110.66795921899939,1.7408911909997187,ok,0.060134137000204646,0.021275042227852616,0.09824560200013366
1550,111.033,111.03348541899959,1.7979932489997736,ok,0.10641168300026038,0.021411988518985143,0.05769500499991409
1551,111.067,111.06721544599986,1.7645783039997696,ok,0.11364812000010716,0.020897638746842122,0.05727053899954626
1552,111.133,111.13360688299963,1.6982414320000316,ok,0.050140641999860236,0.020861848341777244,0.057288254000013694
1553,111.2,111.20092955599921,1.6717949820003923,ok,0.06465877699974953,0.02087154044155878,0.08101291000002675
1554,111.267,111.2677686069992,1.6334698529999514,ok,0.10629143599999225,0.01933114622783872,0.05727260900039255
1555,111.3,111.30073722499947,1.600211345000389,ok,0.07627932600007625,0.019289953949369134,0.05727522799952567
1556,111.433,111.43346588899931,1.5519720429992958,ok,0.10632041899953038,0.01829897431645482,0.05366773599962471
1557,111.467,111.46756149199973,1.5179486009992615,ok,0.07518471099956514,0.018262618417724343,0.053563479000331427
1558,111.633,111.63341014499929,1.5045626979999724,ok,0.06259474200032855,0.018252415455691923,0.0535712720002266
1559,111.8,111.8004637289996,1.5438187290001224,ok,0.06379513699994277,0.01922075059740434,0.08291000600002008
1560,112.0,112.00152212699959,1.5815182830001504,ok,0.05826652500036289,0.019281330556957153,0.057453961999271996
1561,112.079,112.07946587799961,1.5456489859998328,ok,0.06272494699987874,0.01877085835443538,0.05747567700018408
1562,112.158,112.15894105999996,1.548915861999376,ok,0.06581228599952738,0.018773126341778763,0.05739511899992067
1563,112.276,112.27622073999919,1.5016358629991373,ok,0.06122011899969948,0.018232763392398172,0.0574416729996301
1564,112.553,112.55315350099954,1.4616923190005764,ok,0.06550297600006161,0.01767294503797875,0.05743914999948174
1565,112.632,112.63286044300003,1.423654123000233,ok,0.0692445160002535,0.01805845891999828,0.05743845100005274
1566,113.0,113.00080464899929,1.5800110979998863,ok,0.06655105099980574,0.019157380632914514,0.09786470000017289
1567,113.158,113.15851074700004,1.5346961320001355,ok,0.061778859000696684,0.019128435909085775,0.1240742420004608
1568,113.276,113.27655454099931,1.5008719289999135,ok,0.06983629099977406,0.01811400831645153,0.09794241199961107
1569,113.395,113.39574643999913,1.4518658749993847,ok,0.09938112199961324,0.017564267961035936,0.0978639810000459
1570,113.434,113.43486340699928,1.4129731250004625,ok,0.06327454900019802,0.01708457317721396,0.09794344100009766
1571,113.632,113.63235477699982,1.3677185379992807,ok,0.06099259599977813,0.01742261518666055,0.09786404400074389
1572,114.079,114.08001491699997,1.4879853210004512,ok,0.05855459100075677,0.018093699341770384,0.09790246600005048
1573,114.158,114.1586618399997,1.4522078600002715,ok,0.0993534079998426,0.017124405139240274,0.05786992299999838
1574,114.197,114.19737004199942,1.4138511660003132,ok,0.10136100900035672,0.016613599936699988,0.05292549999921903
1575,114.237,114.23721793299956,1.373868625999421,ok,0.06444122199991398,0.017005301961035002,0.05291665799995826
1576,114.316,114.31631908399959,1.3348546110000825,ok,0.06785731600029976,0.01603761153164439,0.052921931999662775
1577,115.048,115.04858122899986,1.321842896999442,ok,0.062065559000075154,0.015946202291138144,0.0524809529997583
1578,115.143,115.14359832199989,1.2818684989997564,ok,0.06311838500005251,0.01542684781012627,0.05243322899968916
1579,115.333,115.33354415999929,1.2837878159998581,ok,0.06725864199961507,0.01621967123999639,0.08030667599996377
1580,115.476,115.47692655699939,1.277735219000533,ok,0.062400915000580426,0.015383629025310729,0.05237442300040129
1581,116.0,116.00074402899918,1.277785918000518,ok,0.06314590900001349,0.016194839466673633,0.052522734999911336
1582,116.524,116.5246447339996,1.3185263630002737,ok,0.06518598300044687,0.015864724151895965,0.05253966300006141
1583,116.619,116.6195698269994,1.2785109610003929,ok,0.06585059900044143,0.015349774746833715,0.05250143400007801
1584,117.19,117.19214690499939,1.393339618999562,ok,0.0586333339997509,0.016894648784808494,0.057076836000305775
1585,117.476,117.47620090499913,1.4411277010003687,ok,0.06290521700066165,0.01744525018987392,0.0572338359997957
1586,117.572,117.57236156899944,1.4006167039997308,ok,0.06132888399952208,0.016952678354432982,0.05722613000034471
1587,118.048,118.04946001699955,1.40748756100038,ok,0.06754670500049542,0.01786552010666734,0.08154427099998429
1588,118.143,118.14432269099962,1.4118203019997964,ok,0.06742883900005836,0.01701728453164971,0.0572012820002783
1589,118.428,118.42846964199998,1.3651332120007282,ok,0.09838323500025581,0.01603448202531811,0.057199893999495544
1590,118.476,118.47640550599954,1.3172619169999962,ok,0.053287413000361994,0.015999474544307443,0.05719827599932614
1591,118.572,118.57243940799981,1.2897240540005441,ok,0.10461943100017379,0.015000946556961313,0.057019197000045097
1592,118.619,118.61988573599956,1.2424839479999719,ok,0.06047792000026675,0.014961854759487232,0.057135559000016656
1593,119.389,119.39031010399958,1.3259475400000156,ok,0.10658487299951958,0.015434622050634061,0.05292642600034014
1594,119.444,119.44441087599989,1.2720281849997264,ok,0.055667904000074486,0.015396729164560292,0.052921301999958814
1595,120.111,120.11160261499936,1.3608746270001575,ok,0.06579782999961026,0.016393013164562507,0.056547031000263814
1596,120.222,120.22236168399922,1.3198173219998353,ok,0.06510623099984514,0.01588205739241132,0.05662740100069641
1597,120.444,120.44468963899999,1.2770058019996213,ok,0.06247534099929908,0.016193385506667254,0.056601479000164545
1598,121.0,121.0016848309997,1.2313293260003775,ok,0.05825831099991774,0.014848625189878924,0.05667667600027926
1599,121.278,121.2787952639992,1.2427857860002405,ok,0.10709770399989793,0.014375419810135157,0.05264546100079315
1600,121.333,121.33360162399913,1.188055360999897,ok,0.055147924999801035,0.014340384924045931,0.05267573499986611
1601,122.444,122.44464381099988,1.2226403860004211,ok,0.06293748500047514,0.014679443126578342,0.05275902899938956
1602,123.0,123.00062298599914,1.268519035999816,ok,0.06092864800029929,0.015285593202527627,0.05315861599956406
1603,123.2,123.20101636399977,1.2364105189999464,ok,0.06610341200030234,0.014813662063290071,0.053193100000498816
1604,124.0,124.00015973899917,1.1920765999993819,ok,0.06454250199931266,0.014272204063292774,0.053044627999952354
1605,124.2,124.20054304899986,1.1542336000002251,ok,0.07130716100073187,0.01370752615189361,0.01441039300061675
1606,125.6,125.60128480200001,1.1692929459995867,ok,0.04805918300007761,0.01419229988607208,0.05235128500044084
1607,125.8,125.8004618949999,1.1459747369999604,ok,0.06442508300006011,0.014420254893339006,0.04112629300016124
1608,134.2,134.20073211199997,1.1750909929996851,ok,0.04767076699954487,0.01427078089873939,0.05219161199966038
1609,134.8,134.80103230299937,1.2320854380004675,ok,0.06723118300033093,0.015127599389616789,0.05476284899941675
1610,135.6,135.60163261399975,1.1864768280001954,ok,0.05825992700010829,0.014280633025308919,0.054767863000051875
1611,135.8,135.80045466799947,1.1501891240004625,ok,0.06700325000019802,0.014837578123287168,0.041397265000341577
