idx,t_rel_s,latency_s,status,ttft_s,avg_tbt_s,worst_tbt_s
0,0.025322923999738123,1.2861327140008143,ok,0.06817612800023198,0.015416789367089775,0.05556379999961791
1,0.4011535820000063,1.2839322529998753,ok,0.06749855499947444,0.015397520354436213,0.05557121600031678
2,1.0008935009991546,1.3390846040001634,ok,0.0750938959999985,0.01599951263290942,0.05680982000012591
3,1.2009119439999267,1.375701195000147,ok,0.0689638459998605,0.016540334936703576,0.056717428999945696
4,1.4008135459998812,1.3293639430003168,ok,0.06323806499949569,0.016026390544308773,0.056735350000053586
5,1.8010484649994396,1.2881486379992566,ok,0.06704608099971665,0.016280915053333348,0.08154426199962472
6,2.112860651999654,1.2385316139998395,ok,0.05972173299960559,0.014921218797467248,0.05372676400020282
7,2.333693504999246,1.3661416439999812,ok,0.06195106199993461,0.016937153818179906,0.10042293600054109
8,2.5007011529996817,1.324057496000023,ok,0.06179253000027529,0.0159776542278462,0.10038096300013422
9,3.3815713509993657,1.7141747039995607,ok,0.0670497629998863,0.021961197359996732,0.10057984699960798
10,3.4769788489993516,1.7198084080000626,ok,0.10763509800017346,0.020407035949367266,0.10088560599979246
11,3.5248790419991565,1.6719679890002226,ok,0.10187677900012204,0.020390583207794313,0.10079907099952834
12,3.572442065999894,1.6241150639998523,ok,0.05732318700029282,0.01983244726582172,0.1007860219997383
13,4.000896740999451,1.8183496880001258,ok,0.11151287499978935,0.02216649724675347,0.0849876439997388
14,4.040075003999846,1.7793011610001486,ok,0.1147134000002552,0.021070532088604616,0.060224134999771195
15,4.079223312999602,1.7398815830001695,ok,0.07871004699973128,0.021573287064936043,0.1221004279996123
16,4.237399498999366,1.6939388420005344,ok,0.07335235700065823,0.020513271202524934,0.060204913999768905
17,4.316959625999516,1.642528375999973,ok,0.06252710900025704,0.019999665835435918,0.06051658900014445
18,4.395767820999936,1.6057797929997832,ok,0.06748651699945185,0.019471719683552473,0.06022660700000415
19,4.513934788999904,1.5581237699998383,ok,0.10121766700012813,0.019425129546665025,0.0587200859999939
20,4.5543018959997426,1.517118040999776,ok,0.06438429999980144,0.018388634253168203,0.05859171999964019
21,4.633368090999284,1.4819967180001186,ok,0.06888867099951312,0.017886939455705412,0.058720165000522684
22,5.034073111999533,1.5991855849997592,ok,0.06399071800024103,0.01943244293670432,0.09983193799962464
23,5.134154909999779,1.638385157999437,ok,0.06390234199989209,0.019929772810129077,0.09973060399988753
24,5.200253716999214,1.6009566660004566,ok,0.06690826399972138,0.01941795663291878,0.09985313700053666
25,5.267249887999242,1.5625135709997267,ok,0.10849729899928207,0.01840490144304222,0.09988787699967361
26,5.301112201999786,1.5287207299998045,ok,0.07770402999994985,0.018367090506332336,0.09988955300013913
27,5.467613313999209,1.5178302069998608,ok,0.0664491839997936,0.01837154616455509,0.09985483599939471
28,5.733398327999566,1.5154706459998124,ok,0.06920136299959267,0.018306873772152232,0.09983296300015354
29,6.115525677999358,1.801795755999592,ok,0.10734067900011723,0.021448450822781868,0.09983925300002738
30,6.173718243999247,1.7437451770001644,ok,0.09063095500005147,0.020925284658224432,0.09986954700070783
31,6.202112047999435,1.7154555240003901,ok,0.06526054799996928,0.02088835972151599,0.0998719440003697
32,6.432201233999876,1.7657452059993375,ok,0.07373444299992116,0.021417497379739938,0.09984948500004975
33,6.633562415999222,1.9365338079996945,ok,0.10723681600029522,0.02315533750632174,0.1023495780000303
34,6.661966413999835,1.9083722329996817,ok,0.08196635699914623,0.023118755455701072,0.10237602199958928
35,6.83407591499963,2.021327055999791,ok,0.06667253500017978,0.02474200799999288,0.10227592999945045
36,7.174064330999499,2.571652143999927,ok,0.060423943000387226,0.031787347417718326,0.23973856999964482
37,7.34625706999941,2.770362056000522,ok,0.10703239800022857,0.0337127050253129,0.2397374590000254
38,7.402342338999915,2.7140142899997954,ok,0.05387242699998751,0.03367234235443166,0.24030965299971285
39,7.488980176999576,3.112668931999906,ok,0.10395182299998851,0.03808435975948853,0.25032333499984816
40,7.546591918999184,3.0562801799997033,ok,0.08775389799939148,0.03757586545570224,0.2507879270006015
41,7.575854224999603,3.0273940560000483,ok,0.061600343999998586,0.037541328544303046,0.2509736120000525
42,7.662688088999857,3.3109095179997894,ok,0.11009936499976902,0.04051566970886171,0.25106849599978887
43,7.719661719999749,3.2533705329997247,ok,0.05615156099975138,0.0404705333797475,0.2510588499999358
44,7.776994821999324,3.3138865999999325,ok,0.06792234500062477,0.04108757753164343,0.25020731599943247
45,8.025426540999433,4.190202504999434,ok,0.07366928699957498,0.05210765411392677,0.25638770699970337
46,8.101280412999586,4.398201904999951,ok,0.06668930900013947,0.054828934265820355,0.2563442720002058
47,8.202207144999193,4.572418567000568,ok,0.06388978799986944,0.057069605886082876,0.25649219600018114
48,8.27830726799948,4.823684126999979,ok,0.11069630099973438,0.05965786948101733,0.2564841669991438
49,8.303698190999967,4.798353715999838,ok,0.12725398299971857,0.05912765783545229,0.2564719640004114
50,8.32906742599971,4.771948227999928,ok,0.1018469009995897,0.05911485539241145,0.25719239999943966
51,8.353769952999755,4.748068236000108,ok,0.08012773400059814,0.05908757801265708,0.2563235940006052
52,8.454376056999536,4.848813310999503,ok,0.06785563100038416,0.06051809040506174,0.2563032520001798
53,8.554528214999664,5.513442847999613,ok,0.0702694129995507,0.06890056001266433,0.4247667600002387
54,8.631010794999384,5.515295523000532,ok,0.10373859999981505,0.06850035686076371,0.4248268110004574
55,8.65587427599985,5.490808810999624,ok,0.08184765599980892,0.06846762159493434,0.42484840099950816
56,8.781696075999207,5.765903565000372,ok,0.0758945270008553,0.07389561905193813,0.4248322769999504
57,9.000630633999208,7.200444416999744,ok,0.07049355299932358,0.09025211779747604,0.4251999850002903
58,9.06771572299931,7.430407384999853,ok,0.11532592699950328,0.0925957769114011,0.4248362560001624
59,9.090234610999687,7.408135843999844,ok,0.1368328640000982,0.09204161718987018,0.42484349200003635
60,9.135573159999694,7.3615627130002395,ok,0.09142913400046382,0.09202658267088426,0.42520450099982554
61,9.157338585999241,7.340726989000359,ok,0.0724513780005509,0.09200329502531347,0.42482930200003466
62,9.17983434299913,7.318061855000451,ok,0.04987543800052663,0.09200207210126135,0.4247688059995198
63,9.224271499999304,7.4001321480000115,ok,0.10136676199999783,0.09238911364557484,0.4248172710003928
64,9.248987630999181,7.376005148000331,ok,0.08033822100060206,0.09234991518987264,0.4248383850008395
65,9.270646972999202,7.354605786999855,ok,0.05871935599952849,0.09235277801266581,0.4248459750006077
66,9.359529775999363,7.790245725000204,ok,0.1139429310005653,0.09716821445569242,0.4248417060007341
67,9.381167666999318,7.768460070999936,ok,0.13430249500015634,0.09663468798733654,0.4248403290002898
68,9.404706364999583,7.743923934000122,ok,0.11072546000013972,0.09662234546835229,0.4247656059997098
69,9.449519168999359,7.7000135950002,ok,0.10766307300036715,0.09610543810126555,0.4249313380005333
70,9.494716970999434,7.6551726369998505,ok,0.10400422499969864,0.095584234088602,0.42492055499951675
71,9.53870618199926,7.610980023000593,ok,0.09632930000043416,0.09512197635443424,0.42494197100040765
72,10.040656237999428,10.02221273699979,ok,0.11725481400026183,0.12537903773417255,0.42918460100008815
73,10.061269599999832,10.001260312999875,ok,0.09668183499979932,0.12537419420253554,0.42917593800029863
74,10.08201717799966,9.980768831000205,ok,0.11849232700024004,0.12483876612657673,0.42918213800021476
75,10.101517465999677,9.961548090999713,ok,0.09903080999993108,0.12484180148100987,0.4289832619997469
76,10.121310455999264,9.941149717999906,ok,0.11617455599935056,0.12436642194936925,0.42916678599976876
77,10.142157146999125,9.920565250000436,ok,0.0953594439997687,0.1243694868481046,0.42918039799951657
78,10.30385188299988,10.008303479999995,ok,0.08694125299916777,0.12558666186076245,0.42917873700025666
79,10.343412842999896,9.968906175000484,ok,0.08846105900011025,0.1250687362911477,0.42918298699987645
80,10.383854583999891,9.929161060999832,ok,0.09067408800001431,0.12453761908861302,0.4289967989998331
81,10.40498754499913,9.907028434000495,ok,0.1118437940003787,0.123989320873413,0.42868242700023984
82,10.424159161999341,9.888622041000417,ok,0.09272722600053385,0.12399834135442378,0.4291872579997289
83,10.465079786999922,9.847879136000302,ok,0.08973690299990267,0.12352058511392507,0.428998858000341
84,10.547295503999521,10.066302139999607,ok,0.09605951199955598,0.12620506743038462,0.4290030410002146
85,10.567082855999615,10.045977548000337,ok,0.11301655100032804,0.12573333326582553,0.4291794629998549
86,10.707398684999134,10.112105426000198,ok,0.09803949300021486,0.1267597695822806,0.42905350199998793
87,10.728983056999823,10.09129205499994,ok,0.11472897400017246,0.12628531215189387,0.42917938500067976
88,10.828751322999778,10.158522457999425,ok,0.09757410199927108,0.12735343131646026,0.42904840399933164
89,10.892734428999574,10.180688125000415,ok,0.11755202400036069,0.12738114725316682,0.42904693499986024
90,11.074182575999657,10.539315099000305,ok,0.10463395500028128,0.1320843800126625,0.42904921700028353
91,11.129496428999119,10.484616017000008,ok,0.09368571999948472,0.13153052587341924,0.4290489470004104
92,11.166178717999173,10.44725180399928,ok,0.10126332499930868,0.13096160446836125,0.42904880000060075
93,11.185077990999162,10.428576942999825,ok,0.12467943199953879,0.1304288828734248,0.42904814400026225
94,11.202701808999336,10.410107475000586,ok,0.10701749899999413,0.13041848279746912,0.4290484559996912
95,11.239459861999421,10.374719751000157,ok,0.10725251500025479,0.12996775712658343,0.4290502399999241
96,11.31293286699929,10.783435500999985,ok,0.12107643499984988,0.13496611163291278,0.4830468199997995
97,11.331275998999445,10.765980512999704,ok,0.10276855600022827,0.1349770965442974,0.4836852769994948
98,11.367929774000004,10.729582732999916,ok,0.10912459300016053,0.13443592878480512,0.48373634800009313
99,11.386338348999743,10.710111436000261,ok,0.09062344300036784,0.13442366717720952,0.48308726999948703
100,11.422887840999465,10.674756954000259,ok,0.09163482300027681,0.13396336229113873,0.4835678680001365
101,11.551284473999658,10.837020843000573,ok,0.11678825400031201,0.13569880079746868,0.4837224540005991
102,11.643642347999958,10.830101079999622,ok,0.10685509499944601,0.13573695532911959,0.4837022600004275
103,11.662121035999917,10.8117929,ok,0.08841614100037987,0.13573874156962212,0.483547327999986
104,11.808808878999116,11.562005001000216,ok,0.09929278700019495,0.14509738239239942,0.6005402399996456
105,11.82890193899948,11.541591217000132,ok,0.11571739699957106,0.14463092087342236,0.6004407179998452
106,12.018068647999826,11.95541846100059,ok,0.11610838800061174,0.14986432498733826,0.6005307999994329
107,12.035451845999887,11.938514972999656,ok,0.09869248099948891,0.1498709355569708,0.6005310419996022
108,12.135365948999606,11.960410552000212,ok,0.12007223999989947,0.14987745448101283,0.6005735230000937
109,12.169808220999585,11.926628891000291,ok,0.12755878400002985,0.14935511873417326,0.6005297159999827
110,12.185633513999164,11.910207176999393,ok,0.11170112599938875,0.14934798884810851,0.6003334910001286
111,12.237865273999887,11.857682726999883,ok,0.10258131199952913,0.14879843503797618,0.60053305800011
112,12.270643158999519,11.825616918000378,ok,0.10523661299976084,0.14835900196202936,0.6003055280007175
113,12.337697187999765,11.801151835999917,ok,0.11667725900042569,0.14790438318987417,0.6003189339999153
114,12.438881607999974,11.748431885000173,ok,0.10071671500008961,0.14743922770885778,0.6005349019997084
115,12.473627728999418,11.713484763000451,ok,0.10361660800026584,0.14696000679746077,0.6005248089995803
116,12.489890199999536,11.697555792999992,ok,0.08731983100005891,0.14696481569619577,0.6005170720000024
117,12.555260238999836,11.718003769999996,ok,0.10057213700019929,0.14705577539240913,0.6005342960006601
118,12.691072610999981,12.467938753000453,ok,0.12439374500081612,0.15624723345569427,0.6005264499999612
119,12.740898708999339,12.417530657000498,ok,0.11715477000052488,0.15570063610126061,0.6004874709997239
120,12.777620660999673,12.3813335549994,ok,0.12315433099956863,0.15516663475949527,0.6004416349996973
121,12.808348594999188,12.350536625999666,ok,0.09238964699943608,0.15516610565823555,0.6004429170006915
122,12.825697324999965,12.333035912000014,ok,0.11886188900007255,0.15460961341773038,0.6007769289999487
123,12.842953059999672,12.314756880999994,ok,0.10156425600052899,0.1545969118734101,0.6007793839999067
124,12.858147535999706,12.300402338999447,ok,0.1266983249997793,0.15409731713924296,0.6007749489999696
125,12.892877560999295,12.26575737299936,ok,0.09200313099972846,0.15409795379746125,0.6007760630000121
126,13.08500468299917,12.50275166099982,ok,0.10087777100034145,0.1569855232531649,0.600776438000139
127,13.104753070999323,12.482850600000347,ok,0.1195718710005167,0.15649646102531423,0.6007839769999919
128,13.118406064999363,12.469969130999743,ok,0.1058877579998807,0.1565071077594911,0.6004447889999938
129,13.136135440999169,12.45237491899934,ok,0.0882747619998554,0.1565073956962,0.6004409150000356
130,13.287440917999447,12.85990576200038,ok,0.09821664400078589,0.16154007026581227,0.600440160999824
131,13.30693984699974,12.839946451999822,ok,0.11667638000017178,0.1652369360779205,0.7294540229995619
132,13.38885393199962,13.31697437799994,ok,0.12365876199964987,0.16700356837975072,0.6007887050000136
133,13.405292894000013,13.301375153999288,ok,0.10725922799974796,0.16701391172151903,0.6007776340002238
134,13.438816532999226,13.26797427099973,ok,0.11762143899977673,0.16645997810126895,0.6004568210000798
135,13.456144247999873,13.25058582299971,ok,0.10026071599986608,0.16645962659493285,0.6004482190000999
136,13.474976852999134,13.23155690800013,ok,0.11903923699992447,0.16598096122784745,0.6005092289997265
137,13.505340798999896,13.20177098899967,ok,0.08869974199933495,0.16598804574684287,0.600483570000506
138,13.555472641999586,13.285560541999985,ok,0.12758365699937713,0.1665565042531634,0.6004850039998928
139,13.572629864999726,13.267089713000132,ok,0.1103946849998465,0.170865742987012,0.6005068320000646
140,13.590025285999218,13.250735587000236,ok,0.09306191399991803,0.1665526441898761,0.6005054030001702
141,13.606277008999314,13.234420401000534,ok,0.11928062100014358,0.16601423753165157,0.6004909840003165
142,13.657518769999115,13.18298252599925,ok,0.1121257799995874,0.1654536128987355,0.6005084250000436
143,13.707284926999819,13.133644495000226,ok,0.10620739400019374,0.16490409436708525,0.6004870740007391
144,13.724871403999714,13.116117685000063,ok,0.1312537190005969,0.164365192632903,0.6004851150000832
145,13.774871109999367,13.065758938999352,ok,0.12403787699986424,0.16381903748101015,0.6005116289998114
146,13.842762340999798,12.998109140999986,ok,0.09947389700027998,0.16327369291138893,0.600486766999893
147,13.893378531999588,12.94771424299961,ok,0.0918280899995807,0.16273257264557184,0.6004840320001676
148,13.910119117999784,12.93069501700029,ok,0.11598124000011012,0.1622113934177211,0.6004852770001889
149,14.111789043999124,13.812588212999799,ok,0.11059267099972203,0.17344260275949405,0.600509277999663
150,14.233590385999378,13.736963586999991,ok,0.11287157600054343,0.17245650907594448,0.6005109259995152
151,14.249708010999711,13.721584877999703,ok,0.09680951599966647,0.1724653233291122,0.6004827300002944
152,14.267986605999795,13.703167138000026,ok,0.11542255199947249,0.1719964673544336,0.6005825709999044
153,14.295376719999695,13.67585899200003,ok,0.08806680399993638,0.17199716218987351,0.6005823490004332
154,14.357711949999612,13.636693877000653,ok,0.1095726570001716,0.17122912559494305,0.600397516999692
155,14.389697178999995,13.603994228999909,ok,0.11630671999955666,0.170729900721521,0.6004157550005402
156,14.528249156999664,13.511233888999413,ok,0.1007167429997935,0.1697531709620261,0.6004191749998427
157,14.575389521999568,13.464339039000151,ok,0.09499383599995781,0.16923202431645465,0.6003983919999882
158,14.59278261899999,13.446595688999878,ok,0.12106416000005993,0.16867722536708357,0.6004119299996091
159,14.637174386999504,13.402678940999976,ok,0.1157676069997251,0.16818855445570632,0.6003981619996921
160,14.653705155999887,13.385928783999589,ok,0.09919865699976071,0.16818625107595225,0.6004132860007303
161,14.716044832999614,13.346715308999592,ok,0.12358338299964089,0.16738122175948902,0.6003978740000093
162,14.763143810999281,13.299816091000139,ok,0.11792597800013027,0.16685918924049706,0.6004195840005195
163,14.777381972999137,13.285497759000464,ok,0.10361155700047675,0.16685914256961526,0.6005763510001998
164,14.824957676999475,13.238115078000192,ok,0.0989956670000538,0.1663178051392468,0.6005787410003904
165,14.85484359899965,13.207977957000367,ok,0.11266060400066635,0.16576333193670853,0.600570104000326
166,14.871143222999308,13.191274709000027,ok,0.09633072999986325,0.16575848851898858,0.6004196060002869
167,14.886245099000007,13.176391263999903,ok,0.11977259200011758,0.1652734463797417,0.6003989050004748
168,14.902864401999977,13.159657402000448,ok,0.10301867500038497,0.16527370736708644,0.6002380219997576
169,14.917529977999948,13.145494764000432,ok,0.08851597700049751,0.16527804298734333,0.6006259890000365
170,15.000726318999114,13.084376396000152,ok,0.08574349100035761,0.16453935164556727,0.6002604420000353
171,15.073708438999347,13.034900426000604,ok,0.1015793090000443,0.1637123490379825,0.6006230960001631
172,15.087717297999916,13.02058388200021,ok,0.1263473740000336,0.16321783607595478,0.6007015129998763
173,15.189505117999943,13.13317320599981,ok,0.11839673899976333,0.1647437920632853,0.6006307629995717
174,15.202687736999906,13.120102054999734,ok,0.1053063999997903,0.16474406868354302,0.6006327549994239
175,15.217234217999248,13.104648027000621,ok,0.13338068499979272,0.16419303893671663,0.6005581130002611
176,15.246672282999498,13.075050978000036,ok,0.10403975000008359,0.16418963645569823,0.600704419000067
177,15.274239739999757,13.048319893000553,ok,0.11899771000025794,0.16366210697468644,0.6006295609995504
178,15.332214052999916,12.990271779999603,ok,0.10233722099928855,0.16313811811392906,0.6006278930008193
179,15.361899149999772,12.960186721000355,ok,0.11130358500031434,0.1626438903670797,0.6007097499996235
180,15.448797517999992,13.342685015000825,ok,0.11805746800018824,0.16739993518987392,0.600275781000164
181,15.490426082999875,13.30135405999954,ok,0.11942738400011876,0.16685964667088032,0.6006156759995065
182,15.505557895999118,13.286162006000268,ok,0.1042117610004425,0.16685989974683,0.6006002149997585
183,15.51936072099943,13.272656979999738,ok,0.12763326399999642,0.16639251277215236,0.6006320730002699
184,15.533783542999117,13.258334416000253,ok,0.11330980900038412,0.16639252941771288,0.6007080259996656
185,15.663287102999675,13.223311765999824,ok,0.1147772200001782,0.16593040668353923,0.6007067889995596
186,15.692655692999324,13.193662499000311,ok,0.12788408899996284,0.16538940620253764,0.6007095219993062
187,15.706251503999738,13.179190261000258,ok,0.11425565700028528,0.16537852210126114,0.6003776529996685
188,15.75063574699925,13.1362942020005,ok,0.11189761100013129,0.1648655282278463,0.6007081500001732
189,15.807286679999379,13.078815695999765,ok,0.0974334259999523,0.16432100945569836,0.600378451999859
190,15.851750074999472,13.03491034200033,ok,0.0969981979997101,0.16377086277216107,0.6007081679999828
191,15.865677245999905,13.021358553000027,ok,0.12717872400025954,0.16321726340506354,0.6007088759997714
192,15.895001251999929,12.991388579999693,ok,0.0978877259994988,0.16320868860759818,0.6007005210003626
193,15.909916831999908,12.976298966000286,ok,0.12168497099992237,0.1627164200126687,0.6003795650003667
194,15.923217014999864,12.963233390999449,ok,0.10831038899959822,0.16272036987341876,0.6007036439996227
195,16.054826613999467,13.051050481999482,ok,0.097843751000255,0.16396426563291175,0.6007077959993694
196,16.12569602699932,13.069090572999812,ok,0.11435020099997928,0.1639838497468317,0.6007052290005959
197,16.175889555999674,13.019009950000509,ok,0.10665096100001392,0.1634473919620281,0.6007072489992424
198,16.229389642999195,12.964452181000524,ok,0.09555665600055363,0.16289699929113133,0.60037844100043
199,16.269278935999864,12.925338288000603,ok,0.09421815600035188,0.16241894020252784,0.6003799670006629
200,16.33616753199931,13.026784138999574,ok,0.11082703400006721,0.16349276921518358,0.6000635410000541
201,16.350307298999724,13.013105166999594,ok,0.09677444800036028,0.16349761284809688,0.6004011320001155
202,16.404718515999775,13.005452050000713,ok,0.13157032700019045,0.16296013951898802,0.600065390999589
203,16.419298964999143,12.991445885000758,ok,0.11702441900069971,0.16296716337974085,0.6003990219996922
204,16.431507867999244,12.97917830499955,ok,0.10489005499948689,0.1629654507341796,0.6003985489996921
205,16.444634089999454,12.96577778000028,ok,0.13035679800032085,0.16247345511393074,0.6004019080000944
206,16.5385727769999,12.960682617999737,ok,0.1249937829998089,0.16247666351899148,0.600072371999886
207,16.578190632999394,12.921961528999418,ok,0.12935692699920764,0.16193139877216284,0.6000618480002231
208,16.605227269999887,12.895148476000031,ok,0.10237952900024538,0.1619335775189881,0.6004065500001161
209,16.6192381259998,12.881257075000576,ok,0.13291398100045626,0.16137122920252617,0.6004029980003907
210,16.64672751299986,12.854023163999955,ok,0.1054610089995549,0.16137400898733636,0.6004000659995654
211,16.659699496999565,12.8405274859997,ok,0.0925603770001544,0.1613664690759511,0.6000596610001594
212,16.686811100999876,12.81374726499962,ok,0.10381783799948607,0.1608850036708864,0.600402158000179
213,16.767460150999796,12.90277564600001,ok,0.11370682600045257,0.16188666832910908,0.6004003929992905
214,16.781697290999546,12.888904788999753,ok,0.09943897700031812,0.16189153683543608,0.6004044339997563
215,16.809827067999322,12.861046299999543,ok,0.11482607800007827,0.16134434570885556,0.6004036320000523
216,16.835041585999534,12.8352683789999,ok,0.13865688099940598,0.16071640146835503,0.6000607519999903
217,16.86281653399965,12.806648081000276,ok,0.11073445700003504,0.16070733774683468,0.6000681719997374
218,16.876135170999987,12.79434376000063,ok,0.09748489800040261,0.1607195491645523,0.6004010389997347
219,16.888359678999223,12.78205776499999,ok,0.12630283799990139,0.160199234620254,0.6004003420002846
220,17.0519049909999,13.274793149000288,ok,0.13511327899959724,0.16632484070886894,0.6003975720004746
221,17.077849565999713,13.248099237000133,ok,0.10913746999995055,0.16631559393671166,0.6000653239998428
222,17.126242239999556,13.201100946999759,ok,0.10412267899937433,0.16578430244304468,0.6004035810001369
223,17.138852613999916,13.188565813999958,ok,0.09160593300020992,0.16578411796202586,0.6004054179993545
224,17.16504839999925,13.161428014999728,ok,0.10893537900028605,0.1652211203797459,0.6000614149998
225,17.202214561999426,13.124588482000036,ok,0.11458208600015496,0.16468343177214742,0.600402615999883
226,17.214263521999783,13.112605525000617,ok,0.1025752810000995,0.1646837493924033,0.6004027270000734
227,17.228084182999737,13.09940302799987,ok,0.08883078199960437,0.16469061667088727,0.6004053090000525
228,17.2656797919999,13.061323865999839,ok,0.09008163799990143,0.1641927456202545,0.6004037829998197
229,17.32911870099997,13.21143684100025,ok,0.11250667300009809,0.165808988594937,0.6003907570002411
230,17.35325758199997,13.186942160000399,ok,0.13152439300029073,0.1652582592025306,0.6004040759999043
231,17.429267523999442,13.110602668000865,ok,0.09812717700060603,0.16471452505063294,0.6000606549996519
232,17.468830125999375,13.07127141699948,ok,0.0968201229998158,0.16423334746834856,0.6001347549999991
233,17.580338411999946,13.47509665600046,ok,0.11233619599988742,0.1691485706076008,0.5998237950007024
234,17.6331336559997,13.42253615699974,ok,0.10320122699977219,0.16859895520253845,0.6001338769992799
235,17.682706879999387,13.373407613999916,ok,0.09808290900036809,0.16804183653164706,0.6001359249994493
236,17.694853532999332,13.361341805999473,ok,0.12564013300016086,0.1675403415316465,0.6001367150001897
237,17.707005845999447,13.349283321000257,ok,0.11356412500026636,0.16754056648101198,0.6001356060005492
238,17.720031062999624,13.334803265000119,ok,0.10042588800024532,0.16752321945568838,0.5998322189998362
239,17.79602735899971,13.308196444000714,ok,0.11332995800057688,0.16702343108860263,0.6001358950006761
240,17.834790232999694,13.26950600500004,ok,0.11799020299986296,0.16647456813924563,0.6001355150001473
241,17.845195053999305,13.259289485999943,ok,0.10765955100032443,0.16647615343038213,0.6001350570004433
242,17.85833374899994,13.245727296000041,ok,0.09440891499980353,0.16647219036709615,0.5998222110001734
243,17.897299015999124,13.207036292000339,ok,0.09910903400032112,0.16592294518986933,0.6001351830000203
244,17.90892174199962,13.194261480000023,ok,0.12710387900006026,0.1654066696329106,0.5998266219994548
245,17.933359655999993,13.170599414999742,ok,0.10257671099952859,0.1654177366329154,0.5998229569995601
246,18.024680217999958,13.252093078000144,ok,0.10036218999994162,0.16647717105063783,0.5998246159997507
247,18.047198216999277,13.230585195999993,ok,0.120627907999733,0.16594864526581934,0.6001275419994272
248,18.119185849999667,13.159019903000626,ok,0.09218238500034204,0.16540283537974745,0.5997766150003372
249,18.144270241999948,13.133632958999442,ok,0.11072455899920897,0.1648467631392445,0.5997740659995543
250,18.166450138999608,13.11159059900001,ok,0.13264800400065724,0.16429023027847253,0.5997611239999969
251,18.190522259999852,13.087612500999967,ok,0.10865771999942808,0.16429039074683957,0.5997979399999167
252,18.202779092999663,13.074737708999237,ok,0.09628205499939213,0.16428392836709624,0.6003248629995142
253,18.214575552999122,13.063017941999533,ok,0.1230361569996603,0.16379699475948908,0.6003261559999373
254,18.23759540899937,13.040104980999786,ok,0.09995560799961822,0.16379917283544113,0.6007075460001943
255,18.309378672999628,13.015994295000382,ok,0.11754123300033825,0.16327131215189472,0.5997718320004424
256,18.33298551399912,12.9926061569995,ok,0.09397997299947747,0.16327330603798135,0.5997435660001429
257,18.344807783999386,12.979802271000153,ok,0.1253385130003153,0.16271415646834508,0.6006979909998336
258,18.368964452999535,12.955821190000279,ok,0.10121858999991673,0.1627162872025306,0.5997910220003178
259,18.397636067999883,12.927868053000566,ok,0.11169698899993818,0.16222982173418085,0.5997429030003332
260,18.40412612399996,12.920560401999865,ok,0.10526351999942563,0.16221873794937075,0.6007045880005535
261,18.48739243699947,12.8788366280005,ok,0.1096934120005244,0.16163443983544,0.5997804729995551
262,18.499872389999837,12.865618845999961,ok,0.09729717699974572,0.16162393913924186,0.6003181470005075
263,18.510548215999734,12.855956964000143,ok,0.12959647200023028,0.1610929784177228,0.5997734270004003
264,18.557688435999808,12.808594877999894,ok,0.12134909500036883,0.16059785003797722,0.6000250580000284
265,18.593422437999834,12.772929734000172,ok,0.08564930299962725,0.1605982858101257,0.6006531709999763
266,18.665363340999647,12.753326912000375,ok,0.10293935499976214,0.1601312971645631,0.6006688759998724
267,18.689280071999747,12.728483916000187,ok,0.12858007900013035,0.1594920346582213,0.6000152189999426
268,18.70161076899967,12.716230729000017,ok,0.11627886799942644,0.15949284607595013,0.600021303000176
269,18.724725821999527,12.694083940999917,ok,0.13698827100051858,0.15895040702531632,0.6006739300000845
270,18.74347323999973,12.675491875000262,ok,0.1183254779998606,0.15895130208860517,0.6007092279996868
271,18.783529783999256,12.63553329699971,ok,0.12261312400005409,0.15839121989872953,0.6007102539997504
272,18.808040319999236,12.611118050000186,ok,0.14263926500007074,0.15782867341772833,0.6007120809999833
273,18.832082414999604,12.58654739099984,ok,0.11871977600003447,0.15782037660759485,0.6006646850000834
274,18.842328456999894,12.576590762000706,ok,0.10840588400060369,0.15782494236708183,0.6007055130003209
275,18.879006480999124,12.539524265000182,ok,0.11528236300000572,0.15726857478481018,0.6000237949992879
276,18.891365470999517,12.527390964000006,ok,0.10288497500005178,0.15727205536708586,0.6006716170004438
277,18.903668461999587,12.515544173999842,ok,0.13170916499984742,0.15675724148101686,0.6007147450000048
278,19.047584082999492,12.591254656000274,ok,0.11855027799992968,0.15788217410126776,0.6007172910003646
279,19.060086099999353,12.578828372999851,ok,0.10599120999995648,0.1578838545569679,0.6006756110000424
280,19.072218495000016,12.566752143000485,ok,0.0938208030001988,0.1578850474683626,0.6002288039999257
281,19.089435373000015,12.549940459000027,ok,0.11959858399950463,0.15734591910127108,0.6002316839994819
282,19.11975999599963,12.51866592099941,ok,0.13314817999980733,0.15677848425316887,0.6001764350003214
283,19.14369401499971,12.494647786999849,ok,0.10916667899982713,0.15677781008860942,0.6001772999998138
284,19.166232101999412,12.472259956000016,ok,0.1302479490004771,0.15622780255695562,0.6001779970001735
285,19.190527508999367,12.44816610199996,ok,0.10587703300006979,0.1562313376962035,0.6001754099997925
286,19.20271878299991,12.43636296600016,ok,0.09365520400024252,0.15623664796202077,0.6002314110000952
287,19.21423046399923,12.424567318999834,ok,0.12403278500005399,0.15570279506328352,0.6001771609999196
288,19.22744892099945,12.41187148500012,ok,0.11079217700080335,0.1557096288101254,0.600231168999926
289,19.286099094999372,12.351502931000141,ok,0.09373073400001886,0.15516092269619916,0.6001758640004482
290,19.320694671999263,12.31805458100007,ok,0.1018592450000142,0.15463521521519108,0.6001763650001521
291,19.34447301,12.294545291999384,ok,0.12204801099960605,0.15408208458227565,0.6002314590004971
292,19.368730841999422,12.269826001000183,ok,0.09782923100010521,0.15407572243037965,0.6001765909995811
293,19.380997652999213,12.25763199100038,ok,0.12474741999994876,0.15358063054430468,0.6001755610004693
294,19.4043054269996,12.236097574000269,ok,0.10151747800045996,0.15360208606329298,0.6001754709996021
295,19.416333117999784,12.223981688000094,ok,0.08936971200000698,0.1536024367468357,0.600176367000131
296,19.463791457999832,12.308158499000456,ok,0.13233841200053575,0.15412398612657346,0.6005384889995184
297,19.4987723309996,12.27324374699947,ok,0.09738749799998914,0.15412456670885977,0.600938087999566
298,19.51101079899945,12.26189331599926,ok,0.1299191409998457,0.15356909949367015,0.6009677479996753
299,19.570060602000012,12.202104190999307,ok,0.11464818500007823,0.15300559360759186,0.6009591780002665
300,19.581395154999882,12.191569810999681,ok,0.10337758399964514,0.15301492007594927,0.6009677620004368
301,19.606352963999598,12.166489522999655,ok,0.12129024999921967,0.1524706046455759,0.600967940999908
302,19.619031974999416,12.153368301000228,ok,0.10864368599959562,0.1524646927974699,0.6009683680003945
303,19.631153881999126,12.141305101999933,ok,0.0965989599999375,0.1524644583544303,0.600967256000331
304,19.666180396999152,12.1061159890005,ok,0.1035466710000037,0.15193107516456564,0.6009663560007539
305,19.68994000299972,12.083085315000062,ok,0.12154244700013805,0.15141175246835586,0.6010241469994071
306,19.70200438199936,12.070096805000503,ok,0.10944324600041,0.15140049329113048,0.6009281289998398
307,19.724961968999196,12.04638457100009,ok,0.1242427460001636,0.15091273337973782,0.6005308309995598
308,19.830708701999356,12.029086403000292,ok,0.10522248899997066,0.1509347907594929,0.6009634290003305
309,19.843199087999892,12.01644649500031,ok,0.0928143959999943,0.15093171836708533,0.6009311130001151
310,19.87841816799937,11.98205888800021,ok,0.09832711100079905,0.15042679064556322,0.6009659860001193
311,19.914671121999163,11.945694241000638,ok,0.09978532800050743,0.14994796663291088,0.6009675110008175
312,20.090221434999876,12.337495471000693,ok,0.09163723200072127,0.1550103708734149,0.600763031000497
313,20.11514996400001,12.312692868999875,ok,0.10760743399987405,0.15449430732912298,0.6007665649995033
314,20.159250158999384,12.269388061999962,ok,0.10163775500041083,0.154021855873412,0.600767139000709
315,20.23696962199938,12.283390812000107,ok,0.11160016600024392,0.1540731102911391,0.6007677850002437
316,20.24703374299952,12.273451975000171,ok,0.10168053800043708,0.1540728832025269,0.6010505340000236
317,20.258890703999896,12.262306280000303,ok,0.13408823300051154,0.15352156653163915,0.6010500299998967
318,20.30310597799962,12.217150842999217,ok,0.13770670699977927,0.15290415663290746,0.600767777999863
319,20.319446479999897,12.200631751000401,ok,0.12126301100033743,0.152903016936704,0.6005367679999836
320,20.336298434999662,12.183857103000264,ok,0.10444870500032266,0.15290368493670836,0.6007677909992708
321,20.359885258999384,12.160541766000279,ok,0.12354462900020735,0.1523668772405,0.6010452419996
322,20.371689463999246,12.14885723200041,ok,0.11177870100073051,0.1523679065442973,0.6010520480003834
323,20.437211828999352,12.083855283999583,ok,0.08759750199988048,0.1518511260253116,0.6010505639997064
324,20.461008837999543,12.060125111000161,ok,0.10213917500004754,0.15136672562025352,0.6010507829996641
325,20.526999630999853,12.120175201000166,ok,0.12189521300024353,0.1518766260759537,0.6010516559999814
326,20.56044153899984,12.086837844999536,ok,0.13021126500007085,0.15134949822783675,0.6010522040005526
327,20.605781567999657,12.041631414999756,ok,0.12370499200005725,0.1508596341518914,0.6010522269998546
328,20.72909161499956,12.042312347000006,ok,0.12561692600047536,0.1508439584177158,0.6027175190001799
329,20.78890699099975,11.982682372999989,ok,0.10751442600030714,0.15031817644303605,0.6027037840003686
330,20.841441763999683,11.929062116999376,ok,0.09358051099934528,0.1498158229746935,0.6020750649995534
331,20.89651081899956,11.91815216699979,ok,0.12267647099997703,0.1493094637088562,0.6027161649999471
332,21.011667493999994,11.857105633999709,ok,0.0954107630004728,0.14888201391138725,0.6027053380003053
333,21.022412551999878,11.845435375999841,ok,0.12771894900015468,0.14832518263291247,0.6027014990004318
334,21.045743445999506,11.822734311000204,ok,0.1043451819996335,0.14833373313924797,0.6027172690000953
335,21.067230060999464,11.800726309999845,ok,0.12148877799972979,0.14783825046835106,0.6027109449996715
336,21.086346894999224,11.782255308999993,ok,0.10240087700003642,0.1478458351772087,0.602710506999756
337,21.16933610599972,11.86959823899997,ok,0.1059367209991251,0.14890691532911682,0.6027058070003477
338,21.179222773999754,11.859665947999929,ok,0.09598553799969523,0.14890714070886904,0.6021010550002757
339,21.202925520999997,11.836084825000398,ok,0.11420293700030015,0.14837807349366916,0.6027057420005804
340,21.22487691799961,11.813422301999708,ok,0.09221731799971167,0.14836938698734436,0.6027074910007286
341,21.23538122899936,11.803247431999807,ok,0.12358683799993742,0.1478435682784844,0.6027178909998838
342,21.269277609999335,11.768333162999625,ok,0.08963980799944693,0.1478308651392443,0.6026979880007275
343,21.28045943500001,11.757971637000082,ok,0.1157651210005497,0.14736948941771505,0.602713376999418
344,21.371151102999647,11.713825228000132,ok,0.11130867100018804,0.14686693946835394,0.6017581420001079
345,21.393669114999284,11.691606072000468,ok,0.12933888499992463,0.14635758870886842,0.6017566310001712
346,21.471279638999476,11.614050827000028,ok,0.08943149499918945,0.1458809391012748,0.6017572229993675
347,21.526184845999524,11.688992942999903,ok,0.12387282700001379,0.1463937547468383,0.6017568209999808
348,21.53845277399978,11.676420884000436,ok,0.11171374900004594,0.14638851069620717,0.6017572769997059
349,21.550686727999164,11.664374054000291,ok,0.09941045800042048,0.14639177008860005,0.6017571499996848
350,21.582933253999727,11.63242038899989,ok,0.10972899699936534,0.14585668432912055,0.6017586550005944
351,21.59488288099965,11.620236697999644,ok,0.0977399659996081,0.1458542190632929,0.6017564220001077
352,21.607102608999412,11.60771011199995,ok,0.12872042700018937,0.14530349193670258,0.6017572650007423
353,21.62809375099914,11.585563147000357,ok,0.10768320100032724,0.14528914725315764,0.601762964000045
354,21.672382961999574,11.542236055000103,ok,0.10554039099952206,0.14476807184811047,0.6017603650007004
355,21.684495146999325,11.530247538000367,ok,0.09332946300037293,0.14477093054429593,0.6017573290000655
356,21.717877395999494,11.497050144999776,ok,0.10279247499966004,0.14423093945569684,0.6017578600003617
357,21.75202612099929,11.463261215000784,ok,0.11211694600024202,0.14368520243038527,0.6017581759997483
358,21.786137988999144,11.428546869000456,ok,0.12126793600054953,0.14312990960759267,0.6017572079999809
359,21.807307150999804,11.407925143000284,ok,0.0999978400004693,0.14313815626581666,0.6017583639995792
360,21.820175605999793,11.39357973099959,ok,0.13076727299994673,0.14256701530380098,0.6019698520003658
361,21.87434363399916,11.340641232000053,ok,0.1194372520003526,0.14204038737974356,0.602361137999651
362,21.89668447999975,11.317844521999177,ok,0.09706120600003487,0.14572411188310544,0.7394411690002016
363,21.907471824999448,11.308599567999408,ok,0.12942378999923676,0.14150826079747023,0.6019876960008332
364,21.920690756999647,11.295945890999974,ok,0.11624063199997181,0.14151502183544892,0.6023671749999266
365,22.022992068999883,11.236809426000036,ok,0.110086319000402,0.1408443995443018,0.6023644240003705
366,22.047113925999838,11.212882625999555,ok,0.12866962799944304,0.1403063040000038,0.6023660170003495
367,22.05635613999948,11.203154701999665,ok,0.11939430299935339,0.14030048251899205,0.6019952159995228
368,22.079546015999767,11.180094526000175,ok,0.09630820800066431,0.14030087292404816,0.6023578940003063
369,22.1248321209996,11.133940642000198,ok,0.0890881260002061,0.13980785070885712,0.6019861810000293
370,22.180046563999895,11.338967916000001,ok,0.11703780900006677,0.14204938884810148,0.6019938669996918
371,22.314304773000003,11.499115841000275,ok,0.10586064699964481,0.1442180631772167,0.6023504950007919
372,22.381647773999248,11.482839094000155,ok,0.12807689100009156,0.1437309757721444,0.6023655059998418
373,22.415649653999935,11.448976028000288,ok,0.09403854799984401,0.1437331963797527,0.6023653510001168
374,22.43738408399986,11.42680790399936,ok,0.11560902899964276,0.14317945826581918,0.6023628270004338
375,22.44949354899927,11.41480916799992,ok,0.103422161000708,0.14318191336708797,0.6023644850001801
376,22.47170032699978,11.391699778999282,ok,0.12118349899992609,0.14266436001265834,0.6029035310002655
377,22.487172650999128,11.377223548000075,ok,0.10574192700005369,0.14267678478481224,0.6030225489994336
378,22.493637285999284,11.37092202599979,ok,0.09935921000032977,0.14267782463291123,0.6030572610006857
379,22.54996975999984,11.397341736999806,ok,0.13023425299979863,0.14262139605063245,0.6030567080006222
380,22.560175700999935,11.38680998700056,ok,0.12007256600008986,0.14261653873417562,0.6030892880007741
381,22.616196168999522,11.331288422999933,ok,0.10246503800044593,0.14213680839240417,0.6030889909998223
382,22.68443862299955,11.350317421,ok,0.12007049300063954,0.14215486099999886,0.5852915999994366
383,22.74087540599976,11.293003209000744,ok,0.10631261300022743,0.1416033170632971,0.5803347210003267
384,22.76350598299996,11.271000159000323,ok,0.12806061900027998,0.14104969950632856,0.5803461850000531
385,22.77638041999944,11.258265473000392,ok,0.11501926600067236,0.14105356844303762,0.580353076999927
386,22.78796547299953,11.246188166999673,ok,0.1036610009996366,0.14104446534177822,0.5803399870001158
387,22.807727445999262,11.226545729000463,ok,0.12748285300040152,0.14049428217721113,0.580344669000624
388,22.819885855999928,11.214678061000086,ok,0.11528994400032389,0.1404984127215173,0.5803500259999055
389,22.852381881999463,11.180646902000262,ok,0.13060145400049805,0.13987357124049687,0.5791093179996096
390,22.864798070999313,11.169535583000652,ok,0.11815215500064369,0.13989076498734293,0.5791066020001381
391,22.885815867999554,11.148145322000346,ok,0.14083235999987664,0.1393328485569615,0.5791068520002227
392,22.89684132000002,11.137365845000204,ok,0.1299075939996328,0.13933473630379611,0.5791047520006032
393,22.920048295000015,11.114662454999234,ok,0.1066314979998424,0.13934200187341508,0.5791055219997361
394,22.941395992999787,11.092684064000423,ok,0.12672588500026905,0.13880940796202537,0.5791053520006244
395,23.0121890169994,11.022186834999957,ok,0.09860277799998585,0.13827305513924226,0.5791048950004551
396,23.036942173999705,10.997078090999821,ok,0.11515024900018034,0.13774571689872908,0.5791062099997362
397,23.083338696999817,10.951109096999971,ok,0.11164293799993175,0.13720826088607696,0.5791052180002225
398,23.10800377399937,10.92751993299953,ok,0.1290178190001825,0.1366896386708861,0.5791115599995464
399,23.1320176979998,10.903802087999793,ok,0.1049744539996027,0.13669383049367567,0.579106466999292
400,23.155277570999715,10.880332454999916,ok,0.12328495200017642,0.1361649484936641,0.5791085259997999
401,23.226200024999343,10.809739197999988,ok,0.09169459999975516,0.13567126597468193,0.5791051989999687
402,23.297825539999394,10.776468774999557,ok,0.10583154999949329,0.1350710500632943,0.5791057129999899
403,23.381170220999593,10.741110331000527,ok,0.11112348200003908,0.13455641021519574,0.5791073140007938
404,23.41787023500001,10.704855126000439,ok,0.11781015300039144,0.13401300629113072,0.5791051619999052
405,23.430127516999164,10.69278405500063,ok,0.10558979600045859,0.1340149331898702,0.5797004859996377
406,23.47001745199941,10.652341979000084,ok,0.1090676590001749,0.13345895798734034,0.5796942689994466
407,23.47528225699989,10.647515915999975,ok,0.10378977900018072,0.13346470421518322,0.5797025729998495
408,23.488895210999544,10.634119133999775,ok,0.09028047100036929,0.13346612750632905,0.5797009280004204
409,23.498502464000012,10.623988186000133,ok,0.11979589800012036,0.1329642541265883,0.5796985639999548
410,23.522438186999352,10.6004138899998,ok,0.09582145900003525,0.13296935489873973,0.5797021930002302
411,23.59381788799965,10.908625596999627,ok,0.11255785399953311,0.1366587136962026,0.5796903720001865
412,23.617788843999733,10.885588404999908,ok,0.1312121239998305,0.13613115903797135,0.5797025779993419
413,23.63019900099971,10.87297441299961,ok,0.11867714900017745,0.13613005807593842,0.5796961460000603
414,23.68506799199986,10.818236895000155,ok,0.10265070399964316,0.1356401262531603,0.5797020560003148
415,23.748299866999332,11.057487021999805,ok,0.12878413299949898,0.13833760197469272,0.5796999349995531
416,23.79594280099991,11.010102737000125,ok,0.12162223599989375,0.1378286545063296,0.5797035389996381
417,23.818411661999562,10.987854385999526,ok,0.09920975499971973,0.13783074351898836,0.5797014390000186
418,23.90236778899998,10.986496200000147,ok,0.10131125499992777,0.1377867397974644,0.5796757649995925
419,24.099158621999777,11.041531770999427,ok,0.11972828299985849,0.13825032446835347,0.5797021070002302
420,24.11947710899949,11.022018915999979,ok,0.0993427490002432,0.1382614666835356,0.5796858210005666
421,24.1956891739992,10.991865508999581,ok,0.11219341499963775,0.13771703801266763,0.5802523729998939
422,24.205022914999972,10.982786935999684,ok,0.10301682199951756,0.13771839105063205,0.5802598749996832
423,24.21468251299939,10.973192909000318,ok,0.09333221199995023,0.13771956488607764,0.5802618940006141
424,24.227064711999446,10.96115977000045,ok,0.12293149400011316,0.13719248488607402,0.5802637249998952
425,24.296377014999962,10.891982889999781,ok,0.09307325699955982,0.13669485550633886,0.5802671859992188
426,24.356170306999957,11.045394273999591,ok,0.12302082499991229,0.13825767741772196,0.5802769299998545
427,24.368216725999446,11.034091125000486,ok,0.11101391800002602,0.1382665280379794,0.5802498660004858
428,24.404661123999176,10.997823239999889,ok,0.11670775999937177,0.1377354381645632,0.5802576149999368
429,24.416678796999804,10.986055438000221,ok,0.10465847599971312,0.1377390295316517,0.5802628089995778
430,24.440548926999327,10.961996076000105,ok,0.1241828339998392,0.13718732701266773,0.580257473000529
431,24.48739829099941,10.91407313200034,ok,0.12020568000025378,0.1366308413797452,0.5802664429993456
432,24.49996159299917,10.902672687000631,ok,0.10778115199991589,0.1366439966329116,0.5802584209995985
433,24.51048995399924,10.892395349999788,ok,0.09717349599941372,0.13664819700000097,0.5802667079997263
434,24.55857217799985,10.844193367999651,ok,0.09754449400043086,0.13603336359493726,0.5802642800008471
435,24.641980985999908,11.349823556000047,ok,0.10431571100070869,0.14234799203797271,0.5893995160004124
436,24.666333540999403,11.326155036999808,ok,0.12486153600002581,0.1417883647341747,0.5895558659995004
437,24.69003225099914,11.301841062999301,ok,0.10106723999979295,0.1417817613417678,0.5894307689995912
438,24.70295951299977,11.289267464000659,ok,0.13629428900003404,0.14117669975949648,0.5893807920001564
439,24.71858943799998,11.273095642999579,ok,0.12058203800006595,0.14117074610126282,0.5893478449997929
440,24.735495667999203,11.25649961199997,ok,0.10382476199993107,0.1411729183924026,0.589304479999555
441,24.748485592999714,11.24231671400048,ok,0.13517231500009075,0.1405963176202586,0.5885320800007321
442,24.783907086,11.208203516999674,ok,0.09978230399974564,0.14061276292405533,0.5882542610006567
443,24.79536232800001,11.196916261000297,ok,0.1311053230001562,0.1400733947468348,0.5883250690003479
444,24.807495714999277,11.18456207500003,ok,0.11894217699955334,0.14007096383544262,0.5882294489993001
445,24.83053716699942,11.161895634000757,ok,0.09601984100027039,0.14007421663291672,0.5883910540005672
446,24.842483653999807,11.149902461999773,ok,0.12569368700042105,0.13954679049366642,0.5883706779995919
447,24.890890610999122,11.101433324000027,ok,0.12130092999996123,0.13898885343038458,0.588347652000266
448,24.926654294999935,11.064984173000084,ok,0.13521853600013856,0.13835110059494293,0.5879339960001744
449,24.938901282999723,11.053260305999174,ok,0.12292990299920348,0.1383584510886182,0.5882454900001903
450,25.000388259999454,10.991546666000431,ok,0.10070769300000393,0.13785853193671238,0.5878562099996998
451,25.077059794999514,10.956867822000277,ok,0.11518240599980345,0.13723624045569868,0.5897784769995269
452,25.089088683999762,10.94411896100064,ok,0.10313909500018781,0.13722725868354224,0.5896270869998261
453,25.18968584599952,11.2263733890004,ok,0.1303201689997877,0.1404559815189921,0.5896044310002253
454,25.24092024699985,11.175953853000465,ok,0.12201678700057528,0.1399229583164556,0.5896250069999951
455,25.278750068999216,11.138272387000143,ok,0.12370693100001517,0.13942467129114056,0.5896582040004432
456,25.296996187999866,11.120088192000367,ok,0.10562041499997576,0.13942344845570087,0.5896557380001468
457,25.30583159299931,11.111322678999386,ok,0.09682065899960435,0.13942389250633488,0.5896559889997661
458,25.36711635499978,11.179288307999741,ok,0.12434756699985883,0.13993571329113746,0.5885541620000367
459,25.404855253999813,11.14162267699976,ok,0.12762541600022814,0.13941749418986718,0.5885672489994249
460,25.416918875999727,11.129623087000255,ok,0.11558933200012689,0.13941796239239782,0.5874779310006488
461,25.429970075999336,11.115263891999348,ok,0.10237293199952546,0.139403250025323,0.5885806240003149
462,25.442405201999463,11.103760449999754,ok,0.08997426400037511,0.139414745101263,0.5885900120001679
463,25.49268756499987,11.143165655000303,ok,0.13060408500041376,0.1393993395443005,0.5885701059996791
464,25.50513822099947,11.130947161000222,ok,0.11808092100000067,0.13940320467088296,0.5885315499999706
465,25.54270717199961,11.093212185999619,ok,0.12325797700032126,0.13886001544303522,0.5885633139996571
466,25.580270864999875,11.055138443000033,ok,0.1284493539997129,0.1383122951139302,0.5886824780000097
467,25.608315705999303,11.0270089859996,ok,0.10035942299964518,0.13831155373417794,0.5892175689996293
468,25.618293726999582,11.017252186000405,ok,0.09045266800058016,0.13831372520252433,0.5896844799999599
469,25.656520237999757,10.979453261999879,ok,0.09470280899950012,0.1377814857721516,0.5896947360006379
470,25.669137044999843,10.967067906999546,ok,0.12656442699972104,0.13722139010126197,0.5889213549999113
471,25.682053898999584,10.95370000999992,ok,0.11368279599992093,0.13721522775949205,0.5897134920005556
472,25.695058002999758,10.940413706000072,ok,0.10069328200006566,0.1372114529113914,0.5896792920002554
473,25.706174251999983,10.929520009000044,ok,0.1336070719999043,0.13665694599999773,0.5897200809995411
474,25.744421792999674,10.89172326300013,ok,0.09532349199980672,0.1366631209367151,0.5884528520000458
475,25.757422661999954,10.878610171999753,ok,0.12376077000044461,0.13613717054429314,0.5885699000000386
476,25.795157887999267,10.840465012000095,ok,0.12951903200064407,0.13558138824050095,0.5884746900001119
477,25.820709113999328,10.8137559959996,ok,0.10393261599983816,0.13556693953164597,0.5879665019992899
478,25.833983993999937,10.801825592000569,ok,0.13326714699996955,0.13504486662025592,0.588531196999611
479,25.896405076999145,10.741106684000442,ok,0.11141662800037011,0.1345527779620262,0.588458379000258
480,25.909006774999398,10.727918261999548,ok,0.09872931300014898,0.13454640091138664,0.5880047500004366
481,26.076892377999684,10.764015181999639,ok,0.1040259369992782,0.1349363962658284,0.5885365889998866
482,26.107052653999745,10.733628406000207,ok,0.11582163000002765,0.1344024031772209,0.5885987130004651
483,26.138279712999974,10.703057824999632,ok,0.1264048940001885,0.13388139808860533,0.5895663089995651
484,26.19114445699961,10.649949188999926,ok,0.116558824999629,0.1333338814430377,0.589536610000323
485,26.22807218499929,10.613201815000139,ok,0.12411949900069885,0.1327730251139172,0.5894781110000622
486,26.24107217799974,10.598801852000179,ok,0.11115909100044519,0.13275474712658183,0.5894516779999321
487,26.265856746999816,10.575307598000109,ok,0.13059890600015933,0.13221133231645235,0.5894743510007174
488,26.279919922999397,10.561125590000302,ok,0.11649285299972689,0.13221037418988307,0.5894138499998007
489,26.291902786999344,10.548921613999482,ok,0.10465480399943772,0.13220573301265476,0.5895020049993036
490,26.303764155999488,10.537002095000389,ok,0.09281564200045977,0.13220469400000148,0.5883350789999895
491,26.315898780999305,10.524981866999951,ok,0.12306800999976986,0.1316696053797467,0.5883346599994184
492,26.34097735299929,10.498813606000112,ok,0.09801713100023335,0.1316552296708853,0.5882930970001325
493,26.39145026999995,10.449538150999615,ok,0.09056147100000089,0.13112611682277883,0.5882409309997456
494,26.40477373899921,10.43584851200012,ok,0.11987895000038407,0.13058155251898906,0.5883328950003488
495,26.417152652999903,10.424063008999838,ok,0.10746504600047047,0.13058968377214414,0.5884206390001054
496,26.467211205999774,10.37418191300003,ok,0.1001627899995583,0.13005070307595423,0.5884249949995137
497,26.49221424499956,10.350064507999377,ok,0.11850926299939601,0.12951309954430915,0.5883330830001796
498,26.504870062999544,10.337762139000006,ok,0.10590228799992474,0.1295169933164519,0.5884208850002324
499,26.555848759999208,10.286502111000118,ok,0.09502742099994066,0.12900580515189533,0.5893895860008342
500,26.631969621999815,10.250205221000215,ok,0.10869491000084963,0.12837329744302858,0.5894847609997669
501,26.68211298499955,10.198985435000395,ok,0.09878367300007085,0.1278502761519052,0.5894616510004198
502,26.757877879999796,10.172387003999575,ok,0.12086103599995113,0.1272340989493663,0.5894596289999754
503,26.77008868499979,10.160961757000223,ok,0.10875754200060328,0.1272427932658214,0.5894904410006347
504,26.796091186999547,10.135111663000316,ok,0.12589379899964115,0.12669876050633228,0.5893908560001364
505,26.80806588899941,10.123205953999786,ok,0.11395955999978469,0.1266991431392381,0.5893911690000095
506,26.82213455099918,10.10920403199998,ok,0.09997584999928222,0.12669883405064117,0.5885328970007322
507,26.871988930999578,10.05969553399973,ok,0.09202346199981548,0.1261728542151933,0.588383930999953
508,26.88401975599936,10.046361359000002,ok,0.12145020999923872,0.12563156335443038,0.588425140000254
509,26.93328928199935,9.997829674000059,ok,0.11151307500040275,0.1251430411139154,0.5884393769993039
510,27.040714943999774,9.971043324000675,ok,0.09364395000011427,0.1250300458227857,0.5885311519996321
511,27.055001177999657,9.956893427999603,ok,0.12567024799955107,0.12444568118987459,0.5885307400003512
512,27.121456776999366,9.890368013000625,ok,0.1020194190004986,0.1239029363924037,0.5885302320002666
513,27.14859045599951,9.863383818999864,ok,0.11395561800054566,0.12661575850648518,0.5884985200000301
514,27.242709386999195,9.814790539000569,ok,0.10871191600017482,0.12286154953164465,0.588499253000009
515,27.26977156599969,9.78791087099944,ok,0.1248712919996251,0.12231678105063457,0.5893677739995837
516,27.283939104999263,9.773688123999818,ok,0.11066736999964633,0.12231650001266171,0.5892824879992986
517,27.31081019299927,9.747055462999924,ok,0.12583778600037476,0.12178739559493795,0.5895106839998334
518,27.330106859999432,9.727960855000674,ok,0.10657632500078762,0.12178944601264793,0.5894242470003519
519,27.350768418999905,9.707038329999705,ok,0.12893225300013,0.12124166167088817,0.589425296000627
520,27.43186515799971,9.625528692999978,ok,0.08755877600015083,0.12073346169620004,0.5893672479996894
521,27.51193436899939,9.62783662899983,ok,0.41091719700034446,0.11666949339240414,0.5893686600002184
522,27.525652825999714,10.27152234299956,ok,0.581996818999869,0.12265204350632866,0.5873437879999983
523,27.538378504999855,10.258464231999824,ok,0.5691538569999466,0.12264930706329277,0.5876372849998006
524,27.579111720999208,10.217884660999516,ok,0.5284516089996032,0.12265086911392695,0.5877259680000861
525,27.59393336699941,10.203181244000007,ok,0.513695767000172,0.12265154949366235,0.5876971569996385
526,27.60538868599997,10.191277002999414,ok,0.502094801999192,0.12264763498734294,0.5876512660006483
527,27.67368673599958,10.123248600999432,ok,0.43385537499943894,0.12265035075949837,0.587667865000185
528,27.795651765999537,10.001402658999723,ok,0.31195209399993473,0.12265110110126179,0.5875782940001955
529,27.875594959999944,9.921110995000163,ok,0.23188633900008426,0.12264821379747308,0.5876688549997198
530,27.88883092299966,9.908471267000095,ok,0.2188323059999675,0.1226534825189884,0.5876971850002519
531,27.93548931499936,9.861045447999459,ok,0.17217706799965526,0.12264351832910979,0.5887435009999535
532,28.03729197299981,9.805926802000613,ok,0.09961063500031742,0.12286444875949604,0.5887259700002687
533,28.052292428999863,9.791354863999914,ok,0.12839627700031997,0.12231572022784935,0.5887151930000982
534,28.077127567999923,9.76659143300003,ok,0.10360597900034918,0.12231606493670266,0.5887159500007328
535,28.084761493999395,9.759022477999679,ok,0.09604931200010469,0.12231592529113623,0.5886861270000736
536,28.104071774999284,9.73835507900003,ok,0.12004726099985419,0.12175050687341055,0.5899662120000357
537,28.110887742999694,9.732551351999973,ok,0.11320228100066743,0.12176369494936577,0.5887790369997674
538,28.1491259659997,9.693215495000004,ok,0.11494256200057862,0.12124353258227356,0.5881951459996344
539,28.162245313999847,9.68029827800001,ok,0.10174201900008484,0.12124734406328962,0.5882627609998963
540,28.25633619999917,9.675372454999888,ok,0.09735922799973196,0.12124047162025725,0.5882642950000445
541,28.269247218999226,9.66258857900084,ok,0.12758204500005377,0.12069610726582682,0.5882934789997307
542,28.310958395999478,9.621047381999233,ok,0.12977420299921505,0.12014252325316423,0.5882629020006789
543,28.34383803199944,9.586920843000371,ok,0.09693546100061212,0.12012618941771737,0.5882597410000017
544,28.363874865999605,9.56776996499957,ok,0.12012346299979981,0.11959024563291194,0.5882917270000689
545,28.37798792799913,9.553790265000316,ok,0.10611884399986593,0.11959058356962164,0.5882631419999598
546,28.39082066499941,9.541137998000522,ok,0.09321982399978879,0.1195937289873505,0.5882659530007004
547,28.40499218899913,9.527080040000328,ok,0.12221281799975259,0.1190487870759585,0.5888706229998206
548,28.44494420999945,9.4871718280001,ok,0.12605319500016776,0.11849501070886204,0.5891616899998553
549,28.45904672799952,9.473128376000204,ok,0.11204415599968343,0.11849457803797536,0.5892218349999894
550,28.48526754699924,9.44696199900045,ok,0.1292037250004796,0.1179461445063231,0.589078144999803
551,28.512099901999136,9.42018015299982,ok,0.10233226099990134,0.11794727774684108,0.5892191339999044
552,28.53840406799918,9.393149081999582,ok,0.11800210999990668,0.11740659305063143,0.5892261839999264
553,28.551428039999337,9.379146055000092,ok,0.10501365500022075,0.11739363486075594,0.5892421349999495
554,28.578267505999975,9.353627296000013,ok,0.11992204699981812,0.11688217241771781,0.58784829599972
555,28.635083176999615,9.295602264000081,ok,0.10365749799984769,0.11635349298734282,0.5878832520002106
556,28.821628172999226,9.441317669000455,ok,0.09822670399989875,0.11826661163290794,0.5879096620001292
557,28.834865661999174,9.428633088999959,ok,0.13006033900001057,0.11770325826582158,0.5878763279997656
558,28.856088925999757,9.407171853000364,ok,0.10874475800028449,0.11770134570885799,0.5877918410005805
559,28.876143242999206,9.387195932000395,ok,0.13072036199992,0.11717028165822982,0.5878726150003786
560,28.908549377999407,9.3548436330002,ok,0.09834569099984947,0.11717067806329154,0.587874682999427
561,29.01409177699952,9.407848388000275,ok,0.1230258830000821,0.11752915258227714,0.587880371999745
562,29.040355968999393,9.381138742000076,ok,0.09684000800007198,0.11752239545568978,0.5878821370006335
563,29.113953510999636,9.351791670000239,ok,0.11427118200026598,0.11693035506328969,0.5888622590000523
564,29.14839304799989,9.317427244999635,ok,0.12290623699936987,0.11638613729114176,0.5888607609995233
565,29.162614422999468,9.30343914400055,ok,0.10873134899975412,0.11638850784810863,0.5888732530002017
566,29.212900168999113,9.25324303599973,ok,0.09777258499980235,0.11589183586076178,0.5888716439994823
567,29.21693129799951,9.248025195000082,ok,0.09371520300010161,0.11587696779746164,0.588880204999441
568,29.324872285999845,9.302204951000022,ok,0.11649918000057369,0.1162744083291117,0.5889297319999969
569,29.33709504499984,9.290741337000327,ok,0.10425014900010865,0.11628440196202777,0.5888336170000912
570,29.428730559999167,9.244795662999422,ok,0.10357026200017572,0.11571150137974022,0.5883923300007154
571,29.4585605759994,9.214900302000387,ok,0.11671273600040877,0.11516661810126123,0.5884466240004258
572,29.498642518999986,9.174973371000306,ok,0.11622567500035075,0.11466748118987255,0.5871403159999318
573,29.520199466999657,9.153559256000335,ok,0.09470966900062194,0.11466877440506312,0.587068650999754
574,29.620096650999585,9.342163813999832,ok,0.12672351600031106,0.1166509731518988,0.5870688650002194
575,29.69200842800001,9.270388435000314,ok,0.0973938619999899,0.11611366865823193,0.5870666580003672
576,29.701070714999332,9.261458705999758,ok,0.08838132700020651,0.1161147281012561,0.5870903280001585
577,29.73292984499949,9.22952173199974,ok,0.09783950099972571,0.11559074124051211,0.587065848999373
578,29.76802561399927,9.192966700999932,ok,0.10548531700078456,0.11503097816454746,0.5884652610002377
579,29.808666964999247,9.153304485000263,ok,0.10732594900036929,0.11450577887342062,0.5895083280001927
580,29.821678087999317,9.140470772999834,ok,0.09428667399970436,0.11450847172152033,0.5881219080001756
581,29.849983526999495,9.112220424000043,ok,0.10879401599959238,0.11396724807595023,0.5881550430003699
582,29.875680830999954,9.086365097999987,ok,0.12515908000023046,0.11343279167088244,0.5895355740003652
583,29.902657633999297,9.059941165000055,ok,0.09821433500019339,0.11343916335443259,0.5881424470007914
584,29.915559195999776,9.045516860000134,ok,0.13201204400047573,0.11282895136708801,0.5894775049991949
585,30.000321817999975,9.000769363000472,ok,0.1408989460005614,0.112150055772147,0.5895371490005346
586,30.043437768999866,8.957929226999113,ok,0.09786948199962353,0.11215246496201964,0.5877532499998779
587,30.058784631999515,8.942680985999687,ok,0.12584368999978324,0.11160534872151748,0.5877251900001284
588,30.072732803999315,8.92740334500013,ok,0.11183512800016615,0.11158908546835097,0.5876835059998484
589,30.10155734199998,8.89936016899992,ok,0.1264028010000402,0.11104976027847811,0.5876979980002943
590,30.123415493999346,8.877574787999947,ok,0.10458220500004245,0.11105031244303835,0.587727520000044
591,30.14448527499917,8.856670025999847,ok,0.12243474099977902,0.11055976383544522,0.5878058890002649
592,30.160573526999542,8.840640915000222,ok,0.1062586010002633,0.11056162231645568,0.5878053030000956
593,30.245189577999554,8.795157964999817,ok,0.11134034099995915,0.10992154135442721,0.587805801000286
594,30.304118524999467,8.736672126000485,ok,0.09537320799972804,0.10938328979746881,0.5877235220004877
595,30.318206147999263,8.72168571200018,ok,0.12494338200031052,0.1088191589493662,0.5881140080000478
596,30.349063068999385,8.69178258500051,ok,0.09411695400012832,0.10883102997469238,0.5891404260000854
597,30.390751833999275,8.649459100000058,ok,0.0921184290000383,0.10832053039240823,0.5891102620007587
598,30.44837902299969,8.635631417000695,ok,0.12385758900018118,0.10774377963291414,0.589063102000182
599,30.520102225999835,8.56396661800045,ok,0.09499980100008543,0.10720193492404718,0.589063566000732
600,30.556875014999605,8.527320196999426,ok,0.10134805100005906,0.10665769602531591,0.5890646729994842
601,30.56274097699952,8.521927064999545,ok,0.09557538199987903,0.10666251122785081,0.5891146410003785
602,30.576410130999648,8.50699396500022,ok,0.12468294199970842,0.10610484269620682,0.5887319880002906
603,30.605472536999514,8.47800387299958,ok,0.09565716799988877,0.1061054386202527,0.5887440449996575
604,30.62031423499957,8.463637508999454,ok,0.12387304299954849,0.10556636700000092,0.5886750409999877
605,30.649660108999342,8.434483643999556,ok,0.09448981700006698,0.10556935851898835,0.5887368240000797
606,30.67848647699975,8.405770153000049,ok,0.10825975199986715,0.10503160265822852,0.588741332000609
607,30.692795744999785,8.391516105999472,ok,0.09404449799967551,0.1050311297848094,0.588691342999482
608,30.72136540699921,8.363104936999662,ok,0.10717381099948398,0.10450529831645257,0.5887159800004156
609,30.750375342999178,8.334150448999935,ok,0.12247278300037578,0.10394512574683039,0.5887145549995694
610,30.794029572,8.290330292999897,ok,0.12312802899941744,0.10338214444304349,0.5886396470004911
611,30.810140156999296,8.273400793000292,ok,0.10694713700013381,0.10337262254430657,0.5890889539996351
612,30.822325083999203,8.262093403999643,ok,0.0947225879999678,0.1033842775063298,0.589100010999573
613,30.8517636459992,8.23283992100005,ok,0.10596969699963665,0.10287136974684356,0.589122688000316
614,31.031660460999774,8.210875915000543,ok,0.10605399100040813,0.10259248855696639,0.589393919000031
615,31.043701505999707,8.198616136000055,ok,0.1377746300004219,0.10203577563291369,0.5891740229999414
616,31.064271330999873,8.177399901000172,ok,0.11716144499951042,0.1020279600886135,0.5890895379998256
617,31.101811977999205,8.1402813779996,ok,0.12007318999985728,0.10152136196202148,0.5891352480002752
618,31.130420208999567,8.111823686000207,ok,0.09150392100036697,0.10152281705063328,0.5877573919997303
619,31.31878792599946,8.35355260399956,ok,0.13262968100025319,0.10406205710126104,0.5878065459992285
620,31.339986115999636,8.332424960000026,ok,0.11140436500045325,0.1040633543037915,0.5878058760008571
621,31.390413056999932,8.282087857999613,ok,0.10364506199948664,0.10352440782279228,0.5878046019997782
622,31.423183310999775,8.24846933399931,ok,0.11127872399993066,0.10300203137973733,0.5878543199996784
623,31.562709070999517,8.31252373999996,ok,0.10857738400045491,0.10384709587340901,0.5878097489994616
624,31.577126689999204,8.298224031000245,ok,0.13434263199997076,0.10334006286075813,0.5877828909997334
625,31.606575373999476,8.269178956999895,ok,0.10479249200034246,0.10334642032911331,0.5878057640002226
626,31.678484012999434,8.23580974000015,ok,0.12277775199981988,0.10269641253165025,0.5878288869998869
627,31.707466903999375,8.206761657000243,ok,0.0937157179996575,0.10269646239240628,0.5888407780003035
628,31.76469581799938,8.19641872899956,ok,0.12653482299992902,0.10215023849367397,0.5888648540003487
629,31.82246629399924,8.137675382000452,ok,0.1127121059998899,0.10158159456962414,0.5888094199999614
630,31.83663367399913,8.123429520000172,ok,0.0984611549993133,0.10158142948101251,0.5887488229991504
631,31.852624257999196,8.107592339999428,ok,0.1262236100001246,0.10102977675948831,0.5887847420008256
632,31.871396534999803,8.089168902999518,ok,0.10735524099982285,0.10103511736708495,0.5888265480007249
633,31.89441751099912,8.06624148299943,ok,0.12503789699985646,0.1005213375316388,0.5888071420004053
634,31.910632711999824,8.05018070999995,ok,0.10893674799990549,0.10052187698734606,0.5875120960008644
635,31.92371202599952,8.037239194999529,ok,0.09578825599965057,0.10052448388607814,0.5875081080002929
636,32.031794553999134,8.045522455000537,ok,0.13176285000008647,0.10017396935442856,0.587483538000015
637,32.083766920000016,7.993667488999563,ok,0.12184185400019487,0.09964318613923222,0.5875152890002937
638,32.142649367999184,7.933867250999356,ok,0.10606950900000811,0.0990856781772085,0.5884555919992636
639,32.17181091199927,7.905060537999816,ok,0.11980731200037553,0.09854721913923847,0.5885263640002449
640,32.18791620199954,7.889070842000365,ok,0.10374114200021722,0.09854827160758955,0.5885509890003959
641,32.23383143299998,7.843325329000436,ok,0.10110897100003058,0.09800253378481229,0.587483646999317
642,32.26491546199941,7.81230228000004,ok,0.1093778240001484,0.09750518167088039,0.58750960999987
643,32.2810411269993,7.796342010000444,ok,0.09329515199988236,0.09750674508861173,0.5889363039996169
644,32.34312475999923,7.774236373999884,ok,0.11747538700001314,0.09692060530380354,0.5898777600004905
645,32.44319344299947,7.756588878000002,ok,0.11115731999962009,0.09677724105063422,0.5898689240002568
646,32.4519993039994,7.747868533999281,ok,0.10238973000014084,0.09677799807594033,0.588915629999974
647,32.48280586999954,7.717128610000145,ok,0.1106423260007432,0.0962844389999916,0.5888543999999456
648,32.49875719800002,7.701316878000398,ok,0.09477971800060914,0.09628508511392697,0.5888997579995703
649,32.60773388799953,7.795096468999873,ok,0.11232652000035159,0.09724984417720453,0.5898886619997938
650,32.76130928799921,7.878309110000373,ok,0.1419045130005543,0.0979285501265783,0.5885523830002057
651,32.78523378299997,7.855114500000127,ok,0.11794406500030163,0.0979386600885984,0.5885433790008392
652,32.839821556999595,7.800209574999826,ok,0.1059888059999139,0.09739496749366654,0.5885154759998841
653,32.85427887499918,7.7858231059999525,ok,0.09162853500038182,0.09739467239240737,0.5885172930002227
654,32.88730926699918,7.7528559530001075,ok,0.09797702400010166,0.09689701203797661,0.5885414170006698
655,33.015523647999544,7.707611183999688,ok,0.10280556399993657,0.09626297332910833,0.5885417439994853
656,33.05485885299913,7.668481689000146,ok,0.10513455900036206,0.09573816264556523,0.5885431149999931
657,33.06299240699991,7.660423751999588,ok,0.09704186900034983,0.09573881834176409,0.588544183000522
658,33.15705917699961,7.766401441999733,ok,0.1362446250004723,0.09658405107594159,0.5885214810004982
659,33.2238048119998,7.699722010000187,ok,0.11171193100017263,0.09605057946835217,0.588872727999842
660,33.27142520099915,7.652184989000489,ok,0.10720796300029178,0.0955058344810178,0.5888721830006034
661,33.29548470099962,7.627199460000156,ok,0.12786545600010868,0.09492785840506304,0.5889036779999515
662,33.32653021599981,7.596229998000126,ok,0.09684763099994598,0.0949286803291135,0.5888747540002441
663,33.34270376799941,7.580365918000098,ok,0.11985748900042381,0.09443655746834545,0.5888731610002651
664,33.35861567599932,7.564523418000135,ok,0.10407096200015076,0.09443590074683522,0.5888503050000509
665,33.42088376999982,7.5421719539999685,ok,0.13210005699966132,0.09379800836709191,0.5888486959993315
666,33.45159112999954,7.512140754999564,ok,0.10128479600007267,0.09380805483544487,0.587387784999919
667,33.49790015999952,7.465292658999715,ok,0.09718185499968968,0.09326703817721495,0.5873804110005949
668,33.514286657999946,7.448842847000378,ok,0.1239962760000708,0.09271937326582103,0.5874249369999234
669,33.559163385999454,7.404090115000145,ok,0.11896038000031695,0.0922166602658187,0.5873999380000896
670,33.575230538999676,7.388589700000011,ok,0.10293246699984593,0.09222332241771958,0.58738781700049
671,33.63784405199931,7.364249459000348,ok,0.1262498290006988,0.09161991212657752,0.5874291840000296
672,33.6537969889996,7.348515604000568,ok,0.11021593700024823,0.0916236866075992,0.5873893079997288
673,33.792326420999416,7.291919575000065,ok,0.10028534899993247,0.09103299612657402,0.587388865000321
674,33.88639550799962,7.278727657999298,ok,0.09201001499968697,0.09097077511392578,0.5872535260004952
675,34.0523790999996,7.307818505000796,ok,0.10478874599994015,0.09117741546836015,0.5888676579997991
676,34.10204746299951,7.258362180999939,ok,0.09719816899996658,0.09064745020252672,0.5888397580001765
677,34.153461100999266,7.206615189999866,ok,0.08789881699976831,0.09011013627848195,0.5887847569993028
678,34.185375183999895,7.174761119000323,ok,0.0979905600006532,0.08957919684809572,0.5887851759998739
679,34.21945797299941,7.1399228219997894,ok,0.10516364900013286,0.08904718505062745,0.5887936039998749
680,34.2535632299996,7.105891025999881,ok,0.11406009599977551,0.08850397822785637,0.5887936270000864
681,34.320591384999716,7.039185835999888,ok,0.08908746999986761,0.08797566670886849,0.5887943870002346
682,34.33880439599943,7.021068581999316,ok,0.11070332799954485,0.08747278431645653,0.5885128049994819
683,34.438941794999664,6.965430762999858,ok,0.1012099039999157,0.08688851058227959,0.588453259999369
684,34.45570470199982,6.9488233969996145,ok,0.12734930100032216,0.08634756310126433,0.5884383069997057
685,34.48871012199925,6.915936727999906,ok,0.09437664399956702,0.08634865324050604,0.5884202209999785
686,34.52280934999999,6.881899419999172,ok,0.10311306799940212,0.08580723825316108,0.5884805940004298
687,34.55535945799966,6.84945126599996,ok,0.11250167399975908,0.08527764881012134,0.588459817000512
688,34.5892662669994,6.8156048699993335,ok,0.12160908199984988,0.08473394056961263,0.5884189770004014
689,34.62341163199926,6.781519053000011,ok,0.12787914299951808,0.084223105632916,0.5882608289994096
690,34.64012029999958,6.764869139999973,ok,0.11121337300028244,0.08422330996202192,0.588422238000021
691,34.70808157199917,6.8573208969992265,ok,0.12970631699954538,0.08515929077215263,0.5887963969998964
692,34.842981301999316,6.854373340000166,ok,0.129002278000371,0.08513107346835234,0.5887710180004433
693,34.859143967999444,6.8384831359999225,ok,0.11281043700000737,0.08513485516455667,0.5888233940004284
694,34.876109662999625,6.821666554999865,ok,0.09594873399964854,0.08513535072152197,0.5887813830004234
695,34.89759496899933,6.799330223999277,ok,0.1133438879996902,0.08463239069619646,0.5887554359997011
696,34.90963046199977,6.787617074000082,ok,0.10136763399987103,0.08463580962025741,0.5887732080000205
697,35.10667186799947,6.831721774000471,ok,0.11519437900005869,0.0850191545569608,0.5887885809997897
698,35.13539449899963,6.80275531999996,ok,0.1291480159998173,0.08447564973417523,0.5884257960005925
699,35.18532565299938,6.752891762999752,ok,0.12140499300039664,0.08394265998733225,0.5884848189998593
700,35.20559684099953,6.732721673000015,ok,0.10122154300006514,0.08394284373418164,0.588504305999777
701,35.21956181299993,6.718896176000271,ok,0.1254679319999923,0.08346093851898469,0.5885929440000837
702,35.32103643099981,6.6606890200000635,ok,0.1161718169996675,0.08284179586075592,0.5710940950002623
703,35.33729997099999,6.644488302999889,ok,0.0999470119995749,0.0828421289113953,0.5710792489999221
704,35.37223781399916,6.609601171999202,ok,0.10705840499940678,0.08231050503797369,0.529061647999697
705,35.388352690999454,6.593655841000327,ok,0.09098556400022062,0.08231212218987234,0.5290595670003313
706,35.40965581299952,6.572404303999974,ok,0.11105533800036937,0.08178906697467718,0.48770213599982526
707,35.47244462399976,6.509663261999776,ok,0.0896680859996195,0.08126560805063675,0.4470227330002672
708,35.50654378599938,6.475121566999405,ok,0.09826875199996721,0.08071947353164433,0.4042209479994199
709,35.52289104800002,6.459004251999431,ok,0.12507389300026261,0.08017617236707994,0.36110517399993114
710,35.538963535999756,6.442647554000359,ok,0.10890637900047295,0.0822558417402516,0.36125646399977995
711,35.572306069999286,6.408559037000487,ok,0.11866622999968968,0.07961847649367663,0.3387212349998663
712,35.59012759599955,6.391266528000415,ok,0.1008745330000238,0.0796250116582317,0.3387843749997046
713,35.606988241999716,6.374967564000144,ok,0.12683788499998627,0.07909009211391693,0.33880476400008774
714,35.639801387999796,6.341656445999433,ok,0.09393159899991588,0.0790849415443057,0.338786393999726
715,35.65662081699975,6.3243212580000545,ok,0.11930141399989225,0.07854433735443722,0.3387467029997424
716,35.67358057999991,6.307727827000235,ok,0.10223334199963574,0.07855030118987054,0.3387643420001041
717,35.69062776199917,6.290895625000303,ok,0.12644069099951594,0.07803090078481016,0.33878563000052964
718,35.75802219099933,6.224870514000031,ok,0.10030330300014612,0.07752593848101841,0.33880350399977033
719,35.809124858999894,6.173891519999415,ok,0.09062068499952147,0.07700324539240959,0.33880695999960153
720,35.82525985199936,6.157173479999983,ok,0.11386398200011172,0.07649738426582327,0.33874552399993263
721,36.019337382999765,6.073558289000175,ok,0.09336026100027084,0.0756983732151846,0.32042909799929475
722,36.05555521799943,6.037478651000129,ok,0.10248916299951816,0.07512626030379982,0.2751233910003066
723,36.07355993499914,6.019663539000248,ok,0.1275335489999634,0.07458372615189857,0.23214781600017886
724,36.129913412999485,5.963878456000202,ok,0.11309395799980848,0.07406035337974376,0.22095577900017815
725,36.14801228499982,5.9458446339995135,ok,0.09503149099964503,0.07406073000000313,0.22091578700019454
726,36.18525013399994,5.908665491000647,ok,0.0989859979999892,0.07354007029114862,0.22091546999945422
727,36.22030903599989,5.872659612999996,ok,0.10548347999974794,0.07300202903797405,0.2209704030001376
728,36.27625335199991,5.8174180830001205,ok,0.08788889000061317,0.07252528139240065,0.2209754060004343
729,36.35001336699952,5.779889067000113,ok,0.10208764699927997,0.07187065706330031,0.22097498000039195
730,36.38636244099962,5.742926404000173,ok,0.10441413700027624,0.0713731810253159,0.22095679900030518
731,36.45930838299955,5.707718655999997,ok,0.11781282999982068,0.07075799336709242,0.22096466800030612
732,36.47831794599915,5.688983372000621,ok,0.09889624600054958,0.07076033460759126,0.22103361700010282
733,36.55827556699933,5.651387175999844,ok,0.10656747299981362,0.07018725549366962,0.22103765700012445
734,36.66149986799974,5.707735167999999,ok,0.08590462699976342,0.07116210378481361,0.22100907700041716
735,36.85085076499945,5.884049731000232,ok,0.11154118400008883,0.07306938643037778,0.22104060399942682
736,37.000622829999884,6.020943095000803,ok,0.08911508300025162,0.07508595625316773,0.24574485799985268
737,37.073484536999786,5.986986677999994,ok,0.10417592799967679,0.07446562063291189,0.24574604099962016
738,37.110944003999975,5.949598382000659,ok,0.10577766700043867,0.07397221239239979,0.24574363900046592
739,37.130125414999384,5.930515946999549,ok,0.08663532999980816,0.0758943231168767,0.29218103000039264
740,37.184848721999515,5.9202495349991295,ok,0.11332882899932883,0.07350501139240759,0.24577006799972878
741,37.25796852199983,5.926547609999943,ok,0.12356937299955462,0.07345509734177194,0.245772023000427
742,37.2796293399997,5.905025580000256,ok,0.10187746300016443,0.07345735667088694,0.24580569400040986
743,37.40474215299946,6.021675996999875,ok,0.10158260999924096,0.07493754722785341,0.24580732699996588
744,37.45996864599965,5.9665574909995485,ok,0.0843287629995757,0.07445838791139793,0.2458066819999658
745,37.55151296799977,5.958654366000701,ok,0.11945405000005849,0.07391367315190282,0.245807636999416
746,37.56980166299945,5.939654722999876,ok,0.10113335700043535,0.07390489683543992,0.24583245599933434
747,37.6070051279994,5.9032305410000845,ok,0.10106683400044858,0.07344491535442575,0.2458464030005416
748,37.75331266699959,5.906189454000014,ok,0.12144230199919548,0.07322423526582934,0.2458461369997167
749,37.771400414999334,5.888425610999548,ok,0.10344243199961056,0.07322736468354321,0.2456040369997936
750,37.853535391999685,5.844718663000094,ok,0.11221682599989435,0.07256298236709109,0.24575929999991786
751,37.86355588199967,5.834894708999855,ok,0.10216953999952239,0.07256592474683962,0.24514353500035213
752,37.90206372499961,5.796713376999833,ok,0.1018621590001203,0.0720864629113898,0.24584126900026604
753,38.02115571499962,5.754392724999889,ok,0.10830554099993606,0.07146922751898377,0.24588119500003813
754,38.04033919499943,5.735585692000313,ok,0.13236702200083528,0.07092658265821827,0.24587218499982555
755,38.061962447999576,5.713509770000201,ok,0.11071057700064557,0.07092109375949067,0.2458589359994221
756,38.121456067999134,5.654538157999923,ok,0.0890666279992729,0.0704488149240551,0.24587095200058684
757,38.202956535999874,5.6095807720002995,ok,0.09106822800004011,0.0698542794177194,0.24587254899961408
758,38.284093887999916,5.5664635839993934,ok,0.09121659999982512,0.06930660416455334,0.24596654800006945
759,38.38351540399981,5.584712150000087,ok,0.11447150000003603,0.06924321515190415,0.24584680200041475
760,38.464245541999844,5.540514776999771,ok,0.11783276400001341,0.06864123274683635,0.24584393500026636
761,38.606348160999914,5.472543416999542,ok,0.10151163399950747,0.06798754660759429,0.24584281999977975
762,38.63149036999948,5.447509241999796,ok,0.11844173500048782,0.06745636106329066,0.2458413960002872
763,38.68755592399975,5.391232311999374,ok,0.10158683699955873,0.06695721120252793,0.24584203899939894
764,38.74951059399973,5.371318589000111,ok,0.12441354500060697,0.06641627618986765,0.24584176099961041
765,38.78874729399922,5.331610166000246,ok,0.12425929900018673,0.06591530329113751,0.24587502500071423
766,39.062348805999136,5.399812211999233,ok,0.09723177299929375,0.0671209578354425,0.24593950500002393
767,39.20327862499926,5.466201206999358,ok,0.12318173599942384,0.06763278981012677,0.24499706799997512
768,39.222882813999604,5.447034472000269,ok,0.1036300020005001,0.06763775118987367,0.24581976099943859
769,39.24342594499922,5.426649052999892,ok,0.12143310200008273,0.0671544191519054,0.24589934399955382
770,39.26268123299997,5.407456636999996,ok,0.10221011500016175,0.06715482924051062,0.2459301670005516
771,39.384096287999455,5.399363122000068,ok,0.10718832600014139,0.06698934697468285,0.24582054700022127
772,39.42516688199976,5.358607592000226,ok,0.11065512999994098,0.06642957467088136,0.24587700399933965
773,39.44429891299933,5.33978667700012,ok,0.09155901399935829,0.06643303425316614,0.24586890499995206
774,39.46464253999966,5.318346220999956,ok,0.12183226799970726,0.0657782576708881,0.24589093499980663
775,39.48553567899944,5.297989446000429,ok,0.10097692199997255,0.06578478148101198,0.24582002199986164
776,39.5054862829993,5.277815866999845,ok,0.12018580499989184,0.06528617159494411,0.2459124429997246
777,39.526497836999624,5.25714926100045,ok,0.09913977599990176,0.06529106856961807,0.2458200749997559
778,39.627841146999344,5.236503261000507,ok,0.12278872099977889,0.06472987501266415,0.24590516799980833
779,39.667383647999486,5.197074509000231,ok,0.12570384399987233,0.06419424334176889,0.24590256999999838
780,39.728844005999235,5.135682737999559,ok,0.10223901900008059,0.06371428221518727,0.24590372500006197
781,39.86933261399918,5.142507693999505,ok,0.12444840599982854,0.06351937663290484,0.24590398599957553
782,40.062852835999365,5.061828539000089,ok,0.08865655699992203,0.0629511642405017,0.24579366199941433
783,40.1213957559994,5.0414167930002804,ok,0.11227169100038736,0.06239389435443086,0.2453361150001001
784,40.202228343999195,4.998794578999878,ok,0.11757858000055421,0.06178722930379288,0.2458563789996333
785,40.222398956999314,4.979048006000085,ok,0.09737063300053705,0.06179313855696082,0.24597644100049365
786,40.26290375899953,4.938610819000132,ok,0.09319185099957394,0.061334227645579345,0.24597727400032454
787,40.324019231999955,4.9138579540003775,ok,0.11313414400046895,0.06076837034176801,0.24597787000038807
788,40.424439652999354,4.849863620999713,ok,0.09269968399985373,0.06021697493671829,0.2460330519998024
789,40.505594656999165,4.811326588000156,ok,0.09139910100020643,0.05974560587341491,0.2458532020000348
790,40.648034302999804,4.815037071000006,ok,0.11220704600054887,0.05952916601265453,0.24596837099943514
791,40.667663861999245,4.795481328000278,ok,0.0926112879997163,0.059529801772153904,0.24597288800032402
792,40.707406327999706,4.755950603999736,ok,0.0904212830000688,0.05905705662024945,0.24597604399968986
793,40.78847785399921,4.717926059999627,ok,0.09039453399964259,0.05857599298734742,0.24598035200051527
794,41.023177504999694,4.792203620999317,ok,0.09482348699930299,0.059460143202539006,0.246036790999824
795,41.11220129799949,4.776276706999852,ok,0.08681750199957605,0.05935982205063956,0.24596112499966694
796,41.2242460439993,4.7382995930001925,ok,0.09148923700013256,0.058820000683549034,0.24586134800028958
797,41.33796771099969,4.70290157799991,ok,0.10446932499962713,0.05820772715189746,0.24597627500043018
798,41.3817472009996,4.6591969499995685,ok,0.10336488299981283,0.057668559569616334,0.245978708999246
799,41.42682787499962,4.613612525999997,ok,0.0971417989994734,0.057170139151902374,0.24524321799981408
800,41.53820949599958,4.576350783000635,ok,0.10380676700060576,0.05661416241771435,0.2461090119995788
801,41.629017651999675,4.528159185000732,ok,0.10876767300032952,0.055941239974678945,0.24595957600013207
802,41.765002483999524,4.509061755999937,ok,0.09265695399972174,0.055903473569615704,0.24600329599979887
803,42.158460815999206,4.652651866999804,ok,0.09171273799984192,0.05773306597468865,0.24600068400013697
804,42.18068860399944,4.63052337299996,ok,0.11132757599989418,0.057204776075944014,0.24600282200026413
805,42.202672607999375,4.609436733000621,ok,0.08938237799975468,0.05721552144304836,0.24600380300034885
806,42.2247941379992,4.5874306929999875,ok,0.10398972900020453,0.0567522063924047,0.24611161400025594
807,42.33899247299996,4.6331957869997495,ok,0.11264995300007286,0.0572217550126557,0.24605761600014375
808,42.36016156199912,4.612107685999945,ok,0.0915493479997167,0.057222049873416836,0.24605672899997444
809,42.382004045999565,4.590330772000016,ok,0.10768659800032765,0.056742138645571275,0.2460551829999531
810,42.40482919099941,4.567601496999487,ok,0.08482979399923352,0.056743756354437576,0.2460550139994666
811,42.471917584999574,4.536848512000688,ok,0.09639997000067524,0.05620787281011733,0.24605434399927617
812,42.5384558629994,4.513629564999974,ok,0.1157553930006543,0.05566903930378695,0.24605526499999542
813,42.56166374299937,4.489764260999436,ok,0.09252152899989596,0.055660920582271546,0.24593470600029832
814,42.60655922099977,4.4449397210000825,ok,0.08363829700010683,0.05520613469619818,0.24599744500028464
815,42.65191382899957,4.480778565000037,ok,0.12226365400056238,0.05517084489872991,0.21016066599986516
816,42.696385697999176,4.436373095999443,ok,0.1190329169994584,0.05464967197469055,0.1691818150002291
817,42.7406441309995,4.39240188200074,ok,0.12000220300069486,0.0540807562025247,0.1642064030002075
818,42.785385169999245,4.347828448000655,ok,0.11761392400057957,0.05354681759492934,0.16423762399972475
819,42.80846666299931,4.324814358000367,ok,0.09457418100009818,0.053547172443036806,0.16423761199985165
820,42.853995481999846,4.278522646000056,ok,0.08665951599959953,0.05306124205063624,0.16432331600026373
821,43.050531239999145,4.523212873000375,ok,0.08759681300034572,0.056146704164555424,0.16394378899985895
822,43.101397964999705,4.515514344000621,ok,0.12197954900057084,0.05561403583544257,0.16030811200016615
823,43.17782944499959,4.439152693000324,ok,0.08719027799998003,0.05508793689873931,0.16030343199963681
824,43.20216699199955,4.414877339999293,ok,0.1008725339997909,0.054607477531641926,0.16030220799984818
825,43.27924681899913,4.411125457000708,ok,0.10390684600042732,0.05452143503797846,0.16024683199975698
826,43.4294871409993,4.419936806999431,ok,0.11507015000006504,0.05449155492404523,0.16014909200021066
827,43.45485643599932,4.395190956999613,ok,0.08975769199969363,0.054498889759491284,0.16041851499994664
828,43.83239856,4.508726007000405,ok,0.09594751700024062,0.05585756068354339,0.16033632999915426
829,44.050529838999864,4.561267606000001,ok,0.10387055200044415,0.05642234494936491,0.1602202659996692
830,44.15117447399916,4.666843056999824,ok,0.08183383199957461,0.05803765240506425,0.206138423000084
831,44.252634170999954,4.719671775999814,ok,0.09801343699928111,0.058501497962033334,0.206215795999924
832,44.303957262999575,4.669050721000531,ok,0.08290052700067463,0.058052111455691384,0.20623008599977766
833,44.45551282799988,4.632222225000078,ok,0.08317871899998863,0.05758235308860117,0.20623072299986234
834,44.505309877999935,4.704536301000189,ok,0.11636375099988072,0.05807766468354467,0.20631030399999872
835,44.60567268699924,4.722678678000193,ok,0.09785106799972709,0.058541633278488193,0.2062160049999875
836,44.78141473300002,5.107764359000612,ok,0.11800090599990654,0.06316120754430973,0.3299548610002603
837,44.80716353099979,5.082200024000485,ok,0.09222067100017739,0.06316406741772673,0.32976648600015324
838,45.253544564999174,5.293930735000686,ok,0.09790290599994478,0.06577211817722532,0.33025401899976714
839,45.4546922189993,5.318492252999931,ok,0.08572071699927619,0.06623726239241144,0.3301590379996924
840,45.55464200099959,5.3862514530001135,ok,0.09961977700004354,0.06691904078480214,0.32992883999941114
841,45.655465964999166,5.399658712000019,ok,0.11370407999947929,0.06691047940506606,0.3297488019998127
842,45.75688996499957,5.333449632000338,ok,0.09267635000014707,0.06633853940506405,0.33013983799992275
843,46.00175537599989,0.0004214999999021529,error:ServerDisconnectedError,,,
844,46.10295117299938,5.536853511000118,ok,0.09029218900013802,0.0689434739493617,0.3297652820001531
845,46.20345359299972,5.514669510999738,ok,0.10494401199957792,0.06847712541771735,0.33028987099987717
846,46.40513103599915,5.627267603000291,ok,0.09819156600042334,0.06998801870885692,0.33009830599985435
847,46.43010901999969,5.6018907130001026,ok,0.11037100800058397,0.06951256456961599,0.33011912799975107
848,46.45433290299934,5.577747093000653,ok,0.08618884099996649,0.06951318356962624,0.33007974099928106
849,46.53057356699992,5.5429581879998295,ok,0.0880730599992603,0.06904885403798025,0.3297746569996889
850,46.65590563999922,5.605616200999975,ok,0.1133061139998972,0.06952258364556575,0.3297786469993298
851,46.78144808499928,5.601748158000191,ok,0.11346205400059262,0.0694716392911376,0.3302742699997907
852,46.83300614699965,5.550650334999773,ok,0.09875985899998341,0.06901100943038348,0.3289844000000812
853,47.00045766299991,5.611539708999771,ok,0.0860979219996807,0.06994195772151929,0.3296610649995273
854,47.076231863999965,5.572778271000061,ok,0.09607334900010756,0.06932515829113889,0.32964210099999036
855,47.12626318599996,5.52233304299989,ok,0.08800488500037318,0.06878837725316425,0.32967382700007875
856,47.15136428099959,5.497573388000092,ok,0.09965408300013223,0.06832780870885058,0.32967970299978333
857,47.252225292999356,5.515707165999629,ok,0.11748021999937919,0.06833165651898779,0.32932466700003715
858,47.329041937999136,5.680121504999988,ok,0.12594765599988023,0.07030562172152299,0.32962160900024173
859,47.379924988999846,5.6293594039998425,ok,0.1177921789994798,0.06976645860760083,0.3295590400002766
860,47.40418715599935,5.605182102999606,ok,0.09359250799934671,0.06976675958228469,0.3295397789997878
861,47.42978459199912,5.579642412999419,ok,0.10503943200001231,0.06929859407595175,0.32952035699963744
862,47.55504490899966,5.527094366000711,ok,0.09660979500040412,0.06873994741771973,0.32950432599955093
863,47.70664753899928,5.621171344999311,ok,0.09598786099923018,0.06993866386076235,0.3294581640002434
864,47.781578009999976,5.625820526000098,ok,0.1028258789992833,0.0699109643291183,0.329489599000226
865,48.000933231999625,5.626783339999747,ok,0.11728713199954655,0.06974012197468578,0.32938138999998046
866,48.02616173599927,5.601619973000197,ok,0.0920833730006052,0.0697407579240508,0.329359268999724
867,48.05020686499938,5.577645344999837,ok,0.10416706499927386,0.06928433848101628,0.3293427159997009
868,48.17761722299929,5.6525324970007205,ok,0.09031933000005665,0.0704073490253248,0.3287490850007089
869,48.30609869899945,5.715633294999861,ok,0.11155988400059869,0.07093729689872989,0.3294145549998575
870,48.404461676999745,5.654098556000463,ok,0.09181042799991701,0.07040839527848843,0.32941478100019594
871,48.554954421999355,5.662633099000232,ok,0.09686776099988492,0.07045215317721389,0.32921140599955834
872,48.57959285299967,5.638481941000464,ok,0.11415761599982943,0.06992791387342492,0.32934442999976454
873,48.630686771999535,5.587512320999849,ok,0.10525772999972105,0.06939542211392431,0.3293961310000668
874,48.656030215999635,5.56231432200002,ok,0.11740341099994112,0.06892271874683133,0.32940937999956077
875,48.757192190999376,5.500036816000829,ok,0.09671940400039603,0.06839605308861009,0.32921254099983344
876,48.83395535699947,5.500018435999664,ok,0.09887564699965878,0.06836854274683038,0.3293479269996169
877,49.02613700099937,5.503572013999474,ok,0.10093381499973475,0.06838749967088996,0.32941010699960316
878,49.05094763999932,5.478836923999552,ok,0.11323491599978297,0.0679188112911371,0.3294132279997939
879,49.15131885599931,5.503826305000075,ok,0.09675470099955419,0.06844348017721477,0.32941261300038605
880,49.178396426999825,5.476246604999687,ok,0.10598423000010371,0.06797760870885892,0.3292124400004468
881,49.27831664399946,5.581021680000049,ok,0.08913920499981032,0.06951725259493943,0.29205825100052607
882,49.30362126,5.5560844669998914,ok,0.10572989000047528,0.06899161607594302,0.25021306599956006
883,49.35368200799985,5.506112631999713,ok,0.09751411499928508,0.06846308662025427,0.24174298500020086
884,49.37971806399946,5.479215008999745,ok,0.11357519299963315,0.06791904482278242,0.24165548299970396
885,49.429589895999925,5.430390950999936,ok,0.10564400200019008,0.06740164177214945,0.24177047699959076
886,49.479427560999284,5.37997633499981,ok,0.0975811939997584,0.06686557067088778,0.24177159900045808
887,49.50452185599988,5.35494867000034,ok,0.10893150700030674,0.06640508194936669,0.2417740180007968
888,49.60524780199921,5.2911747999996805,ok,0.09238632500000676,0.06580711692404753,0.24177375599992956
889,49.63069736199941,5.265929576999952,ok,0.10354376600025716,0.06534640329114097,0.240951070999472
890,49.73186870099926,5.2375360559999535,ok,0.11753953799961891,0.06480975574683,0.24189455899977474
891,50.02604601299936,5.522634363000179,ok,0.08986712400019314,0.06876884058227559,0.45956047199979366
892,50.05029050199937,5.498452949999773,ok,0.10205380400020658,0.06830864701265754,0.45950263800023095
893,50.15198723499998,5.403318591000243,ok,0.11442848400020011,0.0669475901645513,0.4595968920002633
894,50.27887422299955,5.282839448000232,ok,0.10857806500007428,0.06549672777215118,0.4595971990001999
895,50.303326184999605,5.258550510000532,ok,0.12623129900021013,0.06496583160759069,0.45968825300042226
896,50.37927233799928,5.182657882000058,ok,0.08674452600007498,0.06450504460760005,0.4596942640000634
897,50.480247521999445,5.0917780139998285,ok,0.10175908299970615,0.06316453651898779,0.4596927479997248
898,50.60524466999959,5.1774380749993725,ok,0.09227741399990919,0.06436874559493602,0.4596492370001215
899,50.73176277499988,5.241764776999844,ok,0.12337343600029271,0.0647893583797403,0.4596772479999345
900,50.807719656999325,5.1661323329999504,ok,0.08556560800025181,0.06431072959493796,0.4596858760005489
901,50.857334196999545,5.154582367999865,ok,0.11872685700018337,0.06374467560760158,0.45959592899998825
902,51.05042240900002,5.192555493000327,ok,0.11720738399981201,0.06424464948101755,0.4596865789999356
903,51.07717635499921,5.165261537999868,ok,0.090393210000002,0.06423845660760256,0.45969013499961875
904,51.202328956999736,5.292683708999903,ok,0.12145781199978956,0.06545834175948918,0.4596973859997888
905,51.253259308999986,5.241685504000088,ok,0.10752968100041471,0.0649889365063303,0.45967522699993424
906,51.429659363999235,5.274582285000179,ok,0.09102739999980258,0.06561428292405,0.459688408999682
907,51.45473254499939,5.249599162999402,ok,0.10757280500001798,0.06508857651898567,0.4596862680000413
908,51.48075328300001,5.223675263000587,ok,0.11888943100075267,0.06461733822783848,0.4597922449993348
909,51.6561617769994,5.214621103999889,ok,0.10270904400022118,0.06470741531645413,0.4597894130001805
910,51.680154499999844,5.190842251000504,ok,0.1171836510002322,0.0642232630506315,0.4597227530002783
911,51.70762504399954,5.163433142000031,ok,0.08974798899998859,0.06422366084809508,0.4597213509996436
912,51.80759539099927,5.18674630499936,ok,0.11046497899951646,0.06425638713923795,0.45963651100009884
913,51.85855842099954,5.135872056999688,ok,0.09680784800002584,0.06378540984809937,0.45959301399943797
914,52.02540868399956,5.084254007000709,ok,0.08226644600017607,0.06331594587341506,0.4597569420002401
915,52.12694379200002,5.0567094179996275,ok,0.09493550099978165,0.06280693392405347,0.4597622400006003
916,52.253107001999524,5.091714329999377,ok,0.08427458799997112,0.06338498825316262,0.4597858629995244
917,52.30457950999971,5.0817994090002685,ok,0.11182660000031319,0.06291072567088306,0.45972441300000355
918,52.37921668999934,5.1321471940000265,ok,0.11984306100021058,0.06344655393670247,0.4597731769999882
919,52.43070755499957,5.080716255999505,ok,0.10435017300005711,0.06299177712658036,0.4597653929995431
920,52.60583546399994,5.134007708999889,ok,0.11767887299993163,0.06349748803797088,0.4596885060000204
921,52.70658373099923,5.072616331999598,ok,0.1000421720000304,0.06294354778479898,0.45967023400044127
922,52.7567582899992,5.023632857999473,ok,0.09113436999996338,0.06243629434177393,0.45977392500026326
923,52.78119818199957,4.99871837199953,ok,0.10784799500015652,0.061909231860756586,0.4595806139996057
924,52.80783193999923,4.971513924999272,ok,0.12282761400001618,0.06137540474682732,0.4595806890001768
925,52.858117535999554,4.921339102999809,ok,0.10948884599929443,0.06090914441772585,0.45966705799946794
926,53.10175052899922,4.911841525000455,ok,0.10143537200019637,0.06089054307594319,0.4596961760007616
927,53.127085172999614,4.886819470999399,ok,0.11802036700009921,0.06036431958227119,0.45977907499946014
928,53.152128145999995,4.861841294000442,ok,0.09293761200024164,0.060365670341767166,0.45977749499979836
929,53.17820402599955,4.835866223999801,ok,0.10383004400046048,0.05989899782278233,0.45977888200013695
930,53.27834181699927,4.7723210539998036,ok,0.08402051800021582,0.05934523046835238,0.4596961300003386
931,53.35364252199997,4.73385629600034,ok,0.08811326700015343,0.05880656702531637,0.4596985170001062
932,53.60655628099994,5.1248958249998395,ok,0.10149391100003413,0.06358717063291426,0.45977828800005227
933,53.63010102299995,5.100753920999523,ok,0.11945492599988938,0.06305402520253285,0.45969163199970353
934,53.656104422999306,5.0748239829999875,ok,0.09351897000033205,0.06305427360759402,0.4596947310001269
935,53.68113121499937,5.050188217000141,ok,0.10495827799968538,0.06259758554430926,0.4597718349996285
936,53.75682341999982,5.0114686119995895,ok,0.10758345300018846,0.06207416453164598,0.4597753490006653
937,53.832588278,4.974321179999606,ok,0.11257799699978932,0.061540704784811516,0.45969298599993635
938,53.85779493499922,4.949686203000056,ok,0.08745087300030718,0.061547048632907914,0.4597777179997138
939,54.05161681899972,4.946523480999531,ok,0.08476522399996611,0.06154081097468441,0.4597797120004543
940,54.17811322699981,5.024439846999485,ok,0.11556396699961624,0.062137316341768035,0.4598652710001261
941,54.20307532299921,4.999630719999914,ok,0.09064160600064497,0.06213886358227107,0.4598783279998315
942,54.3794001819997,5.006391719000021,ok,0.10442581799998152,0.06204979398734383,0.45987687399974675
943,54.47971364799923,4.9435450279997895,ok,0.09029052000005322,0.06143325656961955,0.45996683900011703
944,54.505053778999354,4.9185688119996485,ok,0.10300984700006666,0.06095615443037683,0.45996809600001143
945,54.580232389999765,4.88075815800039,ok,0.1137938399997438,0.06034111069620158,0.45977998200032744
946,54.63032808299977,4.831117593999807,ok,0.10548976999962179,0.05981786769620779,0.4599647579998418
947,54.68056284799968,4.780753761000597,ok,0.0988931390002108,0.059263805367088106,0.45993975100009266
948,54.706732372999795,4.754185554000287,ok,0.11073337400011951,0.058777500151900544,0.4598401740004192
949,55.025886293999974,4.782340375000786,ok,0.09574474100008956,0.05932366031645617,0.42163095900014014
950,55.05033753799944,4.757963238999764,ok,0.10767576000034751,0.05886418502530985,0.38543178599957173
951,55.07645473199955,4.732523458999822,ok,0.08152325999981258,0.05887316294937119,0.38555111799996666
952,55.15188595099971,4.736070343999927,ok,0.3917028530004245,0.0549916121519023,0.24626929299938638
953,55.177213786999346,4.710867058000076,ok,0.36666496499947243,0.05498968808861039,0.24627461100044457
954,55.20281215799969,5.100537366000026,ok,0.4548681669994039,0.058805492202529557,0.24627919200065662
955,55.25270595699931,5.050711198000499,ok,0.4050074080005288,0.058806172367083125,0.24627939200036053
956,55.35333447599987,4.950145902999793,ok,0.3044485469999927,0.058806048139236344,0.24628020299951459
957,55.380927571999564,4.922675181000159,ok,0.27688111800034676,0.05880731770886558,0.24628307900002255
958,55.42948953499945,4.8741770549995636,ok,0.22834086299917544,0.05880785525317186,0.24628371599919774
959,55.45504442099991,4.848712570999851,ok,0.20280600899968704,0.058808769987345966,0.24634342299941636
960,55.529640370999914,4.774171516999559,ok,0.12822646699987672,0.05880926477215026,0.2463481499999034
961,55.605739430999165,4.698129782000251,ok,0.09336924299987004,0.058287938012654195,0.24634981400049583
962,55.63044831499974,4.672388891000082,ok,0.10596046299997397,0.05780244878481921,0.24625624600048468
963,55.70633447,4.762751584999933,ok,0.11264527599996654,0.0588617771772182,0.24626628599980904
964,55.80807043999994,4.735442250999768,ok,0.08954561999962607,0.05880843426583149,0.24629836199983401
965,56.00068582699987,4.82108939400041,ok,0.08713191599963466,0.059923076949370956,0.24620712400064804
966,56.077163374999145,4.864906746000088,ok,0.08864716700009012,0.06045863093670879,0.24623604899989004
967,56.20259165299922,4.850832733000061,ok,0.12257211900032416,0.05985102955695812,0.24631640999996307
968,56.228325050999956,4.825296484000319,ok,0.09682378500019695,0.059853841645569526,0.24632298199958313
969,56.30504246499913,4.78469920400039,ok,0.10848759799955587,0.059192160341774096,0.246205189999273
970,56.32841501799976,4.761969786000009,ok,0.1232097829997656,0.058718226012664486,0.24632100300004822
971,56.45482655399974,4.75801220700032,ok,0.12879855800019868,0.05859732462025172,0.24630030499974964
972,56.529478054999345,4.683423225999832,ok,0.09223989200017968,0.058116050215187585,0.24629888399977062
973,56.68089977599993,4.847616371000186,ok,0.1057757059998039,0.06002295802531241,0.24620340500041493
974,56.833030274999146,4.889576757999748,ok,0.12046615700000984,0.06036818402531659,0.24629824399926292
975,56.85777855499964,4.86400938999941,ok,0.09565782699974079,0.0603584773164619,0.24620475899973826
976,57.151737349999166,4.9095248710000305,ok,0.11512243400011357,0.060688416050629426,0.24623252599940315
977,57.178118133999305,4.883069061000242,ok,0.08868167699984042,0.060688100379743044,0.24623432900079933
978,57.20282225899973,4.85851559799994,ok,0.10047782299989194,0.06022797805063776,0.2462348839999322
979,57.30340558399985,4.88066877700021,ok,0.12263757199980319,0.06022790877215835,0.2463158319997092
980,57.32858552899961,4.855578372000309,ok,0.09748173800016957,0.060228869063290474,0.24646270499943057
981,57.37932180199914,4.804910656000175,ok,0.08501756199984811,0.059745292759498046,0.24646232899976894
982,57.42926709299991,4.833866279000176,ok,0.11594033900018985,0.059720270835447384,0.24642568600029335
983,57.57946356299999,5.0087295740004265,ok,0.11991050200049358,0.06188343843037913,0.24646224200023426
984,57.80740608799988,4.962571942000068,ok,0.09166995300074632,0.06165665892404843,0.2464262969997435
985,58.076796028999524,5.053915671000141,ok,0.09180739800012816,0.06281108189873348,0.24633786899994448
986,58.10144193999986,5.02935796499969,ok,0.10891833699952258,0.06228382973418038,0.24633163399994373
987,58.126429107999684,5.00477526800023,ok,0.1256909120002092,0.06176030172152618,0.24625648400069622
988,58.1788234859996,4.952488038000411,ok,0.11552004199984367,0.06122723236709549,0.24627048100046522
989,58.22756728399963,4.903789884000616,ok,0.10409418900053424,0.060755443354422296,0.24618631199973606
990,58.304572605999965,4.9897167560002345,ok,0.1112343549993966,0.0617524443544345,0.24618507900049735
991,58.35390301499956,4.940758361999542,ok,0.09832221699980437,0.061296370734177076,0.24621474600007787
992,58.47948329499923,5.060815972000455,ok,0.09480791199985106,0.06286061040506716,0.24625475999982882
993,58.50497922299928,5.03502189899973,ok,0.10576847799984535,0.06239520091139063,0.24625253900012467
994,58.605528052999944,5.05050233700058,ok,0.08406674100024247,0.06286595751899318,0.24625546500010387
995,58.80801444199915,5.201364067999748,ok,0.11398414799987222,0.064396843708857,0.24625752399970224
996,59.000497696999446,5.460515130999738,ok,0.12004870800046774,0.06760041130379434,0.249494966000384
997,59.02570878899951,5.435857012999804,ok,0.09490275899952394,0.06760680710126105,0.24957939799969608
998,59.05039789900002,5.410962650999863,ok,0.10672924400023476,0.06714193017721956,0.2495376370006852
999,59.126855857999544,5.409147880999626,ok,0.11025624699959735,0.067074206556961,0.24957070300024498
1000,59.429565793999245,5.631158375000268,ok,0.10874671500005206,0.06990361784809915,0.2495759099992938
1001,59.65586791499936,6.103290619999825,ok,0.1050052330001563,0.07592731893670088,0.3779481150004358
1002,59.7567631489992,6.083953332000419,ok,0.08607662200029154,0.07592213116455425,0.3779556279996541
1003,59.80746347599961,6.112179052000101,ok,0.11507040099968435,0.07591242400000818,0.3779472589994839
1004,60.10210621099941,6.33815344300001,ok,0.1163598479997745,0.07875653581013006,0.3778889889999846
1005,60.22867545899953,6.375325709999743,ok,0.11375291399963317,0.07926015153164291,0.3779029150000497
1006,60.27817625199987,6.325931329000014,ok,0.10847264599942719,0.07870179626583125,0.3779484249998859
1007,60.30498676299976,6.299189727999874,ok,0.11926747699999396,0.07822667174683444,0.37795052899946313
1008,60.32852725399971,6.274855013999513,ok,0.09568676999970194,0.07821694245569832,0.37791935299992474
1009,60.40587998399951,6.314848949999941,ok,0.09826247700038948,0.07869062440505918,0.3779444390002027
1010,60.55496702099936,6.289775580000423,ok,0.10621404199991957,0.07827257711392985,0.3779498699996111
1011,60.60591577899959,6.2390168820002145,ok,0.09707046200037439,0.07774595025316385,0.3779466339992723
1012,60.65526793999925,6.189726257000075,ok,0.08422038800017617,0.07728469575949584,0.37795653700050025
1013,60.756743954999365,6.24506483300047,ok,0.10732432199984032,0.07769269607594848,0.3779453139995894
1014,60.808130259999416,6.193401571999857,ok,0.09389063699927647,0.07720863522784764,0.3779482519994417
1015,61.076217952999286,6.284382566000204,ok,0.091041683000185,0.07839605534176187,0.37791269199988164
1016,61.15294255599929,6.2845572449996325,ok,0.09949848499945801,0.07829146670886801,0.3780304990004879
1017,61.17747277499984,6.260132088000319,ok,0.1123099779997574,0.07782002625316625,0.37788411200017435
1018,61.20258956299949,6.235070341999744,ok,0.08721395599968673,0.07782078135443055,0.37791147499956423
1019,61.25208406799993,6.222914728999967,ok,0.11557803999949101,0.07730773717722064,0.37788935600019613
1020,61.3540779319992,6.159844211999371,ok,0.09815598099976341,0.07672989240506203,0.3779194019998613
1021,61.379871520999586,6.134353704999739,ok,0.1094332550001127,0.0762645934303841,0.37788933899992116
1022,61.50457339199966,6.133136436999848,ok,0.10068451799998002,0.07635981035443215,0.3778872989996671
1023,61.579239899999266,6.26600860399958,ok,0.10431026100013696,0.07799586867088382,0.37787705800019467
1024,61.681203051999546,6.320607520000522,ok,0.12257049700019707,0.07845580946835796,0.3779236359996503
1025,61.756212101999154,6.24567271000069,ok,0.08396383200033597,0.07799610136708343,0.37781498200001806
1026,62.051011930999266,6.298437878999721,ok,0.08615268799985643,0.07863612425316654,0.3779211840001153
1027,62.10128217199963,6.286911911999596,ok,0.11738085999968462,0.07809498806329453,0.37791951300005167
1028,62.12650489799944,6.261963685999945,ok,0.09221247700043023,0.07809790374682928,0.37788661000013235
1029,62.20277295300002,6.2310323559995595,ok,0.09961693599962018,0.07761265046835283,0.3778893070002596
1030,62.22891302699918,6.204827004000435,ok,0.11679168499995285,0.07706347716456652,0.3778896280000481
1031,62.27904764899995,6.154078139000376,ok,0.1089737749998676,0.07652008877216125,0.3779211370001576
1032,62.32962696300001,6.104273844999625,ok,0.10053958099979354,0.07599643891139346,0.3778797159993701
1033,62.37992456599932,6.0530586699997,ok,0.08828589499989903,0.07550299906329258,0.37813237400041544
1034,62.50547047599957,6.07807611699991,ok,0.11821313000018563,0.07544096160759355,0.3780468839995592
1035,62.5302208589992,6.053484244999709,ok,0.09352787100033311,0.07544225387340979,0.37812441599999147
1036,62.756196703999194,6.185957785000028,ok,0.09761880799942446,0.07706723884809975,0.3780452940000032
1037,62.781873112999165,6.160515218999535,ok,0.10993492299985519,0.0765894102278483,0.37813618300060625
1038,63.000808747999145,6.089347328000258,ok,0.08360758500020893,0.07602170194936259,0.3781107790000533
1039,63.07622187299967,6.056797471999744,ok,0.09360585299964441,0.07548304235443319,0.37808645000040997
1040,63.101672059999146,6.031427251999958,ok,0.11033521399986057,0.07495032101265862,0.37814319300014176
1041,63.152383325999836,5.981035396000152,ok,0.09669970499999181,0.07448500943038094,0.3781255699996109
1042,63.228650227999424,5.980670068000109,ok,0.10551215799932834,0.07436887007595573,0.37813251099942136
1043,63.278335181999864,5.930601787999876,ok,0.0990436399997634,0.0738168658101269,0.3781431950001206
1044,63.30341042700002,5.9057702069994775,ok,0.11623370899997099,0.07328501258227703,0.37812813600066875
1045,63.353394332999414,5.856398585000534,ok,0.10390396500042698,0.07281614187341583,0.37810867600001075
1046,63.45488366999962,5.880091605999951,ok,0.12521107199972903,0.07284633389872973,0.37813464299961197
1047,63.47951103699961,5.855571998999949,ok,0.10062204499990912,0.0728472670632959,0.3781372539997392
1048,63.50481645999935,5.829847541999698,ok,0.1122834560001138,0.07237381959493167,0.3780495400005748
1049,63.631315928999356,5.947045242000058,ok,0.10636496400002216,0.07393229858228585,0.3781591379993188
1050,63.65541864699935,5.923029421999672,ok,0.1246530279995568,0.07339696268354601,0.3781511480001427
1051,63.70686142899922,5.871646723000595,ok,0.11052924600062397,0.07292536044303544,0.37815097000020614
1052,63.83263558699946,5.905790746999628,ok,0.10136512200006109,0.0734734020253096,0.378163255999425
1053,64.02581880099933,5.86891902699972,ok,0.10307884299982106,0.07298496073417482,0.3781638250002288
1054,64.05109664699921,5.843780402000448,ok,0.1147999950007943,0.07251852870885608,0.3781457370005228
1055,64.12847642699944,5.806186857999819,ok,0.12351655499969638,0.07193229492405188,0.3781440399998246
1056,64.15177329399921,5.7829546860002665,ok,0.10027392000029067,0.07193247903796873,0.3781440550001207
1057,64.17809498099996,5.756693767999423,ok,0.11543535700002394,0.07140815520253017,0.3781433100002687
1058,64.22746173799987,5.707382337000126,ok,0.10772749100033252,0.07088152727848428,0.378143246000036
1059,64.27924612699917,5.654663704000086,ok,0.0982968839998648,0.0703333214430442,0.378145743999994
1060,64.3287460749998,5.605615432999912,ok,0.08643950500027131,0.06986274846835092,0.3781593919993611
1061,64.40476609299913,5.566082886000004,ok,0.09114885399958439,0.06930262911391995,0.37814944199999445
1062,64.50612325099974,5.539083706999918,ok,0.10762290399998165,0.06875230544303605,0.3781623300001229
1063,64.58001061899995,5.5021988199996485,ok,0.11946466300014436,0.06813550996201552,0.3781539519995931
1064,64.6309896419998,5.451885853000022,ok,0.11067534400081058,0.06760999240506425,0.3781640580000385
1065,64.65541708699948,5.427513853999699,ok,0.1236645299995871,0.0671371348607633,0.37857695300044725
1066,64.78129175199956,5.49915085199973,ok,0.11687443499977235,0.06812975444303954,0.37857530299970676
1067,64.85780498199983,5.458913984999526,ok,0.12035234099948866,0.06757637827849056,0.3783655920005913
1068,65.0003881749999,5.393578001000606,ok,0.0992975880008089,0.06701585050632275,0.37828176400034863
1069,65.05070207799963,5.344028014000287,ok,0.08707698299986077,0.0665434107594926,0.3785742210002354
1070,65.10188949099938,5.454485078999824,ok,0.11582754599930922,0.06757760313924832,0.37837027000023227
1071,65.17801546399915,5.454186715000105,ok,0.12657623199993395,0.06743783911392538,0.3405901840005754
1072,65.22792404399934,5.404346927000006,ok,0.11878941600025428,0.06690557762024732,0.29856251499950304
1073,65.25312864899934,5.3794336060000205,ok,0.09355645799951162,0.0669096527468424,0.2986604770003396
1074,65.27903795099974,5.353647316000206,ok,0.11129456500020751,0.06635871337975108,0.25503248699988035
1075,65.30425056599961,5.32855008200022,ok,0.12922332899961475,0.06581409487342724,0.21155748700039112
1076,65.32913403099974,5.30326696999964,ok,0.10429952499998763,0.06580954155695601,0.21186930899966683
1077,65.35389293599928,5.2788509969996085,ok,0.12119396299931395,0.06528661998734468,0.2074603040000511
1078,65.40455596599986,5.227782658999786,ok,0.11300433500036888,0.06474384896201524,0.20732508199944277
1079,65.45469231499919,5.1770584610003425,ok,0.10513838800034137,0.06420113627847991,0.20739907900042454
1080,65.50433000999965,5.127487343999746,ok,0.09266304799984937,0.06373174058227983,0.20739795800000138
1081,65.58005844999934,5.092329652999979,ok,0.096848289999798,0.06323363393671513,0.20743539899922325
1082,65.68110681399958,5.142929562000063,ok,0.11354049100009433,0.06366281572152016,0.20743731299990031
1083,65.75747142299952,5.109326916999635,ok,0.11893751899970084,0.06316915089873758,0.20741130100032024
1084,66.02571565399921,5.061897698999928,ok,0.08213175099990622,0.06303432131646125,0.20738966099997924
1085,66.07621028199992,5.056728618000307,ok,0.11614945499968599,0.06253871822785566,0.2074371759999849
1086,66.12707182599934,5.005051131000073,ok,0.10752910700011853,0.06199354453164682,0.20690935699985857
1087,66.15125959899979,4.980996371999936,ok,0.12081956300062302,0.06152099394935997,0.20754036899961648
1088,66.25381301899961,4.953445826999996,ok,0.1031974090001313,0.061395298493671015,0.2075433179998072
1089,66.27827726999931,4.928706556999714,ok,0.11646634799944877,0.06091410249366992,0.20748288800041337
1090,66.35413595499995,4.895296501999837,ok,0.12576285500017548,0.060373471101263905,0.20727185200030362
1091,66.42999107999913,4.819817581999814,ok,0.08836148200043681,0.05989156855695357,0.2074031219999597
1092,66.52956773799997,4.918810980999297,ok,0.1121687179993387,0.06084334655696682,0.2074862569998004
1093,66.55471992099956,4.893419744999846,ok,0.1250957180000114,0.060358148215182386,0.20740181999917695
1094,66.75689113399949,4.839192059000197,ok,0.12681168899962358,0.05965006098735034,0.20750155600035214
1095,66.80748021199997,4.788676572999975,ok,0.11410780000005616,0.05917155456962617,0.20750282100016193
1096,67.07713708999927,4.868762089000484,ok,0.11926115900041623,0.06011991302531459,0.2074854510001387
1097,67.12623737099966,4.819781430999683,ok,0.11281617899931007,0.059581631443046415,0.20748469999944064
1098,67.1778607719998,4.768217507999907,ok,0.09836554200046521,0.05911186239239824,0.20748490000005404
1099,67.27843642699918,4.745267080999838,ok,0.11779473200022039,0.058575234886074544,0.20749677099956898
1100,67.30357245199957,4.72070466400055,ok,0.09267841300061264,0.0585823675822707,0.20745624899973336
1101,67.47952933499982,4.780831674000183,ok,0.11196050700073101,0.05909932108859928,0.20745349499975418
1102,67.55448674199943,4.8674035189997085,ok,0.12192552499982412,0.060069143455701676,0.20489398800054914
1103,67.63072678999924,4.790659852999852,ok,0.08740103600030125,0.05953457245569449,0.2050096000002668
1104,67.65593630699914,4.765705904000242,ok,0.10427320400049211,0.059005219493664746,0.20491551900067861
1105,67.68059405699933,4.741174605000197,ok,0.11799399699975766,0.05852106700000794,0.20487644500008173
1106,67.78142557799947,4.676295780000146,ok,0.10257835399988835,0.057894915734184996,0.20489003700004105
1107,67.8328334529997,4.624625515000844,ok,0.0890614080008163,0.05741189764556779,0.20494245899953967
1108,68.07674339599998,4.856314197999382,ok,0.11842259300010483,0.05997301069619655,0.2436649609999222
1109,68.12685412199971,4.805443721999836,ok,0.10649184700014303,0.05947999101265885,0.24365165700055513
1110,68.38042566399963,4.746642014999452,ok,0.08725183099977585,0.058979224531648916,0.24377843900037988
1111,68.6061333079997,4.797412312999768,ok,0.0972423550001622,0.05949539201264997,0.24362944599943148
1112,68.63046506299997,4.773194608999802,ok,0.11528154899951915,0.05896069741772373,0.2436286199999813
1113,68.68088932899991,4.723303353000119,ok,0.10762774100021488,0.058426054670891535,0.24365705299987894
1114,68.73207004399956,4.671933784999965,ok,0.0942830670001058,0.05794472248101245,0.2436299749997488
1115,69.076850681,4.873623552999561,ok,0.09104221399957169,0.06053865394937066,0.24366123799973138
1116,69.20312635499977,4.820570384000348,ok,0.08405079400017712,0.05995558912658038,0.24359074399944802
1117,69.25263689999974,4.809863071000109,ok,0.1228905930001929,0.05932856635442903,0.24359120600001916
1118,69.27893584499998,4.783211567000762,ok,0.09655688900056703,0.0593244760379715,0.24360039700059133
1119,69.30340084599993,4.758818432000226,ok,0.11473421600021538,0.058785661430376904,0.2435964710002736
1120,69.35414042899993,4.707402729000023,ok,0.1069564490007906,0.058233166721510306,0.24362973700044677
1121,69.37970768499963,4.681948440999804,ok,0.1201294880002024,0.05774431893670352,0.24363064499993925
1122,69.40468092499941,4.657599097000457,ok,0.09519255299983342,0.05775179644304076,0.24359556699982932
1123,69.5551454159995,4.746989704000043,ok,0.10529964700072014,0.058755159050633665,0.2436033439998937
1124,69.57975619299941,4.722509911999623,ok,0.11790095499964082,0.058285972924047975,0.24362389100042492
1125,70.07641705199967,5.145874883000033,ok,0.0867152270002407,0.06403962812657506,0.25200116600080946
1126,70.10201195899936,5.120354140000018,ok,0.10283549599989783,0.06351269353164546,0.252058598000076
1127,70.12610223899992,5.0963689350001005,ok,0.1153117249996285,0.06305116540506442,0.2520549620003294
1128,70.32924739499958,5.138999199999489,ok,0.10362299999997049,0.06373860721518373,0.2520030969999425
1129,70.37988533499993,5.088511962000666,ok,0.0950871900004131,0.06320773160759811,0.2520017659999212
1130,70.42976233799982,5.03856733900011,ok,0.08239339600004314,0.06273601183544733,0.25199929300015356
1131,70.47917469999993,5.106486814000164,ok,0.11066754999956174,0.06323788854430709,0.251997319000111
1132,70.60606644999916,5.102047563000269,ok,0.10000455099998362,0.06331665898733839,0.2520534489995043
1133,70.68027766899922,5.101326613999845,ok,0.10368961099993612,0.06326063250632119,0.2520490360002441
1134,70.80719386499914,5.053515235999839,ok,0.0951146269999299,0.06276420515190048,0.25204983099956735
1135,71.05114328599939,5.068548564000594,ok,0.11623816100018303,0.06268719251898179,0.25199745100053406
1136,71.07681479099938,5.042595681000421,ok,0.0905332840002302,0.06268397169619848,0.2521626040006595
1137,71.17758556199988,5.022893045000274,ok,0.11298094199992192,0.062150571734180836,0.2519969300001321
1138,71.20267991499986,4.998177520999889,ok,0.13116406299923256,0.06160750563291993,0.2519977799993285
1139,71.22842968399982,4.972803034000208,ok,0.10545697699944867,0.061611743012667544,0.2520553469994411
1140,71.27864083299937,4.921750943999541,ok,0.09312222599965025,0.06112146403797218,0.25216581799941196
1141,71.55481067399978,5.205123298999752,ok,0.12483302700002241,0.06430710010125593,0.252004554999985
1142,71.57950474799964,5.180700628000523,ok,0.1001797640001314,0.0643101511518983,0.2520839999997406
1143,71.60593525899912,5.154331517000173,ok,0.11051509200024157,0.06384557649366625,0.2520825399997193
1144,71.78159545199924,5.088211276999573,ok,0.08767946199986909,0.06329754705063662,0.2520841190007559
1145,72.07647339799951,5.146560457000305,ok,0.10131611499946303,0.06386352718988136,0.2520853160003753
1146,72.10135598399938,5.121747506000247,ok,0.11356729300041479,0.06339448655695908,0.25216313199962315
1147,72.20302853199973,5.2307401070002015,ok,0.09786976300074457,0.06497282269619857,0.25216676000036387
1148,72.22915471999931,5.2047483800006376,ok,0.11487011100052769,0.06442864068354032,0.25217058900034317
1149,72.25266205699972,5.180508487999759,ok,0.09140311400005885,0.06441862740506668,0.25200406499970995
1150,72.27892403599981,5.154635528000654,ok,0.10237246599990613,0.06395245373418611,0.2520819400006076
1151,72.42943909699989,5.151275053999598,ok,0.10502288799943926,0.06387629773418,0.25217007899937016
1152,72.55471182099973,5.271629150000081,ok,0.09974323299957177,0.06546667474683517,0.2521958650004308
1153,72.60557522899944,5.220811211999717,ok,0.09069841299969994,0.06493792941772064,0.2521992930005581
1154,72.63114502399912,5.195327684000404,ok,0.10775193300014507,0.06439951398733913,0.2522079540003688
1155,72.65568829199947,5.170288801999959,ok,0.12483508399964194,0.06386616900000505,0.25208577400007925
1156,72.70651897199969,5.119560674999775,ok,0.11133337899991602,0.06339507591139086,0.252168387999518
1157,73.10215417099971,5.407630624999911,ok,0.1076626589992884,0.06708773870886484,0.2909569419998661
1158,73.126398333,5.383979153999462,ok,0.1206068729998151,0.06662473275949346,0.2909474220004995
1159,73.35328705899974,5.563573377000466,ok,0.08500198599995201,0.069348640367094,0.290993669999807
1160,73.40570470999955,5.586795049000102,ok,0.11352728200017737,0.06928159760758994,0.29098716999942553
1161,73.42974339699958,5.562220328999501,ok,0.08952298799977143,0.069274268974679,0.2909947420002936
1162,73.479531254,5.549517030000061,ok,0.12558416100000613,0.06865697116454958,0.2909680130005654
1163,73.50468376799927,5.525187447999997,ok,0.10046766199957347,0.06866707497468995,0.2909759619997203
1164,73.52947583399964,5.499948382999719,ok,0.11218453000037698,0.0681992953670856,0.29099996399963857
1165,73.75674700799937,5.460432431999834,ok,0.11707495199971163,0.06763705296203003,0.29099787199993443
1166,73.80748228299944,5.409771560999616,ok,0.10313164299986965,0.06717244817721195,0.290998364999723
1167,74.05039104699972,5.433714679000332,ok,0.08735827600048651,0.06767500255695198,0.291000995000104
1168,74.10208851699917,5.458623319999788,ok,0.12316958399969735,0.06753704930379402,0.29100053799993475
1169,74.12703178999982,5.434194669000135,ok,0.09827943500022229,0.06754301853164443,0.29099996399963857
1170,74.15197290499964,5.408849133000331,ok,0.11049998400085315,0.06706749840506308,0.2909993900002519
1171,74.17809852399932,5.3829963999996835,ok,0.08441524099998787,0.06707041443038363,0.29100540399940655
1172,74.27871338999921,5.361384691999774,ok,0.10493976500038116,0.06653706678480376,0.29094892800003436
1173,74.32834560899937,5.311683097999776,ok,0.09738640700015821,0.06600341583543923,0.29114538000067114
1174,74.3794537269996,5.260707442000239,ok,0.083703260999755,0.06553150420253748,0.291143479999846
1175,74.47938192699985,5.279891203000261,ok,0.10469950500009872,0.06550851549366862,0.2911761259993
1176,74.50419680699997,5.255191639000259,ok,0.12315262500032986,0.06496231555695575,0.2911835510003584
1177,74.55431371099985,5.205127320999964,ok,0.11627329299972189,0.06441569479747032,0.29118541200023174
1178,74.57956598099918,5.179913822000344,ok,0.09106453599997621,0.06441563532912312,0.2911868279998089
1179,74.60532210399924,5.153440502999729,ok,0.10801405199981673,0.06386575458228562,0.29099663099987083
1180,74.6305823849998,5.128272445000221,ok,0.12098609100030444,0.06338317056962077,0.29107068400026037
1181,74.65585599699989,5.103913693999857,ok,0.0957766299998184,0.06339390162025389,0.29114289399967674
1182,74.7325825959997,5.150203220000549,ok,0.09897482900032628,0.06393922151899091,0.2910662439999214
1183,74.80888495599993,5.149911011999393,ok,0.10745711599975039,0.0638282997594926,0.29107219600064127
1184,74.85881822399915,5.099848689000282,ok,0.09538460800013127,0.06334719307594668,0.2910759540000072
1185,75.00105206099943,5.069782855000085,ok,0.10591911000028631,0.06283335613923417,0.29118016099982924
1186,75.2273339379999,5.169601954000427,ok,0.11486947000048531,0.06398357546835472,0.291187544999957
1187,75.25290734800001,5.144494144999953,ok,0.08925429200007784,0.06399010248101668,0.2911484520000158
1188,75.32843441999921,5.106335651999871,ok,0.0931762059999528,0.0634573851518982,0.291189280999788
1189,75.40457795199927,5.072115324999686,ok,0.10359601599975576,0.0628921417974658,0.29132580399982544
1190,75.42983412399917,5.047026767999341,ok,0.1158907539993379,0.062419215506336896,0.29130191799958993
1191,75.55595764899954,5.078006337000261,ok,0.10622996800066176,0.06293353812657475,0.2913067300005423
1192,75.6304371239994,5.082527102999848,ok,0.11175890599952254,0.0629207815443092,0.29130835799969645
1193,75.7825276399999,5.249361142999987,ok,0.11342345499997464,0.06501144158227351,0.29121707400008745
1194,76.12698470199939,5.321796967999944,ok,0.11300840000058088,0.06593377129113061,0.2913100089999716
1195,76.15219343699937,5.296728647000236,ok,0.13026346800052124,0.06539802713923794,0.2913123219996123
1196,76.22815959399941,5.220020722999834,ok,0.09746189700035757,0.0648421766075939,0.2913198790001843
1197,76.25220991899914,5.196229291000236,ok,0.11095465800008242,0.06437028256961547,0.2912410210001326
1198,76.27838331899966,5.17046863700034,ok,0.08474826000019675,0.06437600821519032,0.29131096199944295
1199,76.35385897999913,5.506610848000491,ok,0.08973270500064245,0.06856772367088144,0.41145052299998497
1200,76.43025891799971,5.470055148000029,ok,0.09960156699980871,0.06798009946835262,0.4118383230006657
1201,76.45484425499944,5.445745150000221,ok,0.11539366000033624,0.06747233125315688,0.41191538099974423
1202,76.47995081199952,5.419920400999217,ok,0.09025288599968917,0.06746367860759614,0.4118794460000572
1203,76.83253309299926,5.454449756999566,ok,0.11660429099993053,0.06756740658228053,0.41186288999961107
1204,76.85728709399973,5.428990727000382,ok,0.09180511599970487,0.06755893484811007,0.4118881029999102
1205,77.07685649799987,5.472616490000291,ok,0.10010508300001675,0.06800607669620033,0.4119174999996176
1206,77.15212328999951,5.440913518000343,ok,0.11094647699974303,0.06746757753164644,0.4118298870007493
1207,77.17707622799935,5.416763626000829,ok,0.12948139700074535,0.06692741413924154,0.4118254290006007
1208,77.2022027109997,5.391793920000055,ok,0.10431812399929186,0.06692988224050525,0.41162111399989953
1209,77.22792312999991,5.366207401999418,ok,0.12076858799991896,0.06639776729114118,0.41169305499988695
1210,77.25229533099991,5.341895196999758,ok,0.0963577249995069,0.0663990156329108,0.4109045189998142
1211,77.27828853699975,5.3154062599996905,ok,0.10823665099997015,0.06591321655695871,0.4108329139999114
1212,77.37991753299957,5.415632430000187,ok,0.08712822100005724,0.06744905431644872,0.41092833599941514
1213,77.5543207389992,5.475740730000325,ok,0.10817487500025891,0.06794355159493108,0.41080364899971755
1214,77.57954639699983,5.450586233000649,ok,0.12485067400029948,0.06741417258227914,0.41080762799992954
1215,77.63082261099953,5.399514091000128,ok,0.11547732300005009,0.06688628464557432,0.4115325059992756
1216,77.68172199899982,5.348863320000419,ok,0.10195920200021646,0.0664161052658229,0.4115821629993661
1217,77.80795262999982,5.302124216000266,ok,0.09839052900042589,0.06586965186075368,0.4114485029995194
1218,77.83267613099997,5.277724448000299,ok,0.1113492269996641,0.06539685801266087,0.4115020570006891
1219,78.0006270189997,5.30640264000067,ok,0.1020338839998658,0.06587788548101424,0.4115789549996407
1220,78.05095219399936,5.25614368100014,ok,0.09527381800035073,0.0653272721139176,0.41158022099989466
1221,78.07641332200001,5.230777375000798,ok,0.11265876900051808,0.0647861364430332,0.41158199699930265
1222,78.10222630399949,5.204456413000116,ok,0.13052991200038377,0.06422653260759471,0.4115579270001035
1223,78.15144201099974,5.155316862000291,ok,0.12491437999960908,0.06367576726583299,0.4115588849999767
1224,78.20331438699941,5.103504217000591,ok,0.11054640800011839,0.06320180960759715,0.4115590940000402
1225,78.42917830099941,5.316445432000364,ok,0.11545418800051266,0.06583450705063655,0.4115912229999594
1226,78.53008509199935,5.255759921999925,ok,0.09850677400027052,0.06528129892405236,0.41089694799939025
1227,78.57987386199966,5.204733149000276,ok,0.08580222499949741,0.06479569178481132,0.4109460340005171
1228,78.63078437199965,5.192154915000174,ok,0.11989429799996287,0.06420533772152455,0.4109797549999712
1229,78.68090790499991,5.142395677999957,ok,0.11251065200031007,0.06366898632911182,0.41098065599999245
1230,78.70624093299921,5.117254640999818,ok,0.12638636799965752,0.0631751603417728,0.41102110799965885
1231,78.83273250999991,5.064306093000596,ok,0.11860103799972421,0.06260326774684506,0.41150709800058394
1232,79.15194609599985,5.254261121000127,ok,0.10541130899946438,0.0651748367721597,0.41149111399954563
1233,79.17732551099925,5.2293309389997376,ok,0.11743231499985995,0.06470711765822544,0.4115110220000133
1234,79.2023873879998,5.2051121920003425,ok,0.09241983300034917,0.06471724222784717,0.41165662799994607
1235,79.42927031199997,5.236633258999973,ok,0.0893537700003435,0.06515494787341779,0.4115068959999917
1236,79.55589438799961,5.357173532000161,ok,0.11789986400071939,0.06631937994935942,0.4115116090006268
1237,79.57973726599994,5.3334584140002335,ok,0.09409850900010497,0.06632061375948749,0.41153731800022797
1238,79.6810374229999,5.349998847000279,ok,0.11958752000009554,0.06620722963290536,0.41153489099997387
1239,79.70626318799987,5.324909812999977,ok,0.09439862900035223,0.066208399443031,0.4115386679995936
1240,79.73203087599995,5.2992588110000725,ok,0.10582075500042265,0.06573935565822604,0.411622038999667
1241,79.80787033499928,5.264181788999849,ok,0.11024710699985008,0.06523913139239937,0.4115135560005001
1242,80.12662731599994,5.7038153610001245,ok,0.10016469199945277,0.07093173162025732,0.4111202959993534
1243,80.17737319699972,5.653417696999895,ok,0.09317935699982627,0.07038230775949932,0.4112431920002564
1244,80.22800741299943,5.640932293999867,ok,0.12867435699990892,0.06977494501265764,0.41112559599969245
1245,80.25306118599929,5.616001255999436,ok,0.10368505499991443,0.06977581634177274,0.41112505000000965
1246,80.40468500499992,5.575931194000077,ok,0.11106000600011612,0.06917466781012277,0.4112362759997268
1247,80.42994213299971,5.550867936999566,ok,0.12272660599955998,0.06871024086076086,0.4116494319996491
1248,80.55487370799983,5.500386616000469,ok,0.11305295300007856,0.0681936175189917,0.4116381320000073
1249,80.65600124399953,5.442242373999761,ok,0.09076559699951758,0.06773970867088562,0.41163842100013426
1250,80.70717442599926,5.472780217000036,ok,0.12438517899954604,0.06770083937974763,0.4116382670008534
1251,80.78147170099965,5.396993051000209,ok,0.09300359400003799,0.06713853816455423,0.41158164700027555
1252,80.80804640699989,5.37157859799936,ok,0.10866186200019001,0.06661875951898695,0.41174246999980824
1253,80.83280468999965,5.346933484000147,ok,0.12116463999973348,0.06614863524051152,0.41164634699998714
1254,81.05041099999926,5.403223654000612,ok,0.10196206500040716,0.06710406597468609,0.4116371459995207
1255,81.07646248199944,5.378306036999675,ok,0.11157558000013523,0.06666706035441995,0.41186544299944217
1256,81.10175339099987,5.3516441699994175,ok,0.0863199209998129,0.06664904640505874,0.4115803600006984
1257,81.17761571699975,5.357302329999584,ok,0.08632854200004658,0.0667206869620253,0.411661021999862
1258,81.37962223999966,5.4640831520000575,ok,0.10640715499994258,0.06781828021519663,0.37645668300046964
1259,81.42986153699985,5.411987276000218,ok,0.0968907370006491,0.06727912892404939,0.3354633720000493
1260,81.48015454699998,5.361815678999847,ok,0.08750779000001785,0.0667629853037915,0.29457384099987394
1261,81.50524706399938,5.337560812999982,ok,0.10337921300015296,0.06625501283543841,0.2870271000001594
1262,81.55499280699951,5.287923020000562,ok,0.09446369000033883,0.06573961097468713,0.2870315229993139
1263,81.60589768199952,5.237237801000447,ok,0.08440927599986026,0.06522532175949891,0.2870323549996101
1264,81.63084891799917,5.212564983999982,ok,0.1040059619999738,0.06466492837974824,0.2884833409998464
1265,81.68070423799963,5.162324480000279,ok,0.09781030100020871,0.06410740774682853,0.288449942000625
1266,81.73155796399988,5.111944658000539,ok,0.08615630700023758,0.06361726510126746,0.28841135099992243
1267,82.05085453399988,5.1645805000007385,ok,0.11553385100069136,0.06391147413923355,0.28842468399943755
1268,82.07709063599941,5.1384653180002715,ok,0.08926239300035377,0.06391355762025341,0.2885115210001459
1269,82.2036121809997,5.165252565999253,ok,0.1225119779992383,0.06383158396202597,0.2882197030003226
1270,82.22859102799976,5.140466345000277,ok,0.0975588549999884,0.06383385883544156,0.28821910899932845
1271,82.27843038799983,5.091237915999955,ok,0.08467929900052695,0.0633737083797406,0.28821134500049084
1272,82.52936638499978,5.143550097000116,ok,0.10339510399990104,0.0637989526708858,0.28845705000003363
1273,82.57962015999965,5.093409518000044,ok,0.0936645990004763,0.06328753987341033,0.2884626000004573
1274,82.60648683299951,5.066650312999627,ok,0.10996105699996406,0.06274257284809509,0.2884657810000135
1275,82.63039513899912,5.043165513000531,ok,0.12451408600009017,0.062261004177217506,0.288532397000381
1276,82.65596598999946,5.016190545000427,ok,0.09890549400006421,0.06224359112658493,0.28822526800013293
1277,82.75708146699981,4.9872084560001895,ok,0.12046890999954485,0.06160377077215839,0.2881985189997067
1278,82.8082769119992,4.936204931000248,ok,0.10721330400065199,0.06112607817721243,0.28820685600021534
1279,83.02557226599947,5.040247721999549,ok,0.12387637199935853,0.06223201894937131,0.28843654100001004
1280,83.1019701769992,4.964293224999892,ok,0.08423407500049507,0.06177242781012853,0.28869565700006206
1281,83.22772877699936,5.08244510699933,ok,0.11281155099914031,0.06290641831646662,0.2887145060003604
1282,83.40464522299953,5.095683155000188,ok,0.09351558300022589,0.06331805093669815,0.2886943550001888
1283,83.42943546699917,5.070970525000121,ok,0.11268636900058482,0.06276287345568976,0.28869433399995614
1284,83.4796216169998,5.020885246000034,ok,0.1074377730001288,0.06219533000000146,0.288713560999895
1285,83.50436403999993,4.996288671000002,ok,0.12002691599991522,0.06172453808860063,0.2887160000000222
1286,83.60629530499955,4.930556099000569,ok,0.09851205199993274,0.0611647995063299,0.2887165969996204
1287,84.0507117749994,5.112818911999966,ok,0.10898106899912818,0.06333913567089473,0.25216703600017354
1288,84.07621722699969,5.08802092499991,ok,0.12479253000037716,0.06282521879746104,0.21087806000014098
1289,84.15156247499999,5.013130491000084,ok,0.09046543500062398,0.06231179041771864,0.19996349600023677
1290,84.17893178099985,4.9860344949993305,ok,0.10431098499975633,0.061793578354429224,0.20017821900000854
1291,84.20221931999913,4.962857782000356,ok,0.1221810449997065,0.06127403758228532,0.20010223900044366
1292,84.27871104899987,4.88647437399959,ok,0.08161671399921033,0.06082064640507074,0.20010104900029546
1293,84.35364781499993,4.88596609599972,ok,0.0868700760001957,0.06074737824050478,0.20010025700048573
1294,84.40463365199957,4.871733483999378,ok,0.11396199899991188,0.06022437069619812,0.1999743070000477
1295,84.6316202019998,5.346620411999538,ok,0.11249654299990652,0.06625434758228073,0.25533909299974766
1296,84.65585090899913,5.322648565999771,ok,0.0882388189993435,0.06625812656962991,0.255416401999355
1297,84.70692216599946,5.308938056999978,ok,0.12302391899993381,0.06564405475949604,0.255429849000393
1298,84.73120427999947,5.285417932999735,ok,0.09878533299979608,0.06565318705064253,0.2554212409995671
1299,84.78174798199962,5.234199802000148,ok,0.08443608699963079,0.06518665920253924,0.25542570800007525
1300,84.83218016899991,5.222572130999652,ok,0.11566052899979695,0.06464406036708699,0.2555794509999032
1301,84.85729488699963,5.197771737999574,ok,0.0905870299993694,0.0646476535443117,0.2553164060000199
1302,85.00043195299986,5.206832780999321,ok,0.11118892499962385,0.06450149994936187,0.2553132699995331
1303,85.05024760499964,5.157491545999619,ok,0.10434707799959142,0.0639635672025317,0.2554267969999273
1304,85.07704695499979,5.1308293869997215,ok,0.11497709400009626,0.06349158902532186,0.2554128940000737
1305,85.10209721799947,5.105841745999896,ok,0.08988850999958231,0.0634928902658246,0.2554220179999902
1306,85.15186888899916,5.097951386000204,ok,0.12315389800005505,0.06297179745569671,0.25531476299966016
1307,85.20222335899962,5.047770881999895,ok,0.11432518499987054,0.06244846735443147,0.2553227500002322
1308,85.25263068599997,4.997430553000413,ok,0.1001877640001112,0.06360035336364218,0.2553209620000416
1309,85.32879755499926,5.041221270999813,ok,0.10247008900023502,0.06251534265823155,0.2553165610006545
1310,85.40435720799996,5.088156353000159,ok,0.11071789099969465,0.06300510379747444,0.255417968999609
1311,85.45450480499949,5.036487455000497,ok,0.10318454400021437,0.06244625244303452,0.2552506779993564
1312,85.50472760899993,4.986782526999377,ok,0.09479937099968083,0.06192339589873697,0.25525847300013993
1313,85.52929322899945,4.962497238000651,ok,0.1074401060004675,0.06145601245569634,0.2552306959996713
1314,85.68087314199965,4.99801286300044,ok,0.10855397300019831,0.06189136930379967,0.25522703800015734
1315,86.02558484599922,4.943793411000115,ok,0.10669939600029466,0.0612284311392395,0.25522523499967065
1316,86.10149874499984,4.906015811000543,ok,0.11114314400037983,0.060694098569623336,0.2553595170002154
1317,86.25445454099918,4.870694318999995,ok,0.11620429899994633,0.060183047329114225,0.2553716969996458
1318,86.27834092499961,4.846983522000301,ok,0.09235694800008787,0.06018479920252894,0.2553766249993714
1319,86.30369405199963,4.821241085000111,ok,0.10406033800063597,0.05971067070886075,0.2553539529999398
1320,86.38089506699998,5.112406808999367,ok,0.10682713399910426,0.06336116045570668,0.36933208300069964
1321,86.4565377529998,5.074536252999678,ok,0.11299660999975458,0.06280389586076517,0.36921148900000844
1322,86.47967444699952,5.050273921000553,ok,0.08981451399995422,0.06279013372151687,0.3694244479993358
1323,86.52997870499985,5.0424118849996376,ok,0.122464805999698,0.062277368455696994,0.36969924499953777
1324,86.6067909909998,4.9659493389999625,ok,0.08227143200019782,0.0618182670506272,0.3693604130003223
1325,86.8322133419997,5.041093062999607,ok,0.08516178899935767,0.06273270853164865,0.36971609400006855
1326,87.00108542399994,5.059819948999575,ok,0.10205049900014274,0.06275602079745976,0.369348768999771
1327,87.22849351199966,5.228897957999834,ok,0.10070235399962257,0.06491348929114482,0.3693473820003419
1328,87.40637892999985,5.359949368000343,ok,0.11835685500045656,0.06634886522784608,0.36908959399988817
1329,87.42988467899977,5.3358013029992435,ok,0.09481696599959832,0.06634118388607435,0.3693488380004055
1330,87.45419984699947,5.31160424600057,ok,0.10640983600023901,0.06588833262025841,0.36934625199955917
1331,87.70630959999926,5.3283682569999655,ok,0.11972670499926608,0.06593176400000157,0.3692138579999664
1332,87.80802832899917,5.2746467369997845,ok,0.10231082100017375,0.06547221884809201,0.36920687700057897
1333,87.85727247999966,5.225481770999977,ok,0.09034939299999678,0.06500146296201809,0.3681837789999918
1334,88.0512440679995,5.301860996000869,ok,0.09763944700080174,0.06587597682277814,0.36819947399999364
1335,88.10144657899946,5.251188103000459,ok,0.08419262500046898,0.06540454677215626,0.36800009299986414
1336,88.17812136999964,5.211672448000172,ok,0.08739316599985614,0.06486397136709283,0.36901573199975246
1337,88.22791364299974,5.207028892999915,ok,0.12117054699956498,0.06437762374684144,0.3689681380001275
1338,88.30374703599955,5.131335578000289,ok,0.0827841440004704,0.06390551135442779,0.3689851799999815
1339,88.52977310400001,5.2100685300001714,ok,0.08372495099956723,0.0648900604810133,0.36898801700044714
1340,88.73162883699933,5.365598534999663,ok,0.11122347799937415,0.06651074830380269,0.3690579300000536
1341,88.78138403799949,5.3159488760002205,ok,0.10401942499993311,0.06597358815189538,0.3689738439998109
1342,88.83235345799949,5.26511046899941,ok,0.08996510499946453,0.06550798356962516,0.368982240999685
1343,89.02713969399974,5.626483662999817,ok,0.0873706479997054,0.07011487416456233,0.3689914740007225
1344,89.07845275899945,5.577933735999977,ok,0.1204616149998401,0.06908158703797049,0.3689140850001422
1345,89.25244725499942,5.428214014999867,ok,0.10597475599934114,0.06736981165823072,0.36896494400025404
1346,89.30383307899956,5.3768928429999505,ok,0.09692676099984965,0.06683481059493876,0.3689674900006139
1347,89.35386232399924,5.327097366000089,ok,0.08430870299980597,0.06636419288608085,0.3690034150004067
1348,89.43002577299922,5.289014328999656,ok,0.0932422289997703,0.06576888022785089,0.36892176899982587
1349,89.45440404099918,5.264773992999835,ok,0.1117928359999496,0.06522737034177951,0.36803711900029157
1350,89.50525447799919,5.214930291999735,ok,0.10530111299976852,0.06467857687341995,0.36790745400048763
1351,89.52950385199983,5.19015951900019,ok,0.12595382499966945,0.06410346713924303,0.3680137809997177
1352,89.55467901499924,5.164435948000573,ok,0.10073651200036693,0.06409724418987439,0.3690377709999666
1353,89.5804301799999,5.1388370969998505,ok,0.11291335999976582,0.06361900016456068,0.36905806899994786
1354,89.60596099099985,5.113797009000336,ok,0.08742177400017681,0.0636247128101291,0.36909622000075615
1355,89.68071244399925,5.075952830999995,ok,0.09843829100009316,0.06300619240506951,0.3690989710003123
1356,89.73163348799972,5.025505080000585,ok,0.08981771400067373,0.062476822113919146,0.36913047399957577
1357,89.75712669599943,4.999652740999409,ok,0.10106908199941245,0.06200718439240633,0.36912456000027305
1358,89.83268479899925,4.962609573000009,ok,0.1051001730002099,0.06148713369620504,0.3691434530001061
1359,90.05071670599955,4.973492084999634,ok,0.11658863399952679,0.06147943963291646,0.369145982000191
1360,90.17753847199947,4.926659427999766,ok,0.11117216999991797,0.0609553320000026,0.3691447889996198
1361,90.20268742399912,4.901449453999703,ok,0.12280915399969672,0.06048880326582122,0.36914592100038135
1362,90.30392126399965,4.874419478999698,ok,0.10495804599941039,0.06037264888608304,0.36904860400045436
1363,90.35370297899954,4.823919749999732,ok,0.09183716499956063,0.05989933429114162,0.3690679969995472
1364,90.43010245699952,4.7872717580003155,ok,0.09541895100028341,0.05939022272150972,0.36899176699989766
1365,90.55474805499944,4.749076312999932,ok,0.08545716699973127,0.05903280516455036,0.36892810500012274
1366,91.0511309199992,5.10598676599966,ok,0.11232612000003428,0.06321067994937223,0.3327466150003602
1367,91.10258402899944,5.055136871999821,ok,0.10274871199999325,0.06268825360759273,0.3166664039999887
1368,91.15143443299985,5.006372365000061,ok,0.0953361860001678,0.062164828810130565,0.316680102000646
1369,91.17768843399972,4.980182417000833,ok,0.11093963600069401,0.061635795253165225,0.3166930150000553
1370,91.20281746,4.955309373000091,ok,0.12898615199992491,0.061092499240508406,0.3167510630000834
1371,91.252994296,4.90404849800052,ok,0.12027982500057988,0.06055362401265127,0.31653977199948713
1372,91.30383149799945,4.853686757000105,ok,0.11139011300019774,0.060028827379742154,0.3165428160000374
1373,91.3539959689997,4.803626543999599,ok,0.09876437999992049,0.05955489618987439,0.31654633299967827
1374,91.50477704399964,4.972696671999984,ok,0.10730024300028163,0.06158692313923134,0.31669687000066915
1375,91.55445114699978,4.923345330999837,ok,0.09917307500018069,0.061065271025309134,0.31680370199956087
1376,91.57964612899923,4.897975045999374,ok,0.11026813799981028,0.06060353884810025,0.316762811999979
1377,91.85898684999938,4.9669653569999355,ok,0.09152150099998835,0.06171409256961552,0.31676732000050833
1378,92.12736056999984,4.958847699999751,ok,0.08751278199997614,0.06166210122785431,0.31673227899955236
1379,92.15138647999993,4.934930331000032,ok,0.09990588500022568,0.06120260775948932,0.3168085479992442
1380,92.22910814099941,4.894702786999915,ok,0.10576023300018278,0.06061927269620125,0.3168083070004286
1381,92.27896966599928,4.844271105000189,ok,0.09724939000079758,0.060088536392396245,0.31667131799986237
1382,92.32835876399986,4.794990870999754,ok,0.08437366299949645,0.05962785922785563,0.3167574869994496
1383,92.40446794999934,4.762525246000223,ok,0.08702902000004542,0.05918317830380342,0.31674789899989264
1384,92.50572856599956,4.897516380000525,ok,0.10562905500046327,0.060656458392397236,0.3168100950006192
1385,92.53099293299965,4.872344575999705,ok,0.11654598099994473,0.060199769860757237,0.31684444600068673
1386,92.63066941599936,4.809347022999646,ok,0.09464342499995837,0.05967944012658497,0.31685096899946075
1387,92.7565674739999,4.884399881000718,ok,0.08564255400051479,0.06074342489872707,0.3168508799999472
1388,93.00104367499989,4.942303408000043,ok,0.11665684599938686,0.061083365658236334,0.3166700049996507
1389,93.0261948769994,4.917635744000108,ok,0.09154048500022327,0.0610895562911399,0.31676040300044406
1390,93.10198195599969,4.878847463999591,ok,0.09451339199949871,0.06056088872151985,0.3168072360003862
1391,93.22774037199997,4.825178351999966,ok,0.08485289800046303,0.06000372391138661,0.31681149399992137
1392,93.35511126299934,4.889899126000273,ok,0.11410673899990798,0.06045269459494343,0.31681117599964637
1393,93.37942432199998,4.866335276999962,ok,0.08984599599989451,0.06046160929114033,0.31694117299957725
1394,93.45610594999926,4.8319899120006085,ok,0.09736147700004949,0.0599316197594932,0.3168824220001625
1395,93.47947607999959,4.808740119000504,ok,0.11035724300018046,0.05947298449366746,0.31687905800026783
1396,93.7569176829993,4.828527525000027,ok,0.1042854739998802,0.0598001582151874,0.316884220999782
1397,93.80818187999921,4.777583633000177,ok,0.09320105200004036,0.059295744873417815,0.31693764999999985
1398,93.83295307099979,4.752912449000178,ok,0.11029388199949608,0.05876712172152732,0.31693940100012696
1399,93.85808691199964,4.727841064000131,ok,0.12157099400064908,0.05830703124049734,0.31694141600019066
1400,94.02555754999958,4.803512642999522,ok,0.11071297799935564,0.059402162202533436,0.31688474100064923
1401,94.07644241299931,4.752839182999196,ok,0.1016221059999225,0.05887596325316471,0.31688413499978196
1402,94.12665133899918,4.702699076000499,ok,0.08823333800046385,0.0584107409873422,0.31688305500028946
1403,94.20229758400001,4.700197287999799,ok,0.09184340499996324,0.05833324486076567,0.3169346939994284
1404,94.37950039599946,4.677827169999546,ok,0.27921068199975707,0.05567822559493799,0.19980967299943586
1405,94.42990306399952,4.627558478000537,ok,0.2289995250002903,0.05567772169620242,0.19978439000078652
1406,94.4799856339996,4.57794130900038,ok,0.17914632000065467,0.05568067093670696,0.19979015399985656
1407,94.78171177199965,5.035374017999857,ok,0.09136073099944042,0.06258211960759374,0.19984681799996906
1408,95.02575178799998,5.097145458000341,ok,0.1129453610001292,0.06309092640506755,0.19978817499941215
1409,95.05084397899918,5.07198197300022,ok,0.08781877700039331,0.06309030040506801,0.1997890960001314
1410,95.22741344099995,5.128280014000666,ok,0.11649318500076333,0.06344008443037741,0.19986437299940008
1411,95.25253686799988,5.1030073649999395,ok,0.09140891399965767,0.06343761584810613,0.19986113499999192
1412,95.28016167299938,5.075604402999488,ok,0.10619788399981189,0.0629036807215154,0.1998697520002679
1413,95.30447843599995,5.0513867519994164,ok,0.11880044299959991,0.062437606696209826,0.199844989999292
1414,95.45452301099976,5.058029992000229,ok,0.08303632400020433,0.06297417612658816,0.1998127779997958
1415,95.5051058579993,5.046002657999452,ok,0.11181891499927588,0.06245769715190628,0.1991863140001442
1416,95.52927296299913,5.022595016000196,ok,0.08769015699999727,0.06246688254430387,0.19996230400010973
1417,95.73208023399911,5.254740674999994,ok,0.11283987300066656,0.06508705070886024,0.19994328199936717
1418,95.78152007099925,5.20538472699991,ok,0.10484151299988298,0.06456362065822575,0.19992439900033787
1419,95.83367875399927,5.1527621549994365,ok,0.0896218569996563,0.0640899282151956,0.1997004510003535
1420,96.00057407499935,5.138770036000096,ok,0.10985911300031148,0.06530999318181477,0.19992663199991512
1421,96.10184183599995,5.117166250000082,ok,0.09400008299962792,0.06358410617721796,0.1999346410002545
1422,96.12669551199997,5.091979621000064,ok,0.11062615999981062,0.06305469330380196,0.1999312159996407
1423,96.17898696799966,5.040094888000567,ok,0.09505121500023961,0.06259527649367153,0.19993566299945087
1424,96.27826372899926,5.0238411780001115,ok,0.11711114999980055,0.06211028349367506,0.19996779099983542
1425,96.32938428499983,4.972334704000787,ok,0.10270024300007208,0.06164061260759912,0.19995610600017244
1426,96.40566644399951,5.015033341999697,ok,0.10642595099943719,0.062133879075950464,0.19995855199977086
1427,96.57991704099913,4.9854708949997075,ok,0.08897568700012926,0.06198068073417399,0.1999596819996441
1428,96.60553161199914,4.959425212000497,ok,0.09969832099977793,0.061515086367094976,0.19989393000014388
1429,96.75629350199961,4.920835624000574,ok,0.10758830900067551,0.06092683283543609,0.19996119699953852
1430,97.08749067600002,4.991193386000305,ok,0.11929465499997605,0.06166921192405287,0.19963665799969021
1431,97.1171849859993,4.9616783079991365,ok,0.08963596399917151,0.061671220987349604,0.19954838899957394
1432,97.1445025009998,4.934489140999176,ok,0.10392955699990125,0.06114613925315616,0.19954424900060985
1433,97.17375249399993,4.905297896000775,ok,0.11688978300026065,0.060612581291140104,0.1995192499998666
1434,97.23104605499975,4.847711669999626,ok,0.09714504000021407,0.060133540544300076,0.19951508899976034
1435,97.40388032299961,4.90347967300022,ok,0.11798837300011655,0.060575576924045756,0.1995184170000357
1436,97.46068054499938,4.846810054999878,ok,0.10360407300049701,0.060040376088607766,0.19951942799980316
1437,97.4885474849998,4.819008777000818,ok,0.11320609800077364,0.05956691916454946,0.19951943999967625
1438,97.51772139099921,4.789003464000416,ok,0.08397574900027394,0.059556893063294224,0.1996733559999484
1439,97.66170874599993,4.873951988000044,ok,0.09051347700005863,0.06054951955695886,0.19951850899997225
1440,97.71983533899947,4.8871333479992245,ok,0.11190358299973013,0.06044562508860865,0.19951749200026825
1441,98.02944742199998,4.999059705000036,ok,0.09938466700077697,0.06202083593670747,0.19952008500058582
1442,98.11533137399965,4.94951901100012,ok,0.09116972399988299,0.061497683341776445,0.1996764269997584
1443,98.2307422849999,4.907553256999563,ok,0.09276014999977633,0.06094634998734813,0.19967855000049894
1444,98.31740602099944,4.8581149400006325,ok,0.08359571700020751,0.060436598594939904,0.19967938699937804
1445,98.5467726779998,4.846614004000003,ok,0.11433996400046453,0.05990184611392245,0.19968105699990701
1446,98.63243958399926,4.798877447999985,ok,0.11191217699979461,0.059328289632906525,0.19968149199939944
1447,98.69035149999945,4.741072840000015,ok,0.09094022600038443,0.05886223554430044,0.19951112899980217
1448,98.74759424199965,4.720384684999772,ok,0.11552832199959084,0.05828898917721583,0.19950352900013968
1449,99.00041889599925,4.6975058540001555,ok,0.09112022800036357,0.05830833617720957,0.19958812100048817
1450,99.05970043599973,4.719636724999873,ok,0.11703661100000318,0.058260228379747536,0.19958839799983252
1451,99.1158239489996,4.663904879000256,ok,0.09665796700028295,0.05781298025316044,0.19955681400006142
1452,99.17448493499978,4.684802978999869,ok,0.12348384199958673,0.05773789010126615,0.19958710999981122
1453,99.23172479599998,4.627712635000535,ok,0.10832610900069994,0.05720724267087727,0.19958809499985364
1454,99.2872117879997,4.572159741999712,ok,0.08899621699947602,0.05674869336709452,0.19958770999983244
1455,99.37329296600001,4.559676578000108,ok,0.08742442899983871,0.05661050268354072,0.19956317800006218
1456,99.40343469099935,4.528756702000464,ok,0.09398330900057772,0.056135927784809976,0.19959173799998098
1457,99.4603165189992,4.510385220999524,ok,0.12241586899926915,0.055543672569623184,0.1995941409995794
1458,99.48942689599971,4.480758986000183,ok,0.09325725600047008,0.0555377360253168,0.1995848839997052
1459,99.51767951799957,4.4526613609996275,ok,0.10645780100003321,0.055015026063290264,0.1995874960002766
1460,99.57554806399912,4.394247602999712,ok,0.08522182599972439,0.05454421265822711,0.1995871420003823
1461,99.63237552499959,4.376902039000015,ok,0.10653232900040166,0.05405495045568939,0.19958723099989584
1462,99.77716277999934,4.426580811000349,ok,0.12271145100021386,0.054478840341773,0.19958865100034018
1463,99.80420799199965,4.399666160000379,ok,0.0957315040004687,0.05447979945569663,0.1995885169999383
1464,99.83386571399933,4.370604861999709,ok,0.10352469500048755,0.05401322202531538,0.1995884460002344
1465,100.14508645899969,4.48554293000052,ok,0.09567601900016598,0.055566984455702975,0.1996113619998141
1466,100.17349449599988,4.457584861999749,ok,0.1043990730004225,0.055103157253154365,0.1996111890002794
1467,100.31654781599991,4.502258546000121,ok,0.1193786750000072,0.0554792077341805,0.19966708900028607
1468,100.37369205699997,4.444416530000126,ok,0.09926705199995922,0.0550015570632908,0.19961144400076591
1469,100.5181531069993,4.453763743999843,ok,0.1136072930003138,0.05493813041771951,0.19960998599981394
1470,100.54719602599926,4.425333477999629,ok,0.12157079999997222,0.054477587924051066,0.1996045599998979
1471,100.63295786199978,4.376604256999599,ok,0.11957691699990391,0.05388600501265512,0.16187576999982412
1472,100.69099602699953,4.318785656000728,ok,0.10436207800012198,0.05334675032911405,0.11908766600026865
1473,100.72003408899945,4.28990917900046,ok,0.1171439019999525,0.05281947578482053,0.1189386870000817
1474,100.77677861999928,4.232426281999324,ok,0.09680530399964482,0.05234910879747226,0.1191125479999755
1475,101.08650354999918,4.02128582899968,ok,0.08799091899982159,0.04978801829113337,0.11911107700052526
1476,101.23191828399922,3.9250063800000135,ok,0.10805037499994796,0.0483155168354481,0.11884322399964731
1477,101.28811794799913,3.868582459999743,ok,0.08798892000049818,0.047855080936700045,0.11883859499994287
1478,101.34517308699924,3.8271388909997768,ok,0.10953214899927843,0.047058013075957784,0.1188430040001549
1479,101.60416892799913,3.874575894999907,ok,0.10615306900035648,0.04770121158228132,0.14644141000007949
1480,101.72055883199937,3.789808370999708,ok,0.10204121699916868,0.04668024825317429,0.14648681900052907
1481,101.80518851399938,3.7208838339993235,ok,0.09404323199942155,0.04590907137974717,0.14648457200019038
1482,102.11570512799972,3.580151589999332,ok,0.11137485800009017,0.043908179670877505,0.1466429230003996
1483,102.14496358399992,3.551306319000105,ok,0.11794987699977355,0.04345996272152235,0.14646847899985005
1484,102.23028268999951,3.521435184999973,ok,0.10952743200050463,0.04318839159493074,0.14644375199986825
1485,102.3460243619993,3.5222176939996643,ok,0.11017827799969382,0.04318994540505939,0.1466213150006297
1486,102.37512402799985,3.4932146199998897,ok,0.11686858800021582,0.042738192253164935,0.14659877800022514
1487,102.40270623599918,3.4662930140002572,ok,0.08932343800006493,0.04274619779747049,0.14648978600052942
1488,102.48844999999983,3.3984327839998514,ok,0.08024456400016788,0.04200198059492944,0.14677477799978078
1489,102.57591276399944,3.3427504410001347,ok,0.104570247999618,0.04098930830379594,0.14652071400087152
1490,102.69070110999928,3.2600510659995052,ok,0.10661486899971351,0.039916591746837586,0.1464516280002499
1491,102.74746204099938,3.203667905000657,ok,0.08598534500015376,0.03946410181013078,0.14643794600033289
1492,102.80453250699975,3.161858938000478,ok,0.10734202100047696,0.038664473113926706,0.14643832000001566
1493,103.51740892599992,2.812375303000408,ok,0.09979407900027581,0.03433615718986863,0.14648953100004292
1494,103.63245482899947,2.85568981599954,ok,0.10029300799942575,0.03487808993671749,0.14643485399938072
1495,103.71975723399919,2.784180954000476,ok,0.0937411909999355,0.03405589575950101,0.14659544599999208
1496,103.80473627299943,2.754560756000501,ok,0.08831160600038857,0.03374965407594941,0.14659703899997112
1497,104.0299796069994,2.6494712949997847,ok,0.09831978500005789,0.03229267225316694,0.1465206519997082
1498,104.05891855499976,2.6212710970003172,ok,0.1058000830007586,0.0318411447721436,0.14662230200065096
1499,104.17494868099948,2.6231417019998844,ok,0.1051567590002378,0.03187257467088554,0.14656246499998815
1500,104.28732597499948,2.542010205999759,ok,0.10733115199946042,0.030818359734186306,0.14656469599958655
1501,104.40290173899939,2.4580226059997585,ok,0.11157490699952177,0.029701539189876645,0.1465983119996963
1502,104.46116342499954,2.399853941999936,ok,0.08928511900012381,0.029247507481009453,0.14659917500011943
1503,104.5756822659996,2.3161519509994832,ok,0.08968456699949456,0.028182784215195045,0.14660094899954856
1504,104.66201159399952,2.245410307000384,ok,0.08149013999991439,0.027391070911395633,0.14662102500005858
1505,104.80414979099987,2.149392913000156,ok,0.0922342909998406,0.026039606556959013,0.14652156900046975
1506,105.17410646999997,2.068854564000503,ok,0.06975145300020813,0.025304756012655496,0.14652333399953932
1507,105.26011616399956,2.072320991000197,ok,0.11228062999998656,0.024810402987343338,0.10702318500079855
1508,105.28778628099917,2.043981955000163,ok,0.1272790900002292,0.02426166225316742,0.10438803000033658
1509,105.3470582889995,1.984815661000539,ok,0.11032258000068396,0.023727546822774916,0.10439157699966017
1510,105.40264566299993,1.9292910519998259,ok,0.057742011999835086,0.0236903072151983,0.10458196899980976
1511,105.51720013399972,1.9722080930005177,ok,0.06552694800029712,0.024134813594933295,0.10458356699928117
1512,105.69063525399997,1.9127920969995102,ok,0.06257913899935375,0.02342009060759688,0.10458402200038108
1513,105.74732987299922,1.8705129399995712,ok,0.06315027300024667,0.022877676088602486,0.10458625800038135
1514,105.80499301099917,1.8270050949995493,ok,0.06534128800012695,0.02229925055695575,0.10457835200031695
1515,106.05825608299983,1.9480907549996118,ok,0.07311071200001606,0.0237334029367002,0.10457466599928011
1516,106.17396352399919,1.8905176900007064,ok,0.06053115600025194,0.02316402400000571,0.10461293800017302
1517,106.31705188899923,1.93067469000016,ok,0.10764054700030101,0.023076132670879976,0.10185589199954848
1518,106.37340167000002,1.8738323949992264,ok,0.09362302599947725,0.02253388232911445,0.10196958800042921
1519,106.40358891300002,1.8441911130003064,ok,0.0667535480006336,0.022499015151891087,0.10185904999980266
1520,106.48906547099978,1.8013929389999248,ok,0.07156290400052967,0.021896286227838804,0.10187963299995317
1521,106.6045097339993,1.7575808890005646,ok,0.1152236610005275,0.020788953265822138,0.06251995999991777
1522,106.66141165499994,1.7007490360001611,ok,0.09992681800031278,0.020263353088610735,0.059386875000200234
1523,106.69069977899926,1.6715563890002159,ok,0.07421647800038045,0.020219297835439326,0.05947052000010444
1524,107.14471809099996,1.8369125200006238,ok,0.06620316699991236,0.022413172683547047,0.09964496199972928
1525,107.23069147699971,1.835978989999603,ok,0.06797558899961587,0.022379373658231654,0.09971425599997019
1526,107.34602964699934,1.8369507990000784,ok,0.10813794900059293,0.021883360303796,0.09971475099973759
1527,107.37429345799956,1.8087580689998504,ok,0.08275626100021327,0.023013148653323393,0.17064412600029755
1528,107.6620606409997,1.8835991440000726,ok,0.10512909299995954,0.0225119594050612,0.09972913900037383
1529,107.6902193449996,1.8547364079995532,ok,0.0800746059994708,0.022463659468358637,0.09964973400019517
1530,107.77648658099952,1.7978921909998462,ok,0.10182769099992584,0.021468816329120906,0.09953644300003361
1531,107.80449290399974,1.769996443999844,ok,0.0767263190000449,0.021433599544310063,0.09953622500052006
1532,108.10027798599913,1.743585267000526,ok,0.061027359000036085,0.02129778226582305,0.09965087799992034
1533,108.16751477799971,1.7048007080002208,ok,0.062690572000065,0.021325593220778986,0.09967202999996516
1534,108.43410009599938,1.66303361700011,ok,0.06701239500034717,0.02020243337974995,0.099710929000139
1535,108.50077157799933,1.6253306970002086,ok,0.10767460800070694,0.01921046906328586,0.06175453000014386
1536,108.53423372399993,1.5919403139996575,ok,0.1158434760000091,0.018684563835438296,0.0617533500007994
1537,108.60029421799936,1.5260659639998266,ok,0.05264906499996869,0.018650647000004603,0.061796128999958455
1538,108.7004116979997,1.4945593660004306,ok,0.10773004600014247,0.01755446073418136,0.06178724399978819
1539,108.73409728399929,1.4609368169994923,ok,0.0768435429999954,0.017975036207786475,0.061785234000126366
1540,109.00095803499971,1.5281035380003232,ok,0.06733364499996242,0.018490338746842905,0.09921648900035507
1541,109.10030813100002,1.4846567039994625,ok,0.06688111299990851,0.018903236199997384,0.09921831100018608
1542,109.30025082699922,1.4804404279993832,ok,0.06551834399942891,0.017909996873422183,0.09924471500016807
1543,109.36797192499944,1.4406901900001685,ok,0.11066109399962443,0.017272857428575993,0.09925334899980953
1544,109.40114214799996,1.4074164140001812,ok,0.08066926300034538,0.016793791037965588,0.09921667700018588
1545,109.63405694799985,1.3415879889998905,ok,0.06678249599917763,0.01613637037974778,0.09932805900007224
1546,110.23362036299932,1.7280308280005556,ok,0.11078857099982997,0.020471060088611114,0.10273443099958968
1547,110.26846567599932,1.6932619210001576,ok,0.11713855499965575,0.022198695577469448,0.12687213500066719
1548,110.334013787,1.6277695259996108,ok,0.05438793299981626,0.01991604277215249,0.10268530400026066
1549,110.66817743699994,1.7695948110003883,ok,0.0701403590001064,0.021511688316457344,0.10244525800044357
1550,111.03410597199945,1.8150140769994323,ok,0.10632298499967874,0.02162876934176847,0.05950854500042624
1551,111.06793181399917,1.7807149319996824,ok,0.11524038999959885,0.021081479860761566,0.05891005500052415
1552,111.13448683399929,1.7143407719995594,ok,0.05154597199998534,0.021047826898729565,0.05895534400042379
1553,111.20113774299989,1.6890025129996502,ok,0.06875868499992066,0.021041759064931508,0.08184149200042157
1554,111.26757217299928,1.650595181999961,ok,0.10956789499959996,0.019506252468355467,0.05879697499949543
1555,111.30081217099996,1.6179247239997494,ok,0.07929987699935737,0.019475971683554052,0.05895002800025395
1556,111.43400831899999,1.5683657399995354,ok,0.11263433699969028,0.01842677931646121,0.05512617600015801
1557,111.46816757099987,1.534138062999773,ok,0.08146708900039812,0.01838793024050079,0.055126451999967685
1558,111.63398735499959,1.5219702459999098,ok,0.06934081300005346,0.018387345999996533,0.055132606999904965
1559,111.80113643999994,1.5650448609994783,ok,0.07318503299939039,0.019374432935069602,0.12319774600018718
1560,112.00203600399982,1.6030946190003306,ok,0.06907901700014918,0.01941755403797426,0.05960499799948593
1561,112.07933451199915,1.5538031670002965,ok,0.061555924999993294,0.018888820949369008,0.05960367900024721
1562,112.1590397279997,1.5584317700004249,ok,0.06596160899971437,0.018891649481022947,0.05975506100003258
1563,112.27801565899972,1.5092331690002538,ok,0.06013276600060635,0.018342667860751238,0.0596763909998117
1564,112.55407498599925,1.469892234999861,ok,0.06680476200017438,0.01776020732911634,0.05967160599993804
1565,112.63242236799942,1.4333024730003672,ok,0.07231308500013256,0.01814607339999687,0.059670524000466685
1566,113.0017083419998,1.5968000099992423,ok,0.06930967499920371,0.0193349865696199,0.10128217700003006
1567,113.15826393099996,1.5516828250001709,ok,0.06629541799975414,0.019290331415587305,0.12787689400011004
1568,113.2772424299992,1.5030041720001464,ok,0.05978726299963455,0.018268193772154852,0.10129377099929116
1569,113.39528474899998,1.469223021000289,ok,0.10813804099961999,0.0176760059999982,0.10124711400021624
1570,113.43430488499962,1.430533712000397,ok,0.07204935400022805,0.017195721544305365,0.10124424599962367
1571,113.6335743589998,1.3832705710001392,ok,0.0689131669996641,0.017524372426669287,0.10129274700011592
1572,114.08013417499933,1.5088596679997863,ok,0.06890079200002219,0.01822699341771769,0.10124225500021566
1573,114.159254573,1.4582035030007319,ok,0.09807561000070564,0.017216452341765748,0.05984660800004349
1574,114.19801991799977,1.4198334939992492,ok,0.10162639600002876,0.016685913443037447,0.05600834200049576
1575,114.2373034659995,1.380227045000538,ok,0.06549572100084333,0.017074232246749806,0.05597409799975139
1576,114.31746182799998,1.3409471939994546,ok,0.06926280700008647,0.016096949860760025,0.05597896200015384
1577,115.04823748999934,1.331872206999833,ok,0.06542743599948153,0.016030499455696314,0.0560039849997338
1578,115.14369849599916,1.2915170179994675,ok,0.06669672799944237,0.015503687670895454,0.05597447000036482
1579,115.33413788399957,1.2945547859999351,ok,0.07368327800031693,0.016277931240001636,0.08092704400041839
1580,115.47774766199927,1.2896922170002654,ok,0.0687210080004661,0.015454983569621687,0.0540516139999454
1581,116.0004061869995,1.2919532380001328,ok,0.07320128700030182,0.016249581373328208,0.05366407800011075
1582,116.52468534299987,1.3231718980005098,ok,0.06274005500017665,0.015954484443037598,0.053674316000069666
1583,116.619708919,1.2834977390002678,ok,0.06490774000030797,0.015424825481008894,0.05367604399998527
1584,117.19128588799958,1.4469815889997335,ok,0.059943403999568545,0.01755704898733953,0.058767949999491975
1585,117.47667910099972,1.4576956869996138,ok,0.06498158199974569,0.017628928696202695,0.05888459500056342
1586,117.57298598199941,1.4166293959997347,ok,0.06570615100008581,0.01709954817720878,0.058835935999923095
1587,118.04864177699983,1.4130071080007838,ok,0.061678965000282915,0.018017300533332066,0.08287133399971935
1588,118.14379485399968,1.4234780759998102,ok,0.06300670299970079,0.017220799974686226,0.06359204500040505
1589,118.42932090199974,1.3891095179997137,ok,0.11066735299937136,0.016182595443038,0.06374368599972513
1590,118.476349175,1.3419972869996855,ok,0.06662540899924352,0.01614336303798235,0.06375278599989542
1591,118.57301007299975,1.3003632359996118,ok,0.10668002500005969,0.015109527481008281,0.06380355799956305
1592,118.61977767399912,1.2536665059997176,ok,0.0631512069994642,0.01506959144303955,0.06381461099954322
1593,119.39005351699961,1.3418845469996086,ok,0.11773646299934626,0.015495322506329194,0.05406393700013723
1594,119.44495854999968,1.2867784960008066,ok,0.06639082400033658,0.015447569265821193,0.054056572999797936
1595,120.11204947999977,1.366358670000409,ok,0.0637184810002509,0.016488748696201008,0.05449920399951225
1596,120.22287142099958,1.3243069469999682,ok,0.06418704600037017,0.015950466772147027,0.05446504199971969
1597,120.44465037199916,1.282157675000235,ok,0.06408706700040057,0.016240526080000563,0.05440127600013511
1598,121.00025734999963,1.2379002600000604,ok,0.061956166000527446,0.014884961379744087,0.05459527199946024
1599,121.27906667199932,1.2331289220001054,ok,0.06011953100005485,0.014847844518988473,0.05448173400054657
1600,121.33430693699938,1.1941393109991623,ok,0.059642695999173156,0.014360326341778125,0.05447062900020683
1601,122.44500300399977,1.231339506999575,ok,0.06996220699966216,0.014700612151903476,0.05361480899955495
1602,123.00039981899954,1.282728889000282,ok,0.06895340800019767,0.015363794303798214,0.053671317000407726
1603,123.20018874999914,1.2350885739997466,ok,0.06186689700007264,0.014850545670878425,0.053671366999878956
1604,124.00021609099986,1.1904530940000768,ok,0.061811356999896816,0.014286201164556783,0.05335907400058204
1605,124.2008228249997,1.151940914000079,ok,0.0685778040005971,0.013713046367091102,0.01458139099941036
1606,125.60124282699962,1.1729118620005465,ok,0.0492637500001365,0.014222954569625391,0.054120165999847814
1607,125.80043737799951,1.1497720939996725,ok,0.06752186399990023,0.01442955206666132,0.0411396830004378
1608,134.20127559899993,1.1757562430002508,ok,0.04807557000003726,0.014274031202528677,0.053671495000344294
1609,134.80086565299916,1.2336251730002914,ok,0.06848991799961368,0.015131214259746265,0.05406806300015887
1610,135.6008423839994,1.1891679299997122,ok,0.060893398000189336,0.014281603822785689,0.054074243000286515
1611,135.8004255019996,1.1518065019999995,ok,0.06808889599960821,0.014844968589037706,0.04192161999981181
