idx,scheduled_t_rel_s,t_rel_s,latency_s,status,ttft_s,avg_tbt_s,worst_tbt_s,tokens_received,gen_chars,saw_done,finish_reason
0,0.0,0.011541927999132895,1.307953842000643,ok,0.06418475200007379,0.01574351796204345,0.024015464001422515,80,389,True,length
1,0.3999999999999999,0.4006418249991839,1.2792136389998632,ok,0.04719910000130767,0.015594778860759106,0.024386168999626534,80,411,True,length
2,1.0,1.0005701219997718,1.2918957630008663,ok,0.04907616499986034,0.015731562772146653,0.024351051999474294,80,455,True,length
3,1.2000000000000002,1.2013708989998122,1.299945201999435,ok,0.053819836999537074,0.015773339911395887,0.024391536000621272,80,404,True,length
4,1.4,1.4011114039985841,1.2933981450005376,ok,0.045161281999753555,0.015800090088604623,0.024352407001060783,80,340,True,length
5,1.7999999999999998,1.800312565999775,1.2962090499986516,ok,0.053363873999842326,0.015731834898717722,0.02440191200003028,80,325,True,length
6,2.111,2.111522466999304,1.2946614739994402,ok,0.05526374399960332,0.01568818831645653,0.024080111001239857,80,314,True,length
7,2.333,2.333503040999858,1.3105605470009323,ok,0.05733000600048399,0.01586329917720636,0.02398646700021345,80,455,True,length
8,2.5,2.5003407989988773,1.30029084600028,ok,0.05245579300026293,0.015795038746834012,0.02398708100008662,80,376,True,length
9,3.3810000000000002,3.3829348789986398,1.3578123759998562,ok,0.05755493000106071,0.016458554569608975,0.02503094100029557,80,394,True,length
10,3.476,3.4768036249988654,1.3459054510003625,ok,0.04629291200035368,0.01645044039241263,0.024960319000456366,80,402,True,length
11,3.524,3.524322213999767,1.3475333219994354,ok,0.050671564998992835,0.016415622392419726,0.024966001999928267,80,412,True,length
12,3.572,3.5727457989996765,1.3478307950008457,ok,0.05372197200085793,0.016380796898743086,0.024960856999314274,80,480,True,length
13,4.0,4.000944026998695,1.373168745998555,ok,0.05193971599874203,0.016724080493675707,0.024961603001429467,80,402,True,length
14,4.039,4.039707249999992,1.3670572199989692,ok,0.04929551199893467,0.016680184164560838,0.024913881001339178,80,431,True,length
15,4.079,4.079752955998629,1.3607723859986436,ok,0.04558927099969878,0.01664736396201136,0.024962260999018326,80,418,True,length
16,4.237,4.237223543999789,1.3668111389997648,ok,0.04857046599863679,0.016686199708866423,0.02503339299983054,80,603,True,length
17,4.316,4.316548663999129,1.3685797159996582,ok,0.05333780699947965,0.01664831327848966,0.02496229600001243,80,341,True,length
18,4.395,4.395764486998814,1.3758830730002956,ok,0.05753293800080428,0.016687653746827628,0.024926656000388903,80,352,True,length
19,4.513,4.514081896999414,1.3668827049987158,ok,0.05492353899899172,0.016606741607609343,0.024877468998965924,80,389,True,length
20,4.553,4.5536241339996195,1.3599477920015488,ok,0.05230197700075223,0.016552089075946554,0.024876524999854155,80,593,True,length
21,4.632,4.632420578000165,1.3603666260005411,ok,0.059371874000134994,0.016467951708859167,0.024878670999896713,80,379,True,length
22,5.033,5.033805589999247,1.3512252159998752,ok,0.04742268599875388,0.016503461430389346,0.024652332000187016,80,583,True,length
23,5.133,5.133782834000158,1.3508084419991064,ok,0.04782710099971155,0.01649306917720481,0.0246353190013906,80,593,True,length
24,5.2,5.200747439999759,1.347572663000392,ok,0.049286239000139176,0.016433655367097656,0.02436079800099833,80,333,True,length
25,5.267,5.267307639998762,1.3446878190006828,ok,0.05162336600005801,0.01636755988607846,0.02464116500050295,80,367,True,length
26,5.3,5.300457227000152,1.3445451210009196,ok,0.055791316999602714,0.016313042139250982,0.02464522999980545,80,305,True,length
27,5.467,5.467284157999529,1.344765149999148,ok,0.05600122999931045,0.016313105430388625,0.024643696000566706,80,372,True,length
28,5.733,5.733332642999812,1.3340636859993538,ok,0.05120537000038894,0.016237924911377065,0.024418375000095693,80,394,True,length
29,6.115,6.115791165999326,1.341522602000623,ok,0.0531643169997551,0.016307923050647596,0.024192516000766773,80,417,True,length
30,6.173,6.173429435999424,1.3318911130008928,ok,0.04733631599992805,0.016259670037977195,0.02422818400009419,80,380,True,length
31,6.201,6.203026539998973,1.3390474250008992,ok,0.05428817500069272,0.0162624601265795,0.024228888998550246,80,586,True,length
32,6.431,6.43108186399877,1.3555250580011489,ok,0.053610411001500324,0.016479614392388795,0.02657426000041596,80,475,True,length
33,6.632,6.632669451999391,1.3503130939989205,ok,0.0552011620002304,0.01639347643036741,0.02657705999990867,80,480,True,length
34,6.661,6.661225746000127,1.338773597999534,ok,0.04033585300021514,0.01643560346834604,0.026605338000081247,80,586,True,length
35,6.833,6.833336697998675,1.3536626099994464,ok,0.045773296000334085,0.016555218240498534,0.026574162000542856,80,417,True,length
36,7.173,7.173613670998748,1.3980548569998064,ok,0.053946977999657975,0.01701357921519036,0.026606893999996828,80,404,True,length
37,7.345000000000001,7.3459876449996955,1.4252197710011387,ok,0.05950327400023525,0.017287106582282635,0.026733036000223365,80,305,True,length
38,7.401999999999999,7.402653760998874,1.4274193109995394,ok,0.05475078600102279,0.017375230696185857,0.026775586999065126,80,604,True,length
39,7.4879999999999995,7.488485088999369,1.4260433469989948,ok,0.0535177499987185,0.017373409000010956,0.026732188000096357,80,341,True,length
40,7.545999999999999,7.546332551999512,1.4207466980005847,ok,0.047537225000269245,0.01738209332912056,0.027049440001064795,80,505,True,length
41,7.574999999999999,7.575892828999713,1.4247106399998302,ok,0.05457753600057913,0.017343144430371837,0.027043064001190942,80,399,True,length
42,7.661,7.661129215999608,1.4261553140004253,ok,0.05327787800160877,0.01737781153163188,0.027216730999498395,80,404,True,length
43,7.718999999999999,7.7200071179995575,1.4240615899998375,ok,0.04796295199957967,0.017418606784821915,0.02723535499899299,80,418,True,length
44,7.776,7.776263603998814,1.430084342000555,ok,0.046508195000569685,0.017513137189861125,0.026754072001494933,80,368,True,length
45,8.025,8.026081649999469,1.478438610000012,ok,0.0587629060009931,0.017970261000001198,0.027046792998589808,80,593,True,length
46,8.101,8.101908107999407,1.4848606129999098,ok,0.05145458500010136,0.018144055151907784,0.027051237999330624,80,333,True,length
47,8.202,8.20277702599924,1.4863030599990452,ok,0.05217386799995438,0.01815316312657367,0.026741748999484116,80,426,True,length
48,8.278,8.27828182399935,1.4813548010006343,ok,0.05181820899997547,0.018095067037980306,0.026751438999781385,80,415,True,length
49,8.303,8.303320127999541,1.4753563790000044,ok,0.040695424999285024,0.018159952658238523,0.027033955999286263,80,379,True,length
50,8.328,8.33027819400013,1.4845588079988374,ok,0.05696660099965811,0.018070446405061696,0.027053547000832623,80,410,True,length
51,8.353,8.35431269199944,1.4787349620000896,ok,0.046618550000857795,0.018127756645563875,0.026731317999292514,80,360,True,length
52,8.454,8.454848756999127,1.4820083320009871,ok,0.04717221800092375,0.018162082746820938,0.026733517001048313,80,313,True,length
53,8.554,8.5545854159991,1.4862974000006943,ok,0.05466973200054781,0.018121352063287844,0.026731747999292566,80,337,True,length
54,8.63,8.630588391999481,1.4906715369997983,ok,0.057187561000318965,0.018145088632910658,0.026020457999038626,80,346,True,length
55,8.655,8.656775528999788,1.48432038700048,ok,0.04507021000063105,0.018218067189864778,0.026044734999231878,80,325,True,length
56,8.781,8.78219958399859,1.502866222999728,ok,0.06248176400004013,0.018705886922066678,0.05407609699977911,78,326,True,length
57,9.0,9.000766318999013,1.5184586079994915,ok,0.05252012399978412,0.01855585593670806,0.026068520000990247,80,401,True,length
58,9.067,9.067714556000283,1.5280539200011845,ok,0.062327330000698566,0.018553167367078655,0.02615899000011268,80,341,True,length
59,9.09,9.090720505999343,1.5243902479996905,ok,0.05394872999931977,0.01861289426583253,0.026208860999759054,80,480,True,length
60,9.135,9.135290696000084,1.512615232000826,ok,0.0519896060013707,0.01848862483543771,0.026208799999949406,80,345,True,length
61,9.157,9.15902543700031,1.5074453140005062,ok,0.04742555099983292,0.018480949898730614,0.026204802001302596,80,394,True,length
62,9.179,9.179282045999571,1.5050444829994376,ok,0.04073806599990348,0.018535030189865857,0.026063442999657127,80,400,True,length
63,9.224,9.22435641300035,1.5203039170010015,ok,0.05809765400044853,0.01850861975949153,0.02663936799945077,80,604,True,length
64,9.247,9.247761204000199,1.516319972999554,ok,0.056459890000041923,0.018478936848093982,0.026987912999175023,80,480,True,length
65,9.269,9.269814572999167,1.5099773870006175,ok,0.04772894800044014,0.018509179075961214,0.026690348000556696,80,417,True,length
66,9.359,9.361146105999069,1.5266840549993503,ok,0.06899151699872164,0.018451351607595076,0.026906109000265133,80,438,True,length
67,9.381,9.382705025998803,1.5247563800003263,ok,0.06713178199970571,0.018450642012667922,0.026687384999604546,80,422,True,length
68,9.404,9.404788366999128,1.5279919860004156,ok,0.058655192000514944,0.018598904354434977,0.026684413000111817,80,412,True,length
69,9.449,9.450076522000018,1.514949816999433,ok,0.054750835999584524,0.0184832316202729,0.02699331700023322,80,452,True,length
70,9.494,9.49430268299875,1.5068277310001577,ok,0.050237004999871715,0.018437541088616533,0.026994973999535432,80,460,True,length
71,9.538,9.53912122499969,1.5145104430011997,ok,0.06260250100058329,0.018378264987335614,0.026689100999647053,80,404,True,length
72,10.04,10.041029752999748,1.5526804720011569,ok,0.060457210000095074,0.018888560772153788,0.02663436400143837,80,404,True,length
73,10.061,10.062016579999181,1.5466043739997986,ok,0.058424562001164304,0.01883727786075206,0.02649007899890421,80,401,True,length
74,10.081,10.082221880998986,1.5462016749988834,ok,0.058755560999998124,0.0188281565063139,0.02669411500028218,80,369,True,length
75,10.101,10.101767542999369,1.5461288970000169,ok,0.06065614799990726,0.018803192417733584,0.026981190001606592,80,585,True,length
76,10.121,10.12149421399954,1.5448233780007286,ok,0.0624672690009902,0.018763612227844475,0.026635172000169405,80,367,True,length
77,10.141,10.141200025998842,1.5494897730004595,ok,0.056124839999029064,0.0189030747974875,0.026680756000132533,80,410,True,length
78,10.303,10.303231084999425,1.553357323000455,ok,0.054184230999453575,0.018976552582277196,0.026634305000698077,80,425,True,length
79,10.343,10.34408311199877,1.5500970819994109,ok,0.05188788899977226,0.018964367000011452,0.02699128899985226,80,480,True,length
80,10.383,10.383463360998576,1.5465120250009932,ok,0.059632611000779434,0.018820955025309755,0.026692414001445286,80,426,True,length
81,10.404,10.404174708999562,1.5446803539998655,ok,0.0583268099999259,0.01881429844305083,0.02699652299997979,80,318,True,length
82,10.424,10.42436454000017,1.541838254999675,ok,0.05427874000088195,0.018829558645560195,0.027292350001516752,80,432,True,length
83,10.464,10.464675204999367,1.5375775740012614,ok,0.054305966001265915,0.01877527208860188,0.026637032999133226,80,418,True,length
84,10.546,10.546430021999186,1.5511182099999132,ok,0.06860930600123538,0.018765615316451774,0.026692785999330226,80,318,True,length
85,10.566,10.56724295299864,1.5489104270000098,ok,0.061181987000964,0.018831701556958746,0.02668623599856801,80,418,True,length
86,10.707,10.707263680998949,1.5413583800000197,ok,0.056568857000456774,0.01879440113923091,0.02639600899965444,80,327,True,length
87,10.728,10.728409466999437,1.545116142000552,ok,0.05147441600092861,0.01890657044302166,0.026418536999699427,80,503,True,length
88,10.828,10.829724837998583,1.5569196290016407,ok,0.05914911800027767,0.01895879075949134,0.02641854799912835,80,432,True,length
89,10.889,10.89012433300013,1.5481747029989492,ok,0.05574533899925882,0.0188911804430466,0.026448638000147184,80,399,True,length
90,11.073,11.073406035999142,1.5588268829997105,ok,0.051339466001081746,0.019081724886066846,0.026473464000446256,80,410,True,length
91,11.129,11.129742375000205,1.5565466379994177,ok,0.05144026500056498,0.019051660974674874,0.026449106000654865,80,394,True,length
92,11.165,11.166217378999136,1.5625743599994166,ok,0.059575614001005306,0.019024991430365224,0.0264181960010319,80,381,True,length
93,11.184,11.184482144999492,1.560509617000207,ok,0.06178309000097215,0.01897093158227626,0.02641716499965696,80,369,True,length
94,11.202,11.20314107899867,1.5594975299991347,ok,0.056045379000352114,0.019030721126587713,0.02630511099960131,80,376,True,length
95,11.239,11.240053558998625,1.570193981000557,ok,0.060089473001426086,0.01911492870885347,0.02641787999891676,80,589,True,length
96,11.312,11.31261609899957,1.5832349289994454,ok,0.06854783199923986,0.019172929189867145,0.026419588999488042,80,431,True,length
97,11.331,11.333621542999026,1.5778076910009986,ok,0.06951958699937677,0.01909196394937473,0.02641897700050322,80,422,True,length
98,11.367,11.36799149899889,1.5678158270002314,ok,0.058016553999550524,0.0191110947848238,0.026418985000418616,80,432,True,length
99,11.386,11.386738760998924,1.5649675209988345,ok,0.05448303899902385,0.019119786367096086,0.026417656999910832,80,423,True,length
100,11.422,11.422427606999918,1.5649964259991975,ok,0.0595304889993713,0.019056236443029315,0.026418921999720624,80,404,True,length
101,11.551,11.551311530998646,1.5583971830001246,ok,0.05859026299913239,0.01898458839241357,0.026386625000668573,80,351,True,length
102,11.643,11.643775720000122,1.5682491429997754,ok,0.06819111499862629,0.01898772732912923,0.026136705000681104,80,469,True,length
103,11.661,11.66181979599969,1.5676558570012276,ok,0.06535969000105979,0.019016068063299113,0.02644674700059113,80,458,True,length
104,11.808,11.808438854999622,1.571196910999788,ok,0.06952788499984308,0.019008120582275065,0.026147189000766957,80,347,True,length
105,11.827,11.8291235279994,1.5690385200014134,ok,0.06495467500099039,0.019038739518979542,0.026149831001021084,80,410,True,length
106,12.017,12.017500173998997,1.5871025270007522,ok,0.06561316500119574,0.019259063860761073,0.02690693300064595,80,595,True,length
107,12.034,12.036210793999999,1.5898450240001694,ok,0.06121256000005815,0.019349498126596504,0.026950129000397283,80,252,True,length
108,12.135,12.135332837999158,1.5869138140005816,ok,0.05365993600025831,0.01940793151898336,0.026946633999614278,80,339,True,length
109,12.169,12.170014504999926,1.6001877329999843,ok,0.06487680799909867,0.01943394220253612,0.02690735299984226,80,367,True,length
110,12.185,12.18604697199953,1.600597917999039,ok,0.06277530399893294,0.019465708556973493,0.026952618998620892,80,401,True,length
111,12.236,12.237110355999903,1.5910050279999268,ok,0.049241783999605104,0.019515657582285458,0.02691247199982172,80,480,True,length
112,12.27,12.270160916999885,1.592631606001305,ok,0.05645659000037995,0.019444909164547747,0.026900995000687544,80,458,True,length
113,12.337,12.338135787998908,1.6124134519996005,ok,0.06369911399997363,0.019603628189876952,0.026902002000497305,80,465,True,length
114,12.438,12.438660923999123,1.5981738979990041,ok,0.05699838299915427,0.019508205746839122,0.026954081000440056,80,434,True,length
115,12.472,12.47376129300028,1.5985620629999175,ok,0.06611651499952131,0.019397713405068535,0.026950368999678176,80,346,True,length
116,12.488,12.488289812999938,1.6019898270005797,ok,0.06762988999980735,0.01942196198735151,0.026903375999609125,80,593,True,length
117,12.555,12.556293841000297,1.594099219999407,ok,0.05821132600067358,0.01944104711392241,0.02670644399950106,80,432,True,length
118,12.69,12.690798244999314,1.5887185869996756,ok,0.0547448710003664,0.019417080999994164,0.027229430999796023,80,453,True,length
119,12.74,12.741089748999002,1.6024041830005444,ok,0.06906694200006314,0.019408998493659804,0.027202476001548348,80,367,True,length
120,12.774,12.775005534998854,1.5836136839989194,ok,0.04992650999884063,0.0194134252151919,0.027263522999419365,80,475,True,length
121,12.808,12.808814520998567,1.5923634190003213,ok,0.06407972600027279,0.019345058594935145,0.02720230500017351,80,587,True,length
122,12.825,12.826200105999305,1.5974449110017304,ok,0.06986068000151135,0.01933632556961417,0.027547339999728138,80,412,True,length
123,12.842,12.842873757999769,1.580585538999003,ok,0.05308237099961843,0.0193351771518976,0.027220226998906583,80,325,True,length
124,12.858,12.858576069000264,1.5806444310001098,ok,0.05249162200016144,0.019343337582264395,0.027203761999771814,80,347,True,length
125,12.892,12.892424653999115,1.5843001020002703,ok,0.05924149699967529,0.019304213151913188,0.02719853599955968,80,345,True,length
126,13.084,13.084292502999233,1.6142241500001546,ok,0.07005565100007516,0.01954612197467996,0.027202069000850315,80,383,True,length
127,13.101,13.101992324000094,1.613018813999588,ok,0.07495048099917767,0.019468909594931423,0.02733826800067618,80,480,True,length
128,13.118,13.119927956999163,1.5951297939991491,ok,0.0570290899995598,0.01946943826582747,0.027331332999892766,80,365,True,length
129,13.135,13.135842982999748,1.597895630999119,ok,0.05735165300029621,0.019500262949367412,0.027197987999898032,80,591,True,length
130,13.286,13.28697941199971,1.6181679780002014,ok,0.05914492000010796,0.019734115860760366,0.027539165999769466,80,417,True,length
131,13.303,13.303365191999546,1.6241666679998161,ok,0.057405366000239155,0.02034722468830863,0.050383345000227564,78,326,True,length
132,13.388,13.390004474000307,1.6359203219999472,ok,0.06698375999985728,0.01985976841772558,0.02720413700080826,80,505,True,length
133,13.404,13.404654227999345,1.6211258950006595,ok,0.051287476999277715,0.01987098955695832,0.027203122999708285,80,325,True,length
134,13.438,13.438788385999942,1.6296403939995798,ok,0.06493172500086075,0.019806100265818312,0.02722055000049295,80,427,True,length
135,13.455,13.457362737999574,1.6294797780010413,ok,0.06299335100084136,0.01982875930378766,0.02722177699979511,80,325,True,length
136,13.472,13.472670113998902,1.61409358399942,ok,0.04767315800017968,0.019827802417711596,0.027221258000281523,80,352,True,length
137,13.505,13.506037373999789,1.6237883349986078,ok,0.0553825480001251,0.019852863101260495,0.027262816000074963,80,454,True,length
138,13.555,13.555375395999363,1.6276629860003595,ok,0.07078783300130453,0.01970694956960156,0.02721869000015431,80,366,True,length
139,13.572,13.573669120998602,1.6289722350011289,ok,0.07427092299985816,0.02019060841558275,0.04969787399932102,78,310,True,length
140,13.589,13.58929161999913,1.612582060000932,ok,0.058581113000400364,0.0196706001265796,0.027201785998840933,80,480,True,length
141,13.606,13.606334492000315,1.6211721210001997,ok,0.05758386799971049,0.019791967569624,0.02720365999994101,80,346,True,length
142,13.656,13.656641339999624,1.6353883019983186,ok,0.06570809799995914,0.019869047493649546,0.027202164001209894,80,380,True,length
143,13.707,13.707634983999014,1.6227133920001506,ok,0.06221258299956389,0.019752848860777324,0.02722151899979508,80,346,True,length
144,13.724,13.724508608998804,1.6240748340005666,ok,0.06192506399929698,0.01977374863291297,0.02720386500004679,80,344,True,length
145,13.774,13.774483454999427,1.621617263999724,ok,0.053534775999651174,0.019848846721518536,0.02755047100072261,80,347,True,length
146,13.842,13.843822120999903,1.620532128999912,ok,0.06017968199921597,0.01975099689873706,0.027220322999710334,80,381,True,length
147,13.892,13.892495087999123,1.6140465779990336,ok,0.058525388998532435,0.019689826962026535,0.027328198999384767,80,346,True,length
148,13.909,13.909407212999213,1.6213804319995688,ok,0.05731527199895936,0.019797981898729538,0.02720409399989876,80,504,True,length
149,14.109,14.110078749999957,1.6422123449992796,ok,0.0557957949986303,0.020080872962030816,0.027204902000448783,80,432,True,length
150,14.233,14.235202836998724,1.6602500429999054,ok,0.06532945699837,0.0201885006075988,0.028244215000086115,80,298,True,length
151,14.249,14.25021293699865,1.6675433680011338,ok,0.06837951600027736,0.020242268379753355,0.02800079999906302,80,358,True,length
152,14.264,14.265484966999793,1.651237977999699,ok,0.05297316900032456,0.02023090231645417,0.02800332000151684,80,469,True,length
153,14.295,14.296100580999337,1.6667696960012108,ok,0.06426346400076,0.02028459379747617,0.0278741660004016,80,305,True,length
154,14.357,14.358306692000042,1.6631480690011813,ok,0.06526964600016072,0.02022598131646456,0.028278337998926872,80,418,True,length
155,14.389,14.390035730999443,1.6489254669995717,ok,0.04931628700069268,0.020247911101250793,0.02800141499938036,80,504,True,length
156,14.528,14.528596549998838,1.6607644249997975,ok,0.05745810600092227,0.020294653430373497,0.027924988000449957,80,402,True,length
157,14.575,14.575801942999533,1.6555033959994034,ok,0.058060178000232554,0.020220517341760016,0.02800161699997261,80,426,True,length
158,14.59,14.590750456998649,1.6592822990005516,ok,0.06010459100070875,0.02024248263292008,0.027998032001050888,80,443,True,length
159,14.637,14.637347975998637,1.6551339000016014,ok,0.06165266500102007,0.020170323493667763,0.027858139999807463,80,589,True,length
160,14.653,14.653234894998604,1.6643682800004171,ok,0.06136128599973745,0.020290839316450867,0.028003735998936463,80,415,True,length
161,14.715,14.715203652000127,1.66049285400004,ok,0.060473465999166365,0.020253076151894225,0.027999982999972417,80,325,True,length
162,14.761,14.76196397899912,1.6517602790008823,ok,0.06121408500075631,0.020133207189856773,0.028001489999951445,80,376,True,length
163,14.777,14.777235415998803,1.6625829439999507,ok,0.06262047899872414,0.020252397898730123,0.027856255999722634,80,395,True,length
164,14.823,14.823738003999097,1.661809789000472,ok,0.05510669599971152,0.02033766360760131,0.02785575300003984,80,327,True,length
165,14.854,14.855078489999869,1.6680646530003287,ok,0.07169415799944545,0.020206892354427866,0.0279999169997609,80,431,True,length
166,14.87,14.870467845999883,1.6722804679993715,ok,0.08285366499876545,0.020119153405083794,0.02785617299923615,80,505,True,length
167,14.886,14.886231712000153,1.6564209330008453,ok,0.06700676600121369,0.020118861797458566,0.027861784999913652,80,422,True,length
168,14.901,14.901252661999024,1.6587543189998541,ok,0.07131416799893486,0.0200938785949376,0.02799696399961249,80,404,True,length
169,14.917,14.91786783399948,1.6682211919996917,ok,0.07212158400034241,0.020203528379734284,0.027882013000635197,80,418,True,length
170,15.0,15.000319893999404,1.6701164650003193,ok,0.06829553799980204,0.02027589588606479,0.027855288000864675,80,348,True,length
171,15.072,15.07296544000019,1.66299669,ok,0.058024531999762985,0.02031571555696096,0.027653453000311856,80,423,True,length
172,15.087,15.08748509399993,1.664761592999639,ok,0.05947019499944872,0.020319849696211867,0.028002529999866965,80,594,True,length
173,15.187999999999999,15.189008700999693,1.6683975500000088,ok,0.06141096200008178,0.020341028240515778,0.028234520999831147,80,591,True,length
174,15.202000000000002,15.202983152999877,1.6769439760009845,ok,0.06395273599991924,0.0204172686582429,0.028271730001506512,80,404,True,length
175,15.216999999999999,15.217774022999947,1.662232586000755,ok,0.04918535600154428,0.02041812737974673,0.028277215000343858,80,360,True,length
176,15.245000000000001,15.245369018999554,1.6776043209993077,ok,0.06754478599941649,0.020380185569638918,0.028576241000337177,80,480,True,length
177,15.274000000000001,15.274317254999914,1.667955212000379,ok,0.055911158000526484,0.020405333265812318,0.028000120999422506,80,410,True,length
178,15.332,15.333071326000209,1.6686199300002045,ok,0.06217260300036287,0.02033444912657488,0.028002048999042017,80,312,True,length
179,15.361,15.361455402999127,1.661217717000909,ok,0.05058498300059,0.020387434088603832,0.02800000900060695,80,417,True,length
180,15.448,15.448300906999066,1.6733156939990295,ok,0.05752662699887878,0.02045269958228035,0.02800212199872476,80,408,True,length
181,15.489999999999998,15.49044177900032,1.6741512560001865,ok,0.062444694000078016,0.020401053822786685,0.028002000000924454,80,402,True,length
182,15.504999999999999,15.506633932998739,1.6804943360002653,ok,0.06956847899891727,0.02039128311392958,0.0282756030010205,80,586,True,length
183,15.518999999999998,15.519276584000181,1.6676025110009505,ok,0.056710016000579344,0.020390763075957243,0.028001327998936176,80,438,True,length
184,15.533000000000001,15.5337143809993,1.6758227620011894,ok,0.05954018100055691,0.02045900465821467,0.027857622000738047,80,432,True,length
185,15.663,15.663265932998911,1.69415240699891,ok,0.06409596299999976,0.020633248088599912,0.027997568000500905,80,591,True,length
186,15.692,15.692640485000084,1.692415503999655,ok,0.06019985899911262,0.020660653696204807,0.027856500000780215,80,415,True,length
187,15.706,15.706845146998603,1.699855815999399,ok,0.059991332000208786,0.02075746018985965,0.028005029000269133,80,480,True,length
188,15.75,15.75290766299986,1.6912763770014863,ok,0.058064477001607884,0.020673261911379318,0.028004583000438288,80,368,True,length
189,15.806999999999999,15.807795235999947,1.70893864899881,ok,0.06335896999917168,0.0208297907848197,0.027944172001298284,80,423,True,length
190,15.850999999999999,15.85202604999904,1.7000216739997995,ok,0.06384380599956785,0.020710731392406343,0.027457628999400185,80,404,True,length
191,15.864999999999998,15.86524870500034,1.709638960999655,ok,0.07520040499912284,0.020688782772146013,0.027453720000266912,80,480,True,length
192,15.893999999999998,15.895764602999407,1.6999534040005528,ok,0.06700028600062069,0.02066997944304511,0.02799303199935821,80,410,True,length
193,15.908999999999999,15.910680134998984,1.708601689999341,ok,0.0688472849997197,0.020756032101278927,0.027580063999266713,80,604,True,length
194,15.922999999999998,15.923816372998772,1.6955906279999908,ok,0.05579663399839774,0.02075667807596951,0.027945449999606353,80,368,True,length
195,16.054,16.055680145000224,1.7128052690004552,ok,0.05897706500036293,0.02093420764557075,0.027990165999653982,80,431,True,length
196,16.121,16.12162904899924,1.7305676069991023,ok,0.0691058049997082,0.021030869518976425,0.02942314199935936,80,415,True,length
197,16.175,16.175921265999932,1.7222524490007345,ok,0.05566574300064531,0.021095728379736146,0.029414906000965857,80,404,True,length
198,16.229,16.22916104199976,1.7372472589995596,ok,0.06294961899948248,0.021193304987361983,0.02861303900135681,80,455,True,length
199,16.269,16.269870586000252,1.7370994390003034,ok,0.0636890259993379,0.021182075696201595,0.029056847000902053,80,347,True,length
200,16.336,16.336627695998686,1.7376995720005652,ok,0.06099881299996923,0.021223745240523742,0.02862173600078677,80,346,True,length
201,16.35,16.35049633899871,1.7464981299999636,ok,0.0633490640011587,0.021305395215170428,0.028697169000224676,80,324,True,length
202,16.404,16.404317700998945,1.7319744380001794,ok,0.05801115699978254,0.021189127265815726,0.029470442001183983,80,380,True,length
203,16.418,16.418899960999624,1.7430285649988946,ok,0.06579567299922928,0.02123051421519069,0.028630204000364756,80,383,True,length
204,16.431,16.431496289998904,1.7541737920000742,ok,0.07037346300057834,0.02131373987342872,0.02869591200033028,80,353,True,length
205,16.444,16.445098008998684,1.7404907339987403,ok,0.056726381999396835,0.02131318587340456,0.028693757998553338,80,402,True,length
206,16.538,16.538653961999444,1.758779900999798,ok,0.06279754199931631,0.021467737620258946,0.029474799999661627,80,393,True,length
207,16.578,16.580052661998707,1.7591392750000523,ok,0.06591106000087166,0.021432959898724038,0.029473915999915334,80,411,True,length
208,16.605,16.605664937000256,1.7593825780004408,ok,0.06380735499988077,0.021462678291144687,0.028696238001430174,80,380,True,length
209,16.619,16.62038532099905,1.7701173219993507,ok,0.0711968790001265,0.02150503534176096,0.029464798999470077,80,453,True,length
210,16.646,16.64615771699937,1.7688699749996886,ok,0.06774467299874232,0.021532865835449885,0.029475618999640574,80,591,True,length
211,16.659,16.660749369999394,1.7767556620001415,ok,0.07525567700031388,0.021537662582276528,0.028617992998988484,80,347,True,length
212,16.686,16.68668230899857,1.776150862000577,ok,0.0663425399998232,0.021642778303798935,0.029417883000860456,80,503,True,length
213,16.767,16.76906376899933,1.7820533869999053,ok,0.0660213039991504,0.02172139217723673,0.03014467599859927,80,458,True,length
214,16.781,16.78209036499902,1.7864785219990154,ok,0.07492993599953479,0.021664838696214925,0.03028794400051993,80,369,True,length
215,16.808,16.808792493999135,1.7875042109990318,ok,0.07019773299907683,0.021737756430377,0.030288412999652792,80,187,True,length
216,16.834,16.835214853999787,1.7790929889997642,ok,0.06693720300063433,0.02167254167087074,0.030171231001077103,80,354,True,length
217,16.861,16.861361864999708,1.7806193919986981,ok,0.0633636739985377,0.021737082658235728,0.030142727000566083,80,327,True,length
218,16.875,16.875948152999626,1.7821496950000437,ok,0.06618257599984645,0.021720772721523587,0.030290613000033773,80,415,True,length
219,16.888,16.88867162600036,1.769672709000588,ok,0.05373773700011952,0.02172049644302862,0.030145317999995314,80,593,True,length
220,17.051,17.051502091999282,1.8149798969989206,ok,0.07037008599945693,0.022083293493663784,0.030168968998623313,80,417,True,length
221,17.076,17.07625010799893,1.8124527310010308,ok,0.0609152630004246,0.02217099315189271,0.03018469299968274,80,341,True,length
222,17.126,17.126235345998793,1.809490273000847,ok,0.0607881690011709,0.022135165063284862,0.0299481090005429,80,376,True,length
223,17.138,17.138310508998984,1.8219073540003592,ok,0.07092365899916331,0.02216403317721369,0.03029182899990701,80,398,True,length
224,17.164,17.165590667998913,1.8135617440002534,ok,0.060460613000032026,0.022190839000002228,0.03027937499973632,80,477,True,length
225,17.202,17.203054498999336,1.8167313240010117,ok,0.0721011460009322,0.022083586658228814,0.030289517000710475,80,327,True,length
226,17.214,17.214726074000282,1.8052028820002306,ok,0.06050373300058709,0.022084622924058415,0.030309963000036078,80,360,True,length
227,17.227,17.227947796998706,1.8121191690006526,ok,0.06310177600062161,0.02213914513924488,0.03028827799971623,80,589,True,length
228,17.265,17.265746744000353,1.8245183829985763,ok,0.06964113999856636,0.022213308316455783,0.030395415999009856,80,327,True,length
229,17.328,17.329508406999594,1.8323919409995142,ok,0.07826386499982618,0.022203840594936738,0.03046026000083657,80,604,True,length
230,17.353,17.3539094939988,1.8317875079992518,ok,0.06974513999921328,0.022304052645590156,0.030441004999374854,80,480,True,length
231,17.429,17.430051437999282,1.8254122830003325,ok,0.05880598600015219,0.02236173596201631,0.030395645999305998,80,486,True,length
232,17.467,17.46741973600001,1.8328926760004833,ok,0.06557610500021838,0.022370795075955897,0.030452044999037753,80,298,True,length
233,17.58,17.581085066000014,1.8424049850000301,ok,0.054706581999198534,0.022628763810137606,0.030288752999695134,80,344,True,length
234,17.631,17.631447316998674,1.8593191140007548,ok,0.06320313099968189,0.02273530815191522,0.03028893699956825,80,410,True,length
235,17.681,17.681839560998924,1.8611816110005748,ok,0.06235686099898885,0.02276963617722559,0.03136787500079663,80,583,True,length
236,17.694,17.695466502000272,1.8710830640011409,ok,0.07164318600007391,0.022777350582295693,0.030258234999564593,80,330,True,length
237,17.706,17.706268399999317,1.8633653430006234,ok,0.06315639700005704,0.02278718373418087,0.030451017000814318,80,402,True,length
238,17.719,17.720947523999712,1.8671769420016062,ok,0.06367624300037278,0.022828788632909026,0.030392024000320816,80,347,True,length
239,17.795,17.795485734999602,1.8932988020005723,ok,0.07912648300043656,0.022963868810137095,0.030287457000667928,80,503,True,length
240,17.833,17.833188933998827,1.8800775399995473,ok,0.06461114599915163,0.022980295506328467,0.030289635000372073,80,363,True,length
241,17.845,17.845179571999324,1.893859888001316,ok,0.0715572670014808,0.023066820405065185,0.03137255600086064,80,589,True,length
242,17.858,17.859084796999014,1.8816953839996131,ok,0.05786906100001943,0.023086124632893095,0.030460525998933008,80,480,True,length
243,17.896,17.898716585999864,1.8863001290010288,ok,0.06867225700079871,0.02300761163291721,0.030441663999226876,80,396,True,length
244,17.908,17.908487400998638,1.8970561120004277,ok,0.08166526000059093,0.022979304784816055,0.03039049899962265,80,585,True,length
245,17.933,17.933946250999725,1.8936191849988973,ok,0.07513816099890391,0.023018425151913338,0.030441053999311407,80,347,True,length
246,18.024,18.024504613000317,1.8994652180008416,ok,0.0722849080011656,0.02312852105063064,0.03028949600047781,80,379,True,length
247,18.047,18.04797355899973,1.8922058939988347,ok,0.06596213699958753,0.023116694265820713,0.03091447800034075,80,503,True,length
248,18.119,18.119499880998774,1.890461946999494,ok,0.06598128899895528,0.023094301797478876,0.030289379001260386,80,318,True,length
249,18.143,18.143603553999128,1.8877186809986597,ok,0.06450905599922407,0.02307826905064447,0.030393691999051953,80,341,True,length
250,18.166,18.16632495199883,1.887545356999908,ok,0.0663632689993392,0.02305254931645,0.030459998999504023,80,585,True,length
251,18.19,18.190825702999064,1.8825921629995719,ok,0.06502708699918003,0.023006811265836806,0.030289596999864443,80,347,True,length
252,18.202,18.202594145999683,1.8928057590001117,ok,0.07685471900003904,0.02298613493670168,0.03135516299880692,80,402,True,length
253,18.214,18.214773108998997,1.8807223540006817,ok,0.06473549399925105,0.02298697267088997,0.03137524200064945,80,599,True,length
254,18.237,18.237959373000194,1.8773536730004707,ok,0.05825321799966332,0.023026320227852667,0.030290966000393382,80,393,True,length
255,18.308,18.308729825999762,1.905900253001164,ok,0.08186581500012835,0.023088698493666016,0.030455013999016955,80,475,True,length
256,18.332,18.33266428999923,1.8989048820003518,ok,0.08202950799932296,0.022998100329125838,0.03039916399939102,80,438,True,length
257,18.344,18.344958457999383,1.8880738360003306,ok,0.06999910599915893,0.023013320341778113,0.03045229099916469,80,586,True,length
258,18.368,18.36900979299935,1.8835375260005094,ok,0.06881430599969462,0.022970912265815126,0.030409684999540332,80,594,True,length
259,18.392,18.392830748998676,1.8889831989999948,ok,0.07007625299956999,0.02302384353164529,0.030460230000244337,80,593,True,length
260,18.404,18.40446924099888,1.9012748029999784,ok,0.0761530470008438,0.023102535518981174,0.030452128001343226,80,460,True,length
261,18.487,18.48785026599944,1.8887339139982942,ok,0.06331550899994909,0.023106249544301287,0.03045214399935503,80,341,True,length
262,18.498,18.499576500998955,1.9027409320005972,ok,0.06902869199984707,0.023211089936726065,0.030181834001268726,80,305,True,length
263,18.51,18.510293874000126,1.893687513000259,ok,0.059665672000846826,0.023215163544292306,0.030464663001112058,80,431,True,length
264,18.557,18.55793198900028,1.8877047420010058,ok,0.05650782900011109,0.023179402303798315,0.030453040000793408,80,333,True,length
265,18.593,18.593345938999846,1.8977577759997075,ok,0.06451113299954159,0.023205285455701472,0.030181561000063084,80,318,True,length
266,18.665,18.6654616959986,1.8904956959995616,ok,0.06129003400019428,0.023154180202531096,0.03018198300014774,80,402,True,length
267,18.689,18.68922821399974,1.8957725500004017,ok,0.0632545830012532,0.023196130696190646,0.030460028001471073,80,365,True,length
268,18.701,18.701326230999257,1.9074239279998437,ok,0.07359763800013752,0.023212651063290592,0.0303924019990518,80,327,True,length
269,18.724,18.724850096999944,1.9014485119987512,ok,0.06887407199974405,0.023196869886075396,0.030182164000507328,80,504,True,length
270,18.736,18.73709288200007,1.8895200490005664,ok,0.05796382600055949,0.023184049303795924,0.030391360000066925,80,397,True,length
271,18.783,18.783432733000154,1.9105475129999832,ok,0.08182569900054659,0.023148028544284577,0.03137773300113622,80,347,True,length
272,18.807,18.807586177999838,1.9070857090009667,ok,0.08298127600028238,0.023089620025311428,0.03039046000048984,80,346,True,length
273,18.83,18.830764436999743,1.905590286000006,ok,0.07817430300019623,0.023131553215201085,0.030180912001014804,80,389,True,length
274,18.842,18.842750578998675,1.8939987390003807,ok,0.06650345800153445,0.023132622911385004,0.030439210000622552,80,584,True,length
275,18.878,18.87891835299888,1.9048498239990295,ok,0.08255516499957594,0.023066682215196838,0.03044154700000945,80,402,True,length
276,18.89,18.890890806000243,1.89043658799892,ok,0.0690425269986008,0.02305527483546444,0.03021363699917856,80,480,True,length
277,18.902,18.90255509599956,1.8976418860002013,ok,0.07631152900103189,0.023054470240500058,0.030181501000697608,80,387,True,length
278,19.047,19.048130973998923,1.891163267000593,ok,0.06326279300083115,0.02313766060758064,0.030051873998672818,80,346,True,length
279,19.059,19.060209119999854,1.8975160210011381,ok,0.07656175200099824,0.023049713000004943,0.028982098998312722,80,398,True,length
280,19.071,19.071201867000127,1.88667918200008,ok,0.06664661300055741,0.023038190316445346,0.02899966599943582,80,431,True,length
281,19.083,19.08407224899929,1.8941210879984283,ok,0.07622273699962534,0.023011063873403872,0.02897567599939066,80,589,True,length
282,19.119,19.11988451399884,1.8805741280011716,ok,0.06451820400070574,0.02298767606329351,0.02898919699873659,80,422,True,length
283,19.143,19.14349227599996,1.8771954799995,ok,0.06473454400111223,0.022942245341761883,0.028975055000046268,80,389,True,length
284,19.166,19.166207807998944,1.8760789080006361,ok,0.06575624300057825,0.022915163278469926,0.029087545999573194,80,311,True,length
285,19.19,19.1911217830002,1.880151945999387,ok,0.06536696999864944,0.02297166603798532,0.029088590999890584,80,591,True,length
286,19.202,19.202803357999073,1.8921147600012773,ok,0.07766985899979773,0.022967338987355913,0.029087459999573184,80,432,True,length
287,19.214,19.214850252999895,1.880328475999704,ok,0.06548802599900228,0.022972468139253382,0.02909040600025037,80,376,True,length
288,19.226,19.226637795998613,1.8899679549995199,ok,0.07360222299939778,0.022991687341783303,0.029088597000736627,80,593,True,length
289,19.285,19.285439033999864,1.869665198999428,ok,0.06104669100022875,0.022893613215181845,0.029098777000399423,80,342,True,length
290,19.32,19.320505633999346,1.875801535001301,ok,0.07853590300146607,0.02274992401265691,0.029090648000419606,80,480,True,length
291,19.344,19.34687586600012,1.8770245319992682,ok,0.07776893499976723,0.022775096075943285,0.02908820199991169,80,593,True,length
292,19.368,19.369080787999337,1.8781578510006511,ok,0.07964895600161981,0.022765648810111342,0.02908905699950992,80,298,True,length
293,19.38,19.380362804999095,1.8681172779997723,ok,0.06807885699890903,0.022785023734182754,0.029086992000884493,80,504,True,length
294,19.404,19.40423398100029,1.8657782449990918,ok,0.06770923200019752,0.022760051784805196,0.028970397001103265,80,360,True,length
295,19.416,19.41704511199896,1.871183736000603,ok,0.0737765580015548,0.022751716683540254,0.028973017000680557,80,485,True,length
296,19.463,19.463984072999665,1.8759652709995862,ok,0.07878781900035392,0.02274871543036918,0.02896353400137741,80,398,True,length
297,19.498,19.498941701998774,1.8583781029992679,ok,0.06890727099926153,0.022651173151908677,0.028971151999940048,80,369,True,length
298,19.51,19.510652327999196,1.8687894409995351,ok,0.07737648799957242,0.022675781455694086,0.030064033999224193,80,404,True,length
299,19.569,19.569723747999888,1.855075814999509,ok,0.06921877000058885,0.022605448886080716,0.02915824100091413,80,369,True,length
300,19.581,19.581444845998703,1.8645250090012269,ok,0.08161953700073354,0.022568046848092205,0.028809543000534177,80,431,True,length
301,19.605,19.605623958999786,1.8593603230001463,ok,0.08520955699896149,0.022457329607599996,0.029090984999129432,80,593,True,length
302,19.617,19.61750620499879,1.8463757379995513,ok,0.07295838699974411,0.022448026493661986,0.029086318998452043,80,410,True,length
303,19.629,19.629209126000205,1.8557243760005804,ok,0.08597069999996165,0.022401688898730465,0.02908625599957304,80,394,True,length
304,19.665,19.666277078998974,1.8451483700009703,ok,0.07434983100029058,0.022414877531641824,0.029085911000947817,80,587,True,length
305,19.689,19.690916251998715,1.836162270999921,ok,0.07337187799930689,0.022313521860752777,0.029115498000464868,80,365,True,length
306,19.701,19.70156562699958,1.8269348089997948,ok,0.06307266200019512,0.02232711391139052,0.029211685001428123,80,603,True,length
307,19.724,19.72571955999956,1.8217853800015291,ok,0.05744821000007505,0.022333027873426982,0.029144383001039387,80,346,True,length
308,19.83,19.831021091000366,1.8335800620006921,ok,0.06762507799976447,0.022353506063292932,0.02920636799899512,80,380,True,length
309,19.842,19.843117061998782,1.840629540000009,ok,0.08292489299856243,0.022249099822792107,0.029088069999488653,80,399,True,length
310,19.878,19.878165385998727,1.835099416999583,ok,0.0650437910007895,0.0224054612531463,0.029572739998911857,80,415,True,length
311,19.914,19.91434983599902,1.8427185569998983,ok,0.07495441099854361,0.022376449658231306,0.029087308001180645,80,396,True,length
312,20.09,20.090237552998587,1.8500270220010862,ok,0.07857552400128043,0.02242313196201613,0.029577461998997023,80,415,True,length
313,20.112,20.11312255899975,1.846841503000178,ok,0.07283994000135863,0.022455416354412453,0.029697957999815117,80,379,True,length
314,20.157,20.158445700999437,1.8397973539995292,ok,0.07266403699941293,0.022368395911408823,0.02983658399898559,80,401,True,length
315,20.235,20.2353801499994,1.830266427999959,ok,0.06862951100083592,0.022298799582269473,0.02970470699983707,80,399,True,length
316,20.246,20.246321942999202,1.843566916000782,ok,0.07848824299981061,0.022342463265817104,0.029718140998738818,80,505,True,length
317,20.257,20.257898115998614,1.8323090150006465,ok,0.06690234400048212,0.0223466633544169,0.02953907499977504,80,422,True,length
318,20.302,20.302187756999047,1.8313086639991525,ok,0.07429171799958567,0.02224043496202676,0.02979759400113835,80,426,True,length
319,20.314,20.314492879999307,1.8381740860004356,ok,0.08823000399934244,0.02215087698733683,0.029683599999771104,80,454,True,length
320,20.336,20.337130044999867,1.815604051000264,ok,0.0656563289994665,0.02215104160760474,0.02968438000061724,80,482,True,length
321,20.359,20.35925539100026,1.8192939969994768,ok,0.06632532900039223,0.022189182367076718,0.02968792100000428,80,341,True,length
322,20.37,20.370232022998607,1.8276625769995007,ok,0.07532126700061781,0.0221812704556997,0.02955941999971401,80,404,True,length
323,20.437,20.437621379998745,1.8236074829983409,ok,0.07833059399854392,0.022091810658245857,0.02971368100043037,80,504,True,length
324,20.46,20.46048147500005,1.822310893001486,ok,0.076094969001133,0.022103717012651954,0.029558870000983006,80,404,True,length
325,20.526,20.527506657999766,1.815466247000586,ok,0.08022480299950985,0.021964765405076074,0.029682225000215112,80,417,True,length
326,20.56,20.561143566999817,1.8094402860006085,ok,0.06648199099981866,0.02206243541771568,0.029534765999414958,80,402,True,length
327,20.605,20.605404156998702,1.8020679250003013,ok,0.06783834700036095,0.02195197387341586,0.029559612999946694,80,594,True,length
328,20.728,20.730030380000244,1.8215625859993452,ok,0.0703139729994291,0.02216739448100915,0.029558552998423693,80,596,True,length
329,20.785,20.78520836899952,1.809837749999133,ok,0.05994237499908195,0.022150225607599824,0.029788739999276004,80,380,True,length
330,20.841,20.842946736998783,1.8218371840011969,ok,0.06932683900049597,0.02218331494936414,0.02960626500134822,80,454,True,length
331,20.896,20.897142914998767,1.8061010350011202,ok,0.0611167650004063,0.022088097037984755,0.02955924399975629,80,394,True,length
332,21.011,21.011832656999104,1.8291592780005885,ok,0.0818631189995358,0.02211735235443162,0.029787904999466264,80,368,True,length
333,21.022,21.02271675799966,1.818447728001047,ok,0.07114632000048005,0.022117538848093157,0.029793731999234296,80,469,True,length
334,21.045,21.045474575999833,1.8215320660001453,ok,0.07102980599847797,0.022157948810131587,0.029538128001149744,80,401,True,length
335,21.067,21.06805203499971,1.8239501539992489,ok,0.06617757899948629,0.02225009188607399,0.029719279000346432,80,447,True,length
336,21.079,21.079641778000223,1.8120686359998217,ok,0.05440538399852812,0.022248560227851585,0.029684058999919216,80,460,True,length
337,21.168,21.168213298999035,1.8394925339998736,ok,0.0800498089993198,0.022271233987339656,0.029719747000854113,80,504,True,length
338,21.179,21.18001966599877,1.8275034520011104,ok,0.0673184780007432,0.022280473506322743,0.02968297799998254,80,339,True,length
339,21.201,21.201475595000375,1.8280514750003931,ok,0.06966092299990123,0.022257804063296527,0.029597765000289655,80,423,True,length
340,21.224,21.224065360000168,1.8321727869988536,ok,0.06428976299866918,0.022377972455695824,0.029683280999961426,80,369,True,length
341,21.235,21.235719700998743,1.8215696940005728,ok,0.053846962000534404,0.022375970493664646,0.02960014299969771,80,458,True,length
342,21.269,21.271428923999338,1.8254310140000598,ok,0.06840067099983571,0.022240598620256503,0.029686668000067584,80,399,True,length
343,21.28,21.280203881999114,1.846897341998556,ok,0.0782773039991298,0.022387297784813267,0.02958661599950574,80,505,True,length
344,21.37,21.370883090999996,1.8459126170000673,ok,0.0764695859998028,0.02239761667090223,0.02978645199982566,80,402,True,length
345,21.392,21.394153252998876,1.8450485869998374,ok,0.06964024799890467,0.0224732199367051,0.02970402800019656,80,394,True,length
346,21.471,21.471190927999487,1.834046791000219,ok,0.057161885999448714,0.02249191498735336,0.02968300599968643,80,402,True,length
347,21.526,21.526199632999123,1.8445606920013233,ok,0.06792253300045559,0.022488746759497386,0.029682464999496005,80,248,True,length
348,21.537,21.537527909000346,1.8542748609997943,ok,0.08152222500029893,0.02243960656960553,0.029724169999099104,80,587,True,length
349,21.549,21.549294982998617,1.8426478229994245,ok,0.06989222899937886,0.02243975987341078,0.029683799999475013,80,187,True,length
350,21.582,21.583028748000288,1.8358678389995475,ok,0.05710841600011918,0.02251564192404577,0.02971047400023963,80,591,True,length
351,21.594,21.594881437000367,1.843650893000813,ok,0.06993363699984911,0.022451833025323,0.029603693999888492,80,345,True,length
352,21.605,21.605443204998664,1.8332524790002935,ok,0.060006390000125975,0.02244596337973983,0.029557715999544598,80,480,True,length
353,21.627,21.627482844000042,1.8376886469995952,ok,0.056113771999662276,0.022551274075950357,0.02959446000022581,80,458,True,length
354,21.672,21.672729115998663,1.8443111300002784,ok,0.06283690999953251,0.022549891417735193,0.029347105999477208,80,426,True,length
355,21.684,21.685088938000263,1.8555216010008735,ok,0.07286670500070613,0.02256485269618345,0.02923974300028931,80,480,True,length
356,21.717,21.71765866199894,1.847807878999447,ok,0.05589132599925506,0.022682064139247168,0.02910443499968096,80,603,True,length
357,21.751,21.75148208799874,1.8536315209985332,ok,0.07378694999897562,0.02252928041771962,0.029240073999972083,80,599,True,length
358,21.785,21.786007595999763,1.840829484999631,ok,0.0618595779997122,0.02251816691138249,0.02924037299999327,80,415,True,length
359,21.807,21.808080651999262,1.8443476390002616,ok,0.06210300100065069,0.022559626037980684,0.029314617000636645,80,340,True,length
360,21.818,21.81876533799914,1.8589963009999337,ok,0.06851103500048339,0.022663960670878266,0.029234718000225257,80,398,True,length
361,21.874,21.87445865799964,1.848223205000977,ok,0.0644597270002123,0.022578859873428423,0.029329961000257754,80,327,True,length
362,21.896,21.8977703799992,1.843524656000227,ok,0.062087147000056575,0.02313512962338153,0.06840012199972989,78,310,True,length
363,21.907,21.907421329999124,1.8550893110004836,ok,0.07019626799956313,0.02259317751898529,0.029326435000257334,80,404,True,length
364,21.919,21.919700917998853,1.8429355410007702,ok,0.0579491530006635,0.022594480455684133,0.029331215000638622,80,415,True,length
365,22.022,22.0226356029998,1.8561291030000575,ok,0.0671843189993524,0.022644409987347163,0.029299979998540948,80,299,True,length
366,22.045,22.045748589998766,1.8527427650005848,ok,0.06524097100009385,0.022626177202531652,0.029322725000383798,80,310,True,length
367,22.056,22.056611042999066,1.8608944549996522,ok,0.0762050419998559,0.022590518164559144,0.02911470700018981,80,376,True,length
368,22.079,22.079428289000134,1.8686367140016955,ok,0.07349617800173291,0.022722856999982607,0.029106776000844548,80,593,True,length
369,22.124,22.124193382998783,1.8629769879989908,ok,0.07384988199919462,0.022646734835447366,0.029240908999781823,80,599,True,length
370,22.179,22.179908500998863,1.847212128001047,ok,0.060873342999911983,0.022611453075955114,0.02992062100020121,80,603,True,length
371,22.314,22.315250634999757,1.8586035499993159,ok,0.07137453900031687,0.022622722417716293,0.029241324000395252,80,372,True,length
372,22.381,22.381972301998758,1.8563101470008405,ok,0.06702726399998937,0.022648675075944556,0.030479560999083333,80,312,True,length
373,22.415,22.429826191999382,1.8516822090005007,ok,0.0722804510005517,0.022523754999993695,0.029298495999682928,80,478,True,length
374,22.437,22.437673098000232,1.8433954989995982,ok,0.06423861400071473,0.022520532860745575,0.029333018999750493,80,585,True,length
375,22.449,22.451758983999753,1.8509002780010633,ok,0.07515899000100035,0.02247734936707597,0.029300345000592642,80,504,True,length
376,22.471,22.47136200099885,1.8533342900009302,ok,0.0812615150007332,0.022431007265816944,0.02923710100003518,80,587,True,length
377,22.482,22.482781463999345,1.8418109379999805,ok,0.06980563799879747,0.0224300310759576,0.0292371710002044,80,347,True,length
378,22.493,22.49333129399929,1.8581461009998748,ok,0.07583217100000184,0.022560499417730032,0.029234579000330996,80,480,True,length
379,22.549,22.54961408899908,1.8466145530001086,ok,0.06879412600028445,0.022503734367080454,0.029237509001177386,80,423,True,length
380,22.56,22.560732789999747,1.858313951999662,ok,0.07534044000021822,0.02256898999999239,0.029313451999769313,80,432,True,length
381,22.616,22.619005563999963,1.8459652260007715,ok,0.06081328900108929,0.022596470569624216,0.030129483999189688,80,339,True,length
382,22.684,22.68466629300019,1.850304187000802,ok,0.061429352001141524,0.02264364824049717,0.02931282499957888,80,345,True,length
383,22.74,22.740877614000055,1.86572975800118,ok,0.07793353200031561,0.022629949936724843,0.02870583000003535,80,394,True,length
384,22.762,22.762736552000206,1.8615684090000286,ok,0.08003546700092556,0.022550806721506268,0.02921346299990546,80,380,True,length
385,22.773,22.773887907000244,1.8486202069998399,ok,0.06716363499981526,0.022549794291138178,0.02932839899949613,80,320,True,length
386,22.785,22.785502159000316,1.858500477999769,ok,0.08003768299931835,0.022511932721511273,0.02932303200032038,80,347,True,length
387,22.807,22.80721706499935,1.8586600920007186,ok,0.0846472339999309,0.022455599708866684,0.029299908001121366,80,305,True,length
388,22.818,22.8189983559987,1.845652517000417,ok,0.0712641000009171,0.022460347126565743,0.02931436600010784,80,505,True,length
389,22.852,22.85308251999959,1.8410793309994915,ok,0.06271245699826977,0.022510701392415677,0.02921444099956716,80,379,True,length
390,22.863,22.863756894999824,1.8539692319991445,ok,0.07578376600031334,0.022508412734168814,0.029300817999683204,80,380,True,length
391,22.885,22.885922204999588,1.855626635999215,ok,0.07902411699978984,0.022488430569634905,0.02921649800009618,80,417,True,length
392,22.896,22.896718594998674,1.8444791929996427,ok,0.0669141660000605,0.02250055078481257,0.029299879999598488,80,442,True,length
393,22.919,22.920067584998833,1.8464661590005562,ok,0.07006035100130248,0.022485849708861184,0.029210822000095504,80,587,True,length
394,22.941,22.942103438999766,1.8485714299986284,ok,0.06681032799860986,0.02255363855697454,0.029218399000455975,80,583,True,length
395,23.012,23.012177331000203,1.8473364609999408,ok,0.06749599400063744,0.022529193683538645,0.02932427199993981,80,394,True,length
396,23.035,23.03603144599947,1.846145477000391,ok,0.06203184599871747,0.02258325896202476,0.02932131300076435,80,380,True,length
397,23.083,23.083150693999414,1.8394916190009099,ok,0.06713456500074244,0.022434401227840253,0.029206866000095033,80,320,True,length
398,23.107,23.107847080000283,1.8436950539999089,ok,0.0677174489992467,0.022480280063282867,0.0292233389991452,80,423,True,length
399,23.131,23.131552152999575,1.8405104169996775,ok,0.06729236799947103,0.022445389531640103,0.029286499999216176,80,499,True,length
400,23.155,23.1556957039993,1.8364239410002483,ok,0.061310031998800696,0.022469269721528413,0.029316792999452446,80,480,True,length
401,23.226,23.22688994300006,1.8328963780004415,ok,0.05795695500091824,0.022467113822775775,0.02921207399958803,80,480,True,length
402,23.296,23.296410087999902,1.8501532320005936,ok,0.07421408099980908,0.022479786974697703,0.028695005999907153,80,398,True,length
403,23.38,23.380485486999532,1.8236127479995048,ok,0.05796528899918485,0.022349539759500346,0.028707518000373966,80,589,True,length
404,23.416,23.416744838999875,1.8316200709996338,ok,0.07367288899877167,0.022251997569640743,0.028701621000436717,80,438,True,length
405,23.428,23.42820356899938,1.8410250460001407,ok,0.08846312399873568,0.02218393316457256,0.028707379000479705,80,460,True,length
406,23.463,23.465546080999047,1.8316913140006363,ok,0.07471780100058822,0.02223986743037925,0.028708858999380027,80,401,True,length
407,23.475,23.47524786899885,1.8215641970000434,ok,0.06377909299953899,0.022250060936706097,0.02869615500094369,80,599,True,length
408,23.487,23.491472947000148,1.8297760950008524,ok,0.07423157800076297,0.02222171579747346,0.028716754999550176,80,398,True,length
409,23.498,23.49914186999922,1.8195920720008871,ok,0.06350184599978093,0.02222858972152009,0.029245808998894063,80,426,True,length
410,23.522,23.522324068999296,1.8211968439991324,ok,0.06028764499933459,0.022289575113927065,0.028722242999720038,80,480,True,length
411,23.593,23.593753002000085,1.8299075329996413,ok,0.08250190000035218,0.022118553329107008,0.028698737000013352,80,343,True,length
412,23.617,23.617475387000013,1.8358298510011082,ok,0.07887839500108385,0.02223960499998876,0.029066078999676392,80,399,True,length
413,23.629,23.629933612999594,1.8231134289999318,ok,0.06620714000018779,0.022238908468352747,0.028998129000683548,80,327,True,length
414,23.677,23.67795625799954,1.821366289001162,ok,0.06377094900017255,0.022247611797474403,0.029062559999147197,80,486,True,length
415,23.748,23.74847923699963,1.8126582249988132,ok,0.06035181499828468,0.02218067144305586,0.028993085001275176,80,594,True,length
416,23.795,23.796078981999017,1.8098558829988178,ok,0.06419958999867958,0.02209648475950474,0.029056370998659986,80,412,True,length
417,23.818,23.81841650899878,1.8155229309995775,ok,0.05869941499986453,0.022237873455714745,0.028993359999731183,80,305,True,length
418,23.902,23.902861827999004,1.8268604049990245,ok,0.06249778599885758,0.02233327772152239,0.030228491001253133,80,422,True,length
419,24.095,24.09550646000025,1.8625368249995518,ok,0.07865470599972468,0.022580469037960408,0.030433353000262287,80,366,True,length
420,24.119,24.119465619998664,1.8582590549995075,ok,0.0719935870001791,0.02261065022784224,0.030485085999316652,80,417,True,length
421,24.19,24.191950745000213,1.8471666670011473,ok,0.07068361100027687,0.022486799987354627,0.030159392999848933,80,344,True,length
422,24.202,24.202965574999325,1.857235198998751,ok,0.0795815589990525,0.022501656620263502,0.030406275000132155,80,337,True,length
423,24.214,24.214640365000378,1.8442166660006478,ok,0.0670714619991486,0.022495202949380944,0.03052214399940567,80,399,True,length
424,24.226,24.226215325999874,1.8340999179999926,ok,0.056403776001388906,0.022502301797453873,0.030149582999001723,80,480,True,length
425,24.296,24.296850038999764,1.8541823670002486,ok,0.07316577799974766,0.022544217481021107,0.03039914000146382,80,442,True,length
426,24.356,24.356334029998834,1.8367207439987396,ok,0.06406349700046121,0.02243832183544155,0.029536850999647868,80,346,True,length
427,24.368,24.370186744999955,1.8455333879992395,ok,0.07168215199999395,0.022453483860760882,0.030393319999348023,80,298,True,length
428,24.404,24.404666962000192,1.838750531000187,ok,0.061581576001117355,0.022495441607583117,0.02961919999870588,80,505,True,length
429,24.416,24.4164770569987,1.8494475560000865,ok,0.07229144899974926,0.022495358367082132,0.029596686999866506,80,340,True,length
430,24.44,24.442804841999532,1.8473925010002858,ok,0.06473435100087954,0.022565015974681888,0.02960091099885176,80,401,True,length
431,24.487,24.487616583999625,1.8521593140012556,ok,0.07184468900049978,0.022535321189865544,0.029611095000291243,80,523,True,length
432,24.498,24.498782295999263,1.868264544998965,ok,0.08038457399925392,0.022631108822794507,0.029468706999978167,80,453,True,length
433,24.51,24.510183373999098,1.8550316839991865,ok,0.06797075000031327,0.02262072136709091,0.029520627000238164,80,369,True,length
434,24.557,24.55764291000014,1.8485256789990672,ok,0.06418028499865613,0.022586311215191824,0.03064437499961059,80,438,True,length
435,24.641,24.64169214100002,1.8592606370002613,ok,0.07613700299953052,0.022570876734179467,0.030515620001096977,80,593,True,length
436,24.665,24.66642181699899,1.862475080999502,ok,0.07525670100039861,0.02262272707594093,0.030139487000269582,80,585,True,length
437,24.689,24.689168470998993,1.8638123079999787,ok,0.07717186100126128,0.02261540551897937,0.030526305999956094,80,480,True,length
438,24.701,24.702075420000256,1.8510155940002733,ok,0.06428304499968363,0.02261663917721031,0.030501867999191745,80,593,True,length
439,24.712,24.71259830099916,1.858300503999999,ok,0.07617716599997948,0.02255820041772253,0.03157642500082147,80,589,True,length
440,24.724,24.72474600699934,1.8463382809986797,ok,0.06413764499848185,0.02255929656963371,0.02960407399950782,80,502,True,length
441,24.748,24.748858011000266,1.8511694690005243,ok,0.058454502001040964,0.02269229803796061,0.029481609000868048,80,396,True,length
442,24.783,24.78390733699962,1.8538838570002554,ok,0.07584821700038447,0.022506497354421482,0.02951180200034287,80,409,True,length
443,24.795,24.795465649000107,1.8439011009995738,ok,0.06579841200073133,0.022507361075935754,0.030479237999315956,80,477,True,length
444,24.807,24.80787902100019,1.8525382759999047,ok,0.07563905300048646,0.022492112316458472,0.030458350000117207,80,480,True,length
445,24.83,24.831929268999374,1.8565784000002168,ok,0.06960586999957741,0.02261963011392542,0.030496629999106517,80,586,True,length
446,24.842,24.84249916800036,1.846159405000435,ok,0.059208041999227135,0.022619356936715282,0.03047177699954773,80,432,True,length
447,24.89,24.890948836999087,1.858827965999808,ok,0.08323320999988937,0.022475534911376875,0.02956900100070925,80,417,True,length
448,24.926,24.92665043299894,1.843601784999919,ok,0.06345703199986019,0.02253312993670528,0.030635621998953866,80,339,True,length
449,24.938,24.93862829199861,1.8319097699986742,ok,0.05359611499989114,0.02251009031644134,0.02957734600022377,80,344,True,length
450,25.0,25.00072342800013,1.8714706669998122,ok,0.07522079699992901,0.022736965962026203,0.030528014000083203,80,312,True,length
451,25.076,25.076228624999203,1.8639118980008789,ok,0.07003405199975532,0.022707008810138627,0.029624966000483255,80,589,True,length
452,25.088,25.088413011999364,1.8726566090008419,ok,0.075243536999551,0.02275177662025421,0.03044070800024201,80,418,True,length
453,25.189,25.18935292599963,1.857632403000025,ok,0.05889142100022582,0.022768544468345694,0.029528224000387127,80,480,True,length
454,25.24,25.241687996998735,1.870309191999695,ok,0.07911823299946263,0.02267297962026544,0.029560529999798746,80,480,True,length
455,25.278,25.278214850999575,1.8549371069984772,ok,0.06492218599851185,0.022658125810128788,0.029507430999728967,80,415,True,length
456,25.29,25.290486436999345,1.8717669779998687,ok,0.07080499400035478,0.02279672460760214,0.03042681300030381,80,346,True,length
457,25.303,25.30382785999973,1.8570698790008464,ok,0.05712946400126384,0.02278377493668721,0.029474967001078767,80,480,True,length
458,25.366,25.366655460999027,1.8571141550000902,ok,0.057581741999456426,0.02277858602532364,0.02950846299972909,80,376,True,length
459,25.404,25.408106883000073,1.8567818520004948,ok,0.06648947800022142,0.02266164163290652,0.030421420000493526,80,343,True,length
460,25.416,25.416375081000297,1.8762695740006166,ok,0.0833683889995882,0.022694676556977954,0.030452226999841514,80,465,True,length
461,25.429,25.429429871999673,1.8633131930000673,ok,0.07044253200001549,0.02269437844303486,0.03041379299975233,80,330,True,length
462,25.442,25.442248590999952,1.8733816610001668,ok,0.07281724200038298,0.022791673417728656,0.02959017600005609,80,480,True,length
463,25.492,25.492258422000305,1.8719774529999995,ok,0.06863330600026529,0.022826820607601977,0.02961005399993155,80,503,True,length
464,25.504,25.504823829998713,1.8612663370004157,ok,0.05694172299990896,0.02283926160759355,0.030464424000456347,80,398,True,length
465,25.542,25.5431780910003,1.8654570700000477,ok,0.06388777900065179,0.022804362759485185,0.030174777000866015,80,400,True,length
466,25.58,25.580372316999274,1.8669888540007378,ok,0.07535425300011411,0.022678398050629767,0.029629017000843305,80,380,True,length
467,25.605,25.607220607000272,1.8671869190002326,ok,0.06899839300058375,0.022761344797466256,0.02958439299982274,80,325,True,length
468,25.618,25.619169294999665,1.8569793299993762,ok,0.05911229900084436,0.022757436936697996,0.030446111000856035,80,343,True,length
469,25.656,25.65720072899967,1.8570269839983666,ok,0.07208018299934338,0.022593974848100114,0.029552510000939947,80,480,True,length
470,25.669,25.669273118999627,1.8673708999995142,ok,0.08669709599962516,0.022539819518977863,0.030490212000586325,80,486,True,length
471,25.681,25.68183385699922,1.8537483529999008,ok,0.07288272100049653,0.022542330012653065,0.02950765700006741,80,594,True,length
472,25.694,25.694718962999104,1.8679531809993932,ok,0.07975347100000363,0.02263524763291087,0.030492612000671215,80,505,True,length
473,25.706,25.70750814799976,1.8549491049998323,ok,0.06653147599899967,0.02263792965823086,0.029546663001383422,80,367,True,length
474,25.744,25.745108330998846,1.8611044449990004,ok,0.07424950599852309,0.022618154645575095,0.02873370899942529,80,333,True,length
475,25.757,25.757692651999605,1.8462884639993717,ok,0.05984650100072031,0.02261289758227369,0.02854699400086247,80,422,True,length
476,25.795,25.79534716699891,1.8622595590004494,ok,0.07662303100005374,0.022602671050651536,0.028735283000060008,80,502,True,length
477,25.82,25.82084690299962,1.854625625999688,ok,0.07005564400060393,0.022589210316450763,0.028736078998917947,80,591,True,length
478,25.833,25.83357748399976,1.8398389180001686,ok,0.055761802999768406,0.02258292906329108,0.030383743998754653,80,301,True,length
479,25.896,25.89635950199954,1.8637418569996953,ok,0.08097367600021244,0.022566261139218113,0.029515932999856886,80,587,True,length
480,25.908,25.909757121999064,1.8505471940006828,ok,0.06775953900068998,0.02256674239239906,0.029183325001213234,80,402,True,length
481,26.076,26.07792661199892,1.8502407809992292,ok,0.07275115700031165,0.022499555227850694,0.02917843199975323,80,393,True,length
482,26.101,26.101642147999883,1.8442391699991276,ok,0.07175681399894529,0.022436209746841466,0.029512584000258357,80,394,True,length
483,26.138,26.13836273400011,1.835215827999491,ok,0.05473200300002645,0.022537476405069597,0.02950819100078661,80,425,True,length
484,26.189,26.189954960998875,1.8422769219996553,ok,0.07604421999894839,0.022357072037980114,0.028428948999135173,80,585,True,length
485,26.227,26.22798726399924,1.8256106020016887,ok,0.0636250250008743,0.022303300215189434,0.028682460000709398,80,399,True,length
486,26.24,26.240927449998708,1.8399876999992557,ok,0.07624135799960641,0.022325615696209302,0.028254872999241343,80,455,True,length
487,26.265,26.267581826999958,1.8374724419991253,ok,0.07388708899998164,0.02232360349365921,0.02866706399981922,80,341,True,length
488,26.278,26.27818667700012,1.827119453000705,ok,0.06310761100030504,0.022329073936713097,0.028672619000644772,80,333,True,length
489,26.29,26.291905889998816,1.834036449999985,ok,0.07484727500013832,0.02226795270885477,0.02868347699950391,80,401,True,length
490,26.303,26.303258714999174,1.8236994569997478,ok,0.06373680400065496,0.022277751683540823,0.02825351200044679,80,486,True,length
491,26.315,26.317332542999793,1.8319088509997528,ok,0.072962546000781,0.02226487356961979,0.02825197099991783,80,480,True,length
492,26.34,26.341776932998982,1.8261173659993801,ok,0.06727501299974392,0.02226356943038475,0.028253209000467905,80,376,True,length
493,26.391,26.39148166599989,1.8246624520015757,ok,0.06933425400166016,0.022218954797458938,0.028430151000065962,80,469,True,length
494,26.404,26.404252950998853,1.8294726530002663,ok,0.07577724700058752,0.022198412582274382,0.02844973200080858,80,596,True,length
495,26.416,26.416938633999962,1.8154818779985362,ok,0.06155183800001396,0.022201361670881794,0.02842781700019259,80,480,True,length
496,26.467,26.46805328499977,1.8299425080003857,ok,0.08347523100019316,0.02210689729115155,0.02842913899985433,80,360,True,length
497,26.492,26.49263970100037,1.8292625799986126,ok,0.07837462699899334,0.02216286993671365,0.028412524001396378,80,410,True,length
498,26.504,26.505089688000226,1.8168828679990838,ok,0.0659564550005598,0.02216342892403835,0.02842785500070022,80,460,True,length
499,26.555,26.555664949999482,1.8059124539995537,ok,0.060629750998487,0.022091880240508014,0.02843291299905104,80,381,True,length
500,26.631,26.632037649000267,1.8308744989990373,ok,0.07392318699930911,0.02223957098735061,0.028451617999962764,80,393,True,length
501,26.681,26.68182819299909,1.8230915189997177,ok,0.06578468199950294,0.02224403554429978,0.028448835999370203,80,299,True,length
502,26.757,26.757649371998923,1.8202490460007539,ok,0.06617538899990905,0.022203115734175553,0.02867105699988315,80,458,True,length
503,26.769,26.77248251200035,1.8304866239996045,ok,0.07552775099975406,0.02221435503797463,0.028225906999068684,80,374,True,length
504,26.795,26.796110846000374,1.8296285679989523,ok,0.07620673900055408,0.022194908025303908,0.028630613000132143,80,595,True,length
505,26.807,26.808045130999744,1.8177823859987257,ok,0.06432148099884216,0.022195510075959383,0.02868014200066682,80,416,True,length
506,26.82,26.82072979899931,1.8200978519998898,ok,0.06809766500009573,0.022176916759477375,0.029028667999227764,80,591,True,length
507,26.871,26.872747449999224,1.8144536969994078,ok,0.06749524800034123,0.02211308674682359,0.028776085999197676,80,396,True,length
508,26.883,26.883498099999997,1.8216600169998856,ok,0.07728690799922333,0.022080289734178592,0.02875005600071745,80,358,True,length
509,26.933,26.933240774000296,1.811277662000066,ok,0.07198980700013635,0.02201599889872629,0.028729109000778408,80,412,True,length
510,27.04,27.040239756999654,1.802572931001123,ok,0.07325263399980031,0.021889830924067873,0.02876131599987275,80,426,True,length
511,27.054,27.054575484999077,1.7883085619996564,ok,0.05894863499997882,0.02189044754429889,0.028762529000232462,80,327,True,length
512,27.121,27.12188513699948,1.794987860999754,ok,0.06334278199938126,0.021919248291149277,0.02875736499845516,80,393,True,length
513,27.148,27.1489491049997,1.7902543119998882,ok,0.05349316399951931,0.022555039896112496,0.06636719100060873,78,310,True,length
514,27.242,27.24262035999891,1.7928417759994772,ok,0.07308876299975964,0.02176870201265622,0.02882381500057818,80,376,True,length
515,27.269,27.269210173999454,1.7920363829998678,ok,0.07005262699931336,0.02179690724051973,0.028626897999856737,80,394,True,length
516,27.283,27.283878125999763,1.8011930020002183,ok,0.08055531299942231,0.0217799117721531,0.02882349999890721,80,399,True,length
517,27.31,27.310474985999463,1.7916724469996552,ok,0.07981332099916472,0.021668804784814158,0.028754042999935336,80,438,True,length
518,27.323,27.323832586000208,1.778008539999064,ok,0.0650932839998859,0.02168216132909786,0.028793802999643958,80,359,True,length
519,27.35,27.35120820999873,1.7724575929987623,ok,0.057306400000015856,0.02171049148100907,0.028763144999174983,80,426,True,length
520,27.431,27.43193659699864,1.7837866339996253,ok,0.06089062599858153,0.021808521481022893,0.028688975999102695,80,485,True,length
521,27.511,27.511324492999847,1.7871605660002388,ok,0.07456449100027385,0.021678111063287177,0.02882419700108585,80,425,True,length
522,27.525,27.525778923998587,1.7936885960007203,ok,0.07944212499933201,0.021699011430393534,0.02874046100077976,80,418,True,length
523,27.538,27.538167680999322,1.7814124730011827,ok,0.06711357700078224,0.021699810037981604,0.028753500000675558,80,312,True,length
524,27.578,27.57824401200014,1.7894013599998289,ok,0.07951286399838864,0.0216439618860805,0.029038311999102007,80,431,True,length
525,27.592,27.592676754999047,1.774629425999592,ok,0.06398374399941531,0.021653421493686473,0.029607922000650433,80,488,True,length
526,27.605,27.606572142000005,1.7839360689995374,ok,0.06902902900037589,0.02170738472150218,0.029066973000226426,80,399,True,length
527,27.673,27.675886036999145,1.7715574739995645,ok,0.06264636299965787,0.021631469519002456,0.02903547500136483,80,404,True,length
528,27.794,27.794163767999635,1.7866998950012203,ok,0.06909280200125067,0.02174155730378366,0.02906767099921126,80,415,True,length
529,27.875,27.87556535099975,1.7903036020015861,ok,0.07027187400126422,0.02177235899999468,0.029231263999463408,80,396,True,length
530,27.888,27.888494865999746,1.7772561620004126,ok,0.05723528999988048,0.021772075088605722,0.02905600599842728,80,418,True,length
531,27.929,27.929365240999687,1.775722398999278,ok,0.06229248599993298,0.021688697151896835,0.029036497999186395,80,417,True,length
532,28.027,28.02772986399941,1.797658004999903,ok,0.07753570900058548,0.021773125253149155,0.029798932999256067,80,505,True,length
533,28.04,28.04020187899914,1.7834234349993494,ok,0.06313545999910275,0.021775465797470098,0.02940135599965288,80,411,True,length
534,28.067,28.068066660000113,1.7773407860004227,ok,0.057668192999699386,0.021767495316453278,0.02958395499990729,80,305,True,length
535,28.08,28.081390291999924,1.7884679799990408,ok,0.06767146999845863,0.021781953025322452,0.02961636999862094,80,343,True,length
536,28.094,28.09582812699955,1.7966469879993383,ok,0.07085013500000059,0.02184524992404891,0.029597958999147522,80,376,True,length
537,28.108,28.108482858999196,1.784126856000512,ok,0.05828458799987857,0.02184591068355444,0.02960212300058629,80,591,True,length
538,28.148,28.149344085999473,1.7899912520006183,ok,0.06699597599981644,0.02180974169620836,0.02968099799909396,80,332,True,length
539,28.162,28.1637936169991,1.7976056130009965,ok,0.06879487600053835,0.021883215177223077,0.02959805400132609,80,480,True,length
540,28.256,28.25666529999944,1.7870542210002895,ok,0.06685658900096314,0.02177434616454706,0.029682398999284487,80,603,True,length
541,28.269,28.270851142999163,1.7889694339992275,ok,0.07354006999958074,0.021713962746835482,0.02946475699900475,80,593,True,length
542,28.31,28.31110690999958,1.777361780999854,ok,0.05159451199870091,0.021844859468371936,0.029682970000067144,80,365,True,length
543,28.336,28.3378886649989,1.7923803260000568,ok,0.07699571200100763,0.02171344469618966,0.029616951000207337,80,398,True,length
544,28.363,28.36406686400005,1.7921302060003654,ok,0.07092282499979774,0.021787096797473895,0.0298708850004914,80,591,True,length
545,28.377,28.377200281000114,1.7805437580009311,ok,0.05932995000148367,0.021787253734169388,0.029617645999678643,80,426,True,length
546,28.39,28.390728352000224,1.7894990519998828,ok,0.07157661500059476,0.021745598493666127,0.029599555000459077,80,586,True,length
547,28.404,28.405476318999717,1.7974135780004872,ok,0.07844316100090509,0.02175886727848051,0.030314208999698167,80,402,True,length
548,28.444,28.44489949200033,1.7758035340011702,ok,0.062064397001449834,0.021692648924036353,0.029651753000507597,80,401,True,length
549,28.458,28.45825148699987,1.7829817640013061,ok,0.07164359200032777,0.021662254392416615,0.029593094999654568,80,503,True,length
550,28.485,28.48545765400013,1.7765707470007328,ok,0.06868091400065168,0.02161860055694669,0.029601271999126766,80,330,True,length
551,28.511,28.511476191999463,1.7779627460004122,ok,0.0651557370001683,0.021680826126589347,0.02959515200018359,80,352,True,length
552,28.538,28.53890153499924,1.7670369679999567,ok,0.06381379300000845,0.02155952456962064,0.02961691899872676,80,480,True,length
553,28.551,28.552116404998742,1.775276907999796,ok,0.07393766199857055,0.021535491329135008,0.029617875999974785,80,369,True,length
554,28.578,28.57841395200012,1.7739342189997842,ok,0.06426975999966089,0.02164102830380515,0.02961696199963626,80,480,True,length
555,28.633,28.633326936998856,1.780926941000871,ok,0.0719182440006989,0.021632730025309764,0.030336952999277855,80,604,True,length
556,28.821,28.82164591899891,1.7943129929990391,ok,0.07056808699962858,0.02181923584810394,0.03033266100101173,80,415,True,length
557,28.834,28.83467904399913,1.8004289719992812,ok,0.08244071399894892,0.02174640044303706,0.029825437999534188,80,587,True,length
558,28.848,28.84868971799915,1.7865414429998054,ok,0.06848492599965539,0.021747362582285445,0.02987949699854653,80,453,True,length
559,28.875,28.87533570300002,1.7869350959990697,ok,0.06403178899927298,0.021808607506327578,0.02982633600004192,80,311,True,length
560,28.902,28.902676679999786,1.782873672000278,ok,0.05419554699983564,0.021881698658242247,0.029782854000586667,80,591,True,length
561,29.013,29.014261575999626,1.8003415719995246,ok,0.0707072130007873,0.02189379527847945,0.029577114000858273,80,415,True,length
562,29.04,29.040948583999125,1.8019839949993184,ok,0.061989268999241176,0.022024960417713627,0.029826620999301667,80,389,True,length
563,29.108,29.10841099299978,1.798781188999783,ok,0.057687778999024886,0.022038825506328227,0.029583745999843813,80,432,True,length
564,29.148,29.150408358998902,1.797502022000117,ok,0.06511437600056524,0.02192863943035931,0.02956766100032837,80,311,True,length
565,29.162,29.162214705000224,1.8068124740002531,ok,0.07538607199967373,0.021916471240510414,0.029579796000689385,80,380,True,length
566,29.202,29.202176337999845,1.7877262780002638,ok,0.05906166500062682,0.02188152337975559,0.029601824000565102,80,389,True,length
567,29.215,29.21698004999962,1.7953661950014066,ok,0.06020961099966371,0.021963704822788897,0.030327536000186228,80,380,True,length
568,29.323,29.32360211299965,1.7936410490001435,ok,0.06479362800018862,0.021883777443034415,0.029615229001137777,80,585,True,length
569,29.336,29.338751661998685,1.8065616189996945,ok,0.06778409900107363,0.022009540354425736,0.030396860000109882,80,397,True,length
570,29.418,29.418963844000245,1.8065290169997752,ok,0.07769055899916566,0.021883710063292122,0.029885167999964324,80,325,True,length
571,29.458,29.458797278999555,1.7871015019991319,ok,0.05550267999933567,0.021918679088610334,0.02963301199997659,80,486,True,length
572,29.498,29.49883514099929,1.7880358990005334,ok,0.06483371700051066,0.02181237068352742,0.029828790999090415,80,402,True,length
573,29.511,29.51163115700001,1.795358181998381,ok,0.06798539699957473,0.021865116291141757,0.02956762699977844,80,417,True,length
574,29.619,29.619792053999845,1.7925308069989114,ok,0.06277842999952554,0.02189527102531935,0.029582424000182073,80,587,True,length
575,29.686,29.686370272000204,1.7940871569990122,ok,0.06732604499848094,0.021857418443042786,0.029586792001282447,80,480,True,length
576,29.7,29.70129170399923,1.8001626410004974,ok,0.07815761100027885,0.021797218620260444,0.02958605800085934,80,587,True,length
577,29.727,29.727704871998867,1.7943950789995142,ok,0.06775505400037218,0.02185590169618173,0.029822695001712418,80,341,True,length
578,29.767,29.76891280000018,1.7936763199995767,ok,0.07764312699873699,0.021721631784813223,0.029822980000972166,80,480,True,length
579,29.808,29.809794108999995,1.773956137998539,ok,0.059930904999419,0.02169622810127098,0.029823011998814764,80,591,True,length
580,29.821,29.821861499998704,1.789290026999879,ok,0.07183457599967369,0.021739532405055936,0.029823782000676147,80,404,True,length
581,29.848,29.84889950700017,1.7847780859992781,ok,0.06688026399933733,0.021745239898739818,0.029583832998469006,80,589,True,length
582,29.875,29.875184343,1.7798053860005894,ok,0.063005862000864,0.021731294126570728,0.029615833000207203,80,426,True,length
583,29.902,29.903998002999288,1.769238872000642,ok,0.0573254930004623,0.021669485658220983,0.02958373000001302,80,399,True,length
584,29.915,29.917028902998936,1.7781471480011533,ok,0.0600621970006614,0.021747540569615725,0.029567380999651505,80,350,True,length
585,30.0,30.000989403999483,1.780848923001031,ok,0.060018852000212064,0.021782354645587983,0.029606099000375252,80,376,True,length
586,30.043,30.044628274999923,1.7820225630002824,ok,0.06705607200092345,0.021708142151890316,0.029823605000274256,80,503,True,length
587,30.058,30.061350996998954,1.78537962900009,ok,0.0679206630011322,0.021739802987328024,0.02958531399963249,80,399,True,length
588,30.072,30.072943043998748,1.7736770499996055,ok,0.05628420500033826,0.02173886944303054,0.029584384999907343,80,415,True,length
589,30.101,30.10287896800037,1.7927253809994,ok,0.0774505279987352,0.021712051101266172,0.029586055999970995,80,585,True,length
590,30.115,30.115971393999644,1.7797445880005398,ok,0.0652409020003688,0.02170239302531512,0.029590263999125455,80,426,True,length
591,30.144,30.144690036999236,1.7727153039995756,ok,0.058963670999219175,0.02169260312658031,0.02958671300075366,80,438,True,length
592,30.159,30.160106538000036,1.7809692149985494,ok,0.061573025999678066,0.02176424558226095,0.029823671000485774,80,505,True,length
593,30.245,30.245584626998607,1.7772713149988704,ok,0.060756920000130776,0.021727690455676726,0.02982415999940713,80,591,True,length
594,30.303,30.306504209000195,1.784323462001339,ok,0.06798867500037886,0.02172546915191353,0.031009925000034855,80,404,True,length
595,30.318,30.31826840999929,1.7962487320000946,ok,0.07892090899986215,0.021738051556963865,0.031053290000272682,80,418,True,length
596,30.347,30.347722638998675,1.7800197719989228,ok,0.06559507099882467,0.021701288949379543,0.03056620200004545,80,505,True,length
597,30.39,30.39112687600027,1.7780182330006937,ok,0.06539172399970994,0.02167836082278168,0.0305811750004068,80,480,True,length
598,30.448,30.44863378899936,1.7937980599999719,ok,0.07270554699971399,0.02178570208861511,0.031004675998701714,80,478,True,length
599,30.519,30.521600838999802,1.7852220649983792,ok,0.06970245599950431,0.021715121810129974,0.030571945999327,80,504,True,length
600,30.548,30.550065974999598,1.780963930001235,ok,0.06620490400018753,0.021705520746832872,0.03108924499974819,80,502,True,length
601,30.562,30.56294214799891,1.7838982109988137,ok,0.07089330799863092,0.021683323759502913,0.030581303999497322,80,333,True,length
602,30.576,30.576452047998828,1.771778844000437,ok,0.05855615200016473,0.021686095531641754,0.031050285000674194,80,480,True,length
603,30.605,30.60685499200008,1.7863745300001028,ok,0.07865304599908995,0.021616402265840117,0.030583023000872345,80,589,True,length
604,30.62,30.62049110099906,1.7728695859987056,ok,0.06628025099962542,0.021602204417705034,0.03160805700099445,80,426,True,length
605,30.649,30.649468768999213,1.759276126000259,ok,0.05357712300065032,0.021590839354435565,0.0316147789999377,80,294,True,length
606,30.678,30.678572079999867,1.7654496530012693,ok,0.07292116100143176,0.021424135886056458,0.03158575999987079,80,415,True,length
607,30.692,30.692876831999456,1.7701937359997828,ok,0.08247836599912262,0.0213632258734223,0.031615272999260924,80,341,True,length
608,30.721,30.72248835499886,1.7644632200008346,ok,0.07439723199968284,0.021392942759489473,0.03134162900096271,80,358,True,length
609,30.75,30.752659550998942,1.7529747230000794,ok,0.06339164599921787,0.021386852164556054,0.03101891599908413,80,298,True,length
610,30.793,30.79477652300011,1.7576788580008724,ok,0.07119878299999982,0.02134749932911636,0.03100621500016132,80,431,True,length
611,30.808,30.80871327299974,1.7592800760012324,ok,0.08029017800072324,0.02125259135442044,0.031099032999918563,80,365,True,length
612,30.822,30.82301305100009,1.7461856970003282,ok,0.06727074500122399,0.021251839873417062,0.031004386999484268,80,404,True,length
613,30.851,30.851172222999594,1.735860128999775,ok,0.05615974200009077,0.02126177817721143,0.03159793099985109,80,502,True,length
614,31.029000000000003,31.030175072999555,1.7185839889989438,ok,0.069334338999397,0.02087621716455493,0.031611551999958465,80,389,True,length
615,31.043,31.045105233999493,1.7231521119992976,ok,0.0738585189992591,0.02087693639241249,0.03160942800059274,80,402,True,length
616,31.058,31.058757883,1.7093476340014604,ok,0.06000709900035872,0.02087740512659458,0.03058215200144332,80,396,True,length
617,31.101,31.101657941999292,1.7080212660002871,ok,0.06535260000055132,0.020792954240496788,0.031602352999470895,80,402,True,length
618,31.130000000000003,31.130752152999776,1.6983878880000702,ok,0.052689087999169715,0.020831297962023557,0.03058303000034357,80,187,True,length
619,31.317999999999998,31.318648927999675,1.6991109829996276,ok,0.07367192299898306,0.02057485224052275,0.03100862500104995,80,309,True,length
620,31.332,31.332433855999625,1.6857782879997103,ok,0.06005013899994083,0.020578530139239694,0.03105242600031488,80,455,True,length
621,31.39,31.392616421999264,1.6890992179996829,ok,0.07114704900050128,0.020480060354421317,0.03100451300088025,80,485,True,length
622,31.418999999999997,31.41994561899992,1.684038329998657,ok,0.06062445099996694,0.0205492270885966,0.03161489300146059,80,360,True,length
623,31.561999999999998,31.56293077599912,1.6689907719992334,ok,0.07186727299995255,0.02021644325315167,0.03161436100162973,80,499,True,length
624,31.576,31.57783575599933,1.6779824579989508,ok,0.07922460999907344,0.020237126000003765,0.031053994000103557,80,594,True,length
625,31.604999999999997,31.606079498000327,1.6664763690005202,ok,0.0681867470011639,0.020231230443031666,0.031108701001357986,80,418,True,length
626,31.677999999999997,31.678450362998774,1.6582808879993536,ok,0.06571164100023452,0.02015880103796537,0.031062400999871898,80,376,True,length
627,31.706000000000003,31.70702639799856,1.6430954200004635,ok,0.054460745999676874,0.020108991291152373,0.031070075998286484,80,417,True,length
628,31.764000000000003,31.764711169000293,1.6502397309996013,ok,0.060797971000283724,0.02011905453163527,0.03056551900044724,80,298,True,length
629,31.822000000000003,31.823268287000246,1.6504863699992711,ok,0.07254151699999056,0.019973726822782634,0.031011065000711824,80,412,True,length
630,31.836,31.83648248999998,1.6364476809994812,ok,0.0589564869987953,0.01996794631645283,0.030581705999793485,80,458,True,length
631,31.851,31.851160619999064,1.6463751819992467,ok,0.06603889299913135,0.02000396370887664,0.03056595800080686,80,341,True,length
632,31.865000000000002,31.86560615399867,1.6479862199994386,ok,0.07417459699900064,0.019921380063293973,0.030580747001295094,80,431,True,length
633,31.894,31.896659963000275,1.6415796080000291,ok,0.06668712099963159,0.019935074227852297,0.03160576099980972,80,453,True,length
634,31.909,31.91114603599999,1.6497905679989344,ok,0.07053224300034344,0.019990369860755017,0.03161327700036054,80,454,True,length
635,31.923000000000002,31.923234879999654,1.636087700000644,ok,0.05669011800091539,0.019992056936701637,0.030889998000930063,80,346,True,length
636,32.031,32.031163235998974,1.6524483169996529,ok,0.08316828700117185,0.01986398577214977,0.029763487000309397,80,584,True,length
637,32.077,32.07911356600016,1.6256875519993628,ok,0.050068673999703606,0.019944233886085787,0.02977332299997215,80,587,True,length
638,32.14,32.140355026998805,1.6330992429993785,ok,0.07887180399848148,0.019673431303803963,0.029763619000732433,80,422,True,length
639,32.171,32.17138195099869,1.6224236529997142,ok,0.07089735000045039,0.019639197481007578,0.029762829000901547,80,345,True,length
640,32.187,32.18913496699861,1.6207321279998723,ok,0.06755146800060174,0.019660199924042967,0.02940750299967476,80,427,True,length
641,32.233,32.2336586579986,1.6178529910012003,ok,0.07324989200060372,0.019551621683546464,0.028270614000575733,80,347,True,length
642,32.264,32.264227361998564,1.6064070430002175,ok,0.06584139299957315,0.019500534620247097,0.02836918700086244,80,389,True,length
643,32.28,32.28086938999877,1.608537084001,ok,0.06702184999994643,0.019512271696206698,0.02832271100123762,80,346,True,length
644,32.342,32.34227696400012,1.6059592670007987,ok,0.06720153300011589,0.019477601063298135,0.028164027999082464,80,313,True,length
645,32.435,32.43542232099935,1.6018724879995716,ok,0.07081500599997526,0.01938027983545263,0.027752938000048744,80,389,True,length
646,32.451,32.45118517099945,1.5860263839986146,ok,0.05440835999979754,0.019387234620255555,0.02816277700003411,80,453,True,length
647,32.482,32.48296590099926,1.590019327999471,ok,0.069577105999997,0.019245790455690578,0.02776133899897104,80,324,True,length
648,32.497,32.49752717799856,1.5997494949988322,ok,0.0706679199993232,0.01935516610126198,0.028116872999817133,80,432,True,length
649,32.606,32.60627195699999,1.5870814310001151,ok,0.05461946300056297,0.019397895316465512,0.027640164000331424,80,585,True,length
650,32.761,32.76153248399896,1.610123668999222,ok,0.06763195699932112,0.019524862620252135,0.028113051999753225,80,297,True,length
651,32.777,32.77786631199888,1.6154650270000275,ok,0.06710991299951274,0.019599127291131262,0.02808305699909397,80,401,True,length
652,32.839,32.83998631599934,1.6066093939989514,ok,0.069296117999329,0.0194593588354409,0.028107846999773756,80,358,True,length
653,32.854,32.854561092999575,1.612063157999728,ok,0.07669980699938606,0.01943464187342549,0.027751297000577324,80,376,True,length
654,32.886,32.88678610500028,1.6046843789990817,ok,0.06047324499922979,0.01954663737975536,0.028119578000769252,80,603,True,length
655,33.015,33.01837250399876,1.6172499059994152,ok,0.06261569399975997,0.019678613202525907,0.028124795000621816,80,347,True,length
656,33.046,33.04773037199993,1.6106660149998788,ok,0.05580794700108527,0.019681249886058207,0.028130266999141895,80,381,True,length
657,33.062,33.062481119999575,1.6177349070003402,ok,0.05717941799957771,0.01975356036709394,0.02810712400059856,80,394,True,length
658,33.156,33.15625149299922,1.6147442159999628,ok,0.05592118899949128,0.019731597924056828,0.028105955998398713,80,384,True,length
659,33.218,33.218876147999254,1.6053247720010404,ok,0.053587293999953545,0.019641913139234413,0.02775100799954089,80,475,True,length
660,33.264,33.26416279200021,1.6200187710001046,ok,0.07252248900113045,0.019588238189878867,0.027751566000006278,80,475,True,length
661,33.295,33.29613463500027,1.6096027349994984,ok,0.05504643600033887,0.019677634936716124,0.027752900999985286,80,294,True,length
662,33.326,33.327767112999936,1.622302767000292,ok,0.06949879300009343,0.019655449468355304,0.02775251700040826,80,360,True,length
663,33.342,33.342984572000205,1.6232377880005515,ok,0.07186524999997346,0.01963726158227692,0.028068989999155747,80,334,True,length
664,33.357,33.357609712998965,1.6087019840015273,ok,0.05742957800066506,0.019636171708872455,0.027861804001076962,80,477,True,length
665,33.42,33.42108526700031,1.598994401998425,ok,0.05253020099917194,0.01957517159494676,0.027754107000873773,80,594,True,length
666,33.451,33.45166151999911,1.6032807139999932,ok,0.06184487099926628,0.019511513632925373,0.026958889999150415,80,480,True,length
667,33.497,33.4983751589989,1.5943504300012137,ok,0.06250220100082515,0.019390141569624864,0.027752456000598613,80,477,True,length
668,33.513,33.51441340599922,1.5967638089987304,ok,0.06193409999832511,0.01942791073419864,0.02809074799915834,80,404,True,length
669,33.559,33.56102357399868,1.5917351890002465,ok,0.06209121900064929,0.019362301151898152,0.027752250998673844,80,595,True,length
670,33.575,33.57695126999897,1.6001780229998985,ok,0.06198106999909214,0.019470567784819766,0.028123059999416,80,337,True,length
671,33.637,33.63766517299882,1.598059510000894,ok,0.06664650800121308,0.01938468962023624,0.02647631000036199,80,477,True,length
672,33.653,33.6534886999998,1.604011821000313,ok,0.06674817499879282,0.019458763810136958,0.026495723001062288,80,422,True,length
673,33.792,33.7941155919998,1.5962750500002585,ok,0.057511299000907457,0.019477464556962042,0.026994526000635233,80,412,True,length
674,33.886,33.887077331999535,1.604544870000609,ok,0.061084554999979446,0.019537117531641182,0.0265832289987884,80,416,True,length
675,34.051,34.05312311899979,1.6358409730000858,ok,0.05672287900051742,0.019988472177218785,0.026435556001160876,80,400,True,length
676,34.101,34.10180179999952,1.6350513090001186,ok,0.04972027700023318,0.020067180810126702,0.0265912169998046,80,402,True,length
677,34.152,34.15282013399883,1.6471939370003383,ok,0.05706301300051564,0.020127872341756208,0.028059126998414285,80,401,True,length
678,34.185,34.18580565799857,1.6501747909987898,ok,0.06993046099887579,0.020002748708871945,0.028122824000092805,80,426,True,length
679,34.219,34.22024130799946,1.6420210889991722,ok,0.05010776400013128,0.020150459582279685,0.02811140400081058,80,372,True,length
680,34.253,34.2544489310003,1.6467274130009173,ok,0.056210294000266,0.020132821683557865,0.02810793500066211,80,408,True,length
681,34.32,34.32159529299861,1.6493798570008948,ok,0.07192511200082663,0.019967291493668212,0.02810869300083141,80,585,True,length
682,34.337,34.33763135499976,1.6513455459989927,ok,0.07186709599955066,0.01999308327849346,0.028107832999012317,80,366,True,length
683,34.438,34.43894215,1.6501259340002434,ok,0.06953414700001304,0.02000730745569428,0.028109250000852626,80,347,True,length
684,34.455,34.45537380099995,1.6336061289985082,ok,0.05301232300007541,0.02000722379744741,0.028108533000704483,80,436,True,length
685,34.488,34.48893618999864,1.6385692280000512,ok,0.06705065599999216,0.019892343253156433,0.028107054000429343,80,455,True,length
686,34.522,34.5231447089991,1.6233803979994263,ok,0.04968037300022843,0.019919984177203667,0.027579750998484087,80,434,True,length
687,34.555,34.55645498899867,1.6374727679994976,ok,0.0545761039993522,0.020036390582298495,0.02811665300032473,80,339,True,length
688,34.589,34.58919847799916,1.6454084600009082,ok,0.06939288600005966,0.019949277506338483,0.028107063999414095,80,586,True,length
689,34.623,34.62329234800018,1.6337489739999,ok,0.0569513000009465,0.01995917836708791,0.02812040299977525,80,337,True,length
690,34.639,34.63955494199945,1.6333059250009683,ok,0.05631666000044788,0.01996160867089156,0.028133010999226826,80,344,True,length
691,34.707,34.70755951399951,1.6418510590010555,ok,0.06398997800170036,0.019972312569619514,0.028118361999077024,80,439,True,length
692,34.842,34.84310416500011,1.640307607000068,ok,0.0630181039996387,0.019965360037991858,0.028119929000240518,80,360,True,length
693,34.858,34.85868859400034,1.648919785000544,ok,0.06899052799963101,0.019998812632907117,0.028118715999880806,80,593,True,length
694,34.875,34.87532825899871,1.6518128690004232,ok,0.0748195329997543,0.019961683962040448,0.028120327000578982,80,418,True,length
695,34.892,34.89246218699918,1.6336362809997809,ok,0.057212487001379486,0.019954448101261617,0.02810703300019668,80,346,True,length
696,34.909,34.909297251999305,1.6333443920011632,ok,0.05698583400044299,0.019953640278489025,0.028107807998821954,80,415,True,length
697,35.101,35.10143893699933,1.6267236069998035,ok,0.05121922999933304,0.019942644784799696,0.027588343999013887,80,577,True,length
698,35.135,35.13622387599935,1.6271620119987347,ok,0.05643981199864356,0.019882038341787433,0.028105980998589075,80,447,True,length
699,35.185,35.18569810199915,1.6303278270006558,ok,0.07159044100080791,0.01973050305064192,0.02810750599928724,80,475,True,length
700,35.202,35.20337236399973,1.631364801000018,ok,0.0701293940001051,0.01976221951899558,0.028108846998293302,80,415,True,length
701,35.219,35.220562784999856,1.6128313139997772,ok,0.05212428300001193,0.01975516710127188,0.02805251599966141,80,365,True,length
702,35.32,35.321636192998994,1.6234061470004235,ok,0.06886023200058844,0.019677482253163237,0.02810890799992194,80,347,True,length
703,35.337,35.338122226999985,1.6253077270012,ok,0.07443318300101964,0.01963099462024925,0.028134348000094178,80,422,True,length
704,35.371,35.372101050999845,1.6106152440006554,ok,0.06263071900139039,0.019594416734170284,0.02811971499977517,80,418,True,length
705,35.388,35.38901223399989,1.6127857720002794,ok,0.06740596300005564,0.019561477518989335,0.02813395799967111,80,352,True,length
706,35.404,35.40500277299907,1.6156367790008517,ok,0.06762481099940487,0.019594793708879305,0.028133916999649955,80,398,True,length
707,35.472,35.472902219999014,1.6065676899997925,ok,0.06436932299948239,0.01952117031645155,0.028107076999731362,80,369,True,length
708,35.505,35.506077431999074,1.593186580001202,ok,0.05373218500062649,0.019486473835450286,0.028107598000133294,80,454,True,length
709,35.522,35.52260127599948,1.6017365789994074,ok,0.06028685999990557,0.019511745303790594,0.028109136001148727,80,500,True,length
710,35.538,35.53847306500029,1.6073842430014338,ok,0.06373138500021014,0.020047161805202697,0.05112791699866648,78,326,True,length
711,35.572,35.57301616699988,1.5952480019986979,ok,0.052375690998815116,0.01952975236710262,0.02811242999996466,80,379,True,length
712,35.589,35.58964366100008,1.5926705870006117,ok,0.05790246200012916,0.01942717746837095,0.02813414900083444,80,394,True,length
713,35.606,35.606387083998925,1.5945697570004995,ok,0.05901137100045162,0.019437186835430227,0.028115727998738294,80,389,True,length
714,35.639,35.639659745000245,1.6022796930010372,ok,0.07364999800120131,0.01934943449365003,0.028114187000028323,80,500,True,length
715,35.656,35.657930493000094,1.602812860000995,ok,0.07796965300076408,0.019301568341757912,0.028107558999181492,80,406,True,length
716,35.673,35.67319732899887,1.5865517099991848,ok,0.06191416200090316,0.019298876012645808,0.0280532899996615,80,327,True,length
717,35.69,35.69045690799976,1.5881564249993971,ok,0.06189176000043517,0.01931954606327422,0.02810739599954104,80,372,True,length
718,35.757,35.757775170999594,1.580988506999347,ok,0.05735027999980957,0.019286224101270368,0.02587344699895766,80,318,True,length
719,35.808,35.80841454399888,1.5837600209997618,ok,0.07544300200061116,0.01909228432910661,0.025856453999949736,80,402,True,length
720,35.825,35.827019717999065,1.5841790520007635,ok,0.07504433000030986,0.01910259901266232,0.026019205999546102,80,482,True,length
721,36.018,36.020041931999,1.5798436650002259,ok,0.06888725499993598,0.019125721924036596,0.026351860999056953,80,376,True,length
722,36.055,36.0552117649986,1.5644224749994464,ok,0.05509626300045056,0.019105093240496796,0.026398166999570094,80,415,True,length
723,36.073,36.07323362999887,1.565226504999373,ok,0.05441284500011534,0.019123947405055734,0.026398611000331584,80,593,True,length
724,36.129,36.12961417999941,1.5612555799998518,ok,0.06355461800012563,0.018957914506314365,0.02640428599988809,80,311,True,length
725,36.147,36.148039274999974,1.5610938099998748,ok,0.06102017400007753,0.018987959734175414,0.02640262699969753,80,398,True,length
726,36.184,36.1855284079993,1.5591580340005748,ok,0.07142971199937165,0.018831705189872015,0.026149698000153876,80,365,True,length
727,36.22,36.22093962799954,1.5437599819997558,ok,0.0520946320011717,0.018881561746834623,0.02614940400053456,80,353,True,length
728,36.276,36.27635966199887,1.5483820629997354,ok,0.054391415000281995,0.018910945721530233,0.02614976699987892,80,469,True,length
729,36.349,36.34982615700028,1.5558632989996113,ok,0.05856743600088521,0.018952814278466727,0.02792005499941297,80,393,True,length
730,36.386,36.386268543999904,1.557567129000745,ok,0.060210027999346494,0.018953549151912646,0.02739384900087316,80,411,True,length
731,36.459,36.459322286000315,1.5517098410000472,ok,0.06684803799907968,0.018795331632921988,0.027386780999222538,80,411,True,length
732,36.478,36.479837774999396,1.5502602590004244,ok,0.06345634500030428,0.018820010974667626,0.027920200000153272,80,604,True,length
733,36.551,36.5516320709994,1.5569099279982765,ok,0.06508161899910192,0.01888357397468939,0.028031568999722367,80,438,True,length
734,36.661,36.661601559999326,1.5566660569984379,ok,0.06674092399953224,0.018859478772148715,0.02791883899953973,80,589,True,length
735,36.845,36.84524676399997,1.5553285059995687,ok,0.0635274849992129,0.018883190417725446,0.027383855000152835,80,453,True,length
736,37.0,37.00206332000016,1.5480443739998009,ok,0.05948677600099472,0.0188421898607505,0.02791982700000517,80,460,True,length
737,37.073,37.07388972499939,1.5460820900007093,ok,0.07190501799959748,0.01866014502533451,0.027904677001060918,80,349,True,length
738,37.11,37.11114704299871,1.5337449700000434,ok,0.05699564399947121,0.018692739797464854,0.027917506000449066,80,503,True,length
739,37.129,37.12987475999944,1.5347905830003583,ok,0.052398020001419354,0.019251544259721223,0.05031250899992301,78,326,True,length
740,37.184,37.184783208000226,1.5375146210008097,ok,0.056999787000677316,0.01874036607595475,0.027913231000638916,80,505,True,length
741,37.257,37.25730743500026,1.5393012439999438,ok,0.06780225500006054,0.018626276936698515,0.02792045100068208,80,585,True,length
742,37.276,37.27896811999926,1.5295139890004066,ok,0.05899245399996289,0.018613815506347536,0.02803186599885521,80,480,True,length
743,37.404,37.40481232699858,1.5300297740013775,ok,0.06343960500089452,0.018564109227842397,0.027920491998884245,80,503,True,length
744,37.459,37.459575617000155,1.5108646700009558,ok,0.04647532300077728,0.018536246544303876,0.027920483000343665,80,394,True,length
745,37.551,37.55194075599866,1.5217481830004544,ok,0.06670505700094509,0.018417897329101512,0.02791948799858801,80,422,True,length
746,37.569,37.569566926000334,1.5299171910010045,ok,0.06902851900122187,0.01849195140505488,0.027920257000005222,80,380,True,length
747,37.606,37.60669302199858,1.505604793999737,ok,0.04742261899991718,0.018457714683549217,0.027915683000173885,80,469,True,length
748,37.753,37.754948877998686,1.5037646090004273,ok,0.055375022000589524,0.018333750341770597,0.027919713998926454,80,591,True,length
749,37.771,37.77195627800029,1.5063921170003596,ok,0.05257500100015022,0.018402460734170192,0.027561562999835587,80,327,True,length
750,37.845,37.84596737100037,1.5041106720000244,ok,0.05955111999901419,0.018285234810131834,0.027564306999920518,80,341,True,length
751,37.863,37.86409367899978,1.5048573499989288,ok,0.055980275999900186,0.018339887227842997,0.0275659490016551,80,460,True,length
752,37.9,37.901014666000265,1.5034501910013205,ok,0.05670238400125527,0.018312959556963885,0.02755873000023712,80,346,True,length
753,38.02,38.021556319999945,1.508660705998409,ok,0.05267508199904114,0.018429894708868785,0.02758207600163587,80,402,True,length
754,38.04,38.04034263199901,1.5114439409990155,ok,0.0551641660003952,0.01843361888606086,0.027568331999646034,80,369,True,length
755,38.061,38.06192040199858,1.5089075550004054,ok,0.04757998300010513,0.018497540253174752,0.02757892699992226,80,426,True,length
756,38.121,38.12174469299862,1.5157353739996324,ok,0.05958083200130204,0.018432040531640465,0.02754900099898805,80,343,True,length
757,38.202,38.20221758200023,1.5151216379999823,ok,0.05387004700060061,0.018496505278482248,0.027555823000511737,80,365,True,length
758,38.283,38.28375069199865,1.5273342839991528,ok,0.06425670399949013,0.01851962698734335,0.027563450999878114,80,426,True,length
759,38.383,38.3837637839988,1.520461513000555,ok,0.055393644999639946,0.01854482553163864,0.027626962999420357,80,389,True,length
760,38.464,38.46569582200027,1.5214697600004001,ok,0.06552587000078347,0.018429339632900877,0.027558740999666043,80,589,True,length
761,38.606,38.60690542500015,1.5060277089996816,ok,0.057549197001208086,0.018334828721510602,0.027558222000152455,80,311,True,length
762,38.627,38.62746900299862,1.5041150170000037,ok,0.052897818000928964,0.018369549734185815,0.027553264999369276,80,595,True,length
763,38.687,38.68760182799997,1.5006155900009617,ok,0.04781939100030286,0.018389489518983594,0.027557224000702263,80,415,True,length
764,38.748,38.74987953699929,1.5191993480002566,ok,0.0595797619989753,0.01847590492406762,0.026204061001408263,80,301,True,length
765,38.788,38.78848250499868,1.518338567999308,ok,0.05750766999881307,0.01849104488608162,0.02595724499951757,80,360,True,length
766,39.061,39.06180469699939,1.5165258929991978,ok,0.05039192799995362,0.018558293658212346,0.026176109999141772,80,603,True,length
767,39.202,39.202629359999264,1.5207928070012713,ok,0.05525435799972911,0.018550724291160323,0.02624425799876917,80,393,True,length
768,39.222,39.223939202998736,1.5249586859990814,ok,0.054510386999027105,0.018612958974699723,0.026187371999185416,80,327,True,length
769,39.242,39.24247478399957,1.520167462000245,ok,0.05524518899983377,0.01854302805063353,0.026202523999018013,80,380,True,length
770,39.262,39.262217280000186,1.5188432260001719,ok,0.05154181400030211,0.01857314279746051,0.02619903499908105,80,500,True,length
771,39.383,39.383344149999175,1.523099097999875,ok,0.05921520599986252,0.018529839012663165,0.0262039499993989,80,410,True,length
772,39.424,39.424881584000104,1.5170574050007417,ok,0.061286337999263196,0.018427169240509748,0.026198445999398245,80,403,True,length
773,39.444,39.44473381500029,1.5158865619996504,ok,0.06360323400076595,0.018383024569606898,0.026199795000138693,80,591,True,length
774,39.464,39.464377575999606,1.5139589290010917,ok,0.06488055900081235,0.018342460430372003,0.02625289900061034,80,505,True,length
775,39.485,39.48531632799859,1.512495177999881,ok,0.06628595300026063,0.018306074075956566,0.0261826320002001,80,593,True,length
776,39.505,39.50593049999952,1.51061807699989,ok,0.06478534000052605,0.018301369772151577,0.026197410001259414,80,402,True,length
777,39.525,39.526354710000305,1.5088464549990022,ok,0.057563463000406045,0.018370391518987207,0.02619613899878459,80,376,True,length
778,39.627,39.62754261699956,1.4970123490002152,ok,0.04830729200148198,0.018337733354431444,0.02620076200037147,80,402,True,length
779,39.667,39.667342205999375,1.4941067439995095,ok,0.05011493999882077,0.018278058000011893,0.026201050999588915,80,505,True,length
780,39.728,39.728747744999055,1.4989563829985855,ok,0.06361346699850401,0.0181685878987416,0.025959364998925594,80,583,True,length
781,39.869,39.86920146599914,1.477244409999912,ok,0.047776461999092135,0.018094209924048657,0.02559182100048929,80,347,True,length
782,40.061,40.06147885499922,1.482520535999356,ok,0.05061430400019162,0.018125005063286407,0.025591145000362303,80,432,True,length
783,40.121,40.12137721799991,1.4770596059988748,ok,0.047824561999732396,0.018091149999996052,0.02558561300065776,80,432,True,length
784,40.202,40.20266303899916,1.485371667000436,ok,0.06621162500050559,0.017963672898732984,0.025745507999090478,80,374,True,length
785,40.222,40.22274873300012,1.484272403000432,ok,0.05944429500050319,0.018035490582267905,0.02573621400006232,80,398,True,length
786,40.262,40.26219077299902,1.477731056000266,ok,0.05841693100046541,0.01796567788606589,0.02559027099960076,80,343,True,length
787,40.323,40.3239976320001,1.4716770049999468,ok,0.055052149000403006,0.017931623974676122,0.025592437999875983,80,589,True,length
788,40.424,40.42602887300018,1.4638952479999716,ok,0.058931174000463216,0.0177839629620244,0.025747232999492553,80,369,True,length
789,40.505,40.5056970200003,1.4498887419995299,ok,0.05388022499937506,0.01767063898736109,0.025742858000739943,80,455,True,length
790,40.647,40.64762631600024,1.4365532030005852,ok,0.06312547100060328,0.017384820468348,0.025743278998561436,80,599,True,length
791,40.667,40.6673023809999,1.4340613820004364,ok,0.05715197999961674,0.017428926443037337,0.025745110000571003,80,305,True,length
792,40.707,40.70790553599909,1.4266427439997642,ok,0.05453396799930488,0.017368155278492413,0.025744475000465172,80,376,True,length
793,40.788,40.7883731869988,1.4205892059999314,ok,0.0477061749988934,0.01737796569621055,0.025740119001056883,80,401,True,length
794,41.022,41.0227800929988,1.4184019250005804,ok,0.04868287400131521,0.01733786405061955,0.02574158700008411,80,344,True,length
795,41.112,41.112499048000245,1.4116813789987646,ok,0.04897800700018706,0.017249098468353253,0.025734828999702586,80,604,True,length
796,41.224,41.22449400599908,1.428051687998959,ok,0.055452384000091115,0.01737436801264681,0.025742228999661165,80,601,True,length
797,41.337,41.33738578399971,1.4291523159990902,ok,0.04541552199953003,0.01751518882278267,0.025738192998687737,80,402,True,length
798,41.381,41.38173434199962,1.4496219960001326,ok,0.05443468200064672,0.017660287113922327,0.0276471950000996,80,404,True,length
799,41.426,41.426176261000364,1.4391429039987997,ok,0.047986829000365105,0.01760924350632586,0.027662024998790002,80,455,True,length
800,41.538,41.53875475799941,1.451043317998483,ok,0.06032204199982516,0.017603730518974865,0.027643590001389384,80,402,True,length
801,41.628,41.629409686000145,1.4483195930006332,ok,0.05943857100101013,0.017580445772159402,0.02766406200134952,80,417,True,length
802,41.763,41.763659663,1.4499061930000607,ok,0.045429757999954745,0.017777780911389148,0.027707821000149124,80,454,True,length
803,42.157,42.15729207599907,1.4873653439990449,ok,0.05120306699973298,0.018178947202521827,0.027665009001793806,80,594,True,length
804,42.179,42.17919211200024,1.4839573760000349,ok,0.04278456499923777,0.018242302227860555,0.02771171700078412,80,347,True,length
805,42.202,42.20384153899977,1.4951494079996337,ok,0.061125596999772824,0.018151877518972424,0.02766104999864183,80,402,True,length
806,42.224,42.22465919899878,1.493068341000253,ok,0.053373964999991586,0.01822367621518217,0.027662104001137777,80,431,True,length
807,42.337,42.33758688799935,1.5016450149996672,ok,0.06364053499964939,0.018202254101266545,0.02771205499993812,80,453,True,length
808,42.359,42.35964679499921,1.4983463440003106,ok,0.0614132470000186,0.018188732012668313,0.02766194300056668,80,427,True,length
809,42.381,42.38235677099874,1.4998309219990915,ok,0.05877707400031795,0.01824082654429385,0.027643298000839422,80,339,True,length
810,42.404,42.404581523998786,1.4912701240009483,ok,0.04989730600027542,0.01824494792404787,0.027661771999191842,80,480,True,length
811,42.471,42.471762035998836,1.4941930109998793,ok,0.05230052200022328,0.018251465113902254,0.02766118900035508,80,399,True,length
812,42.538,42.538819663999675,1.4967095169995446,ok,0.05951145499966515,0.01819204898734663,0.027664436998747988,80,585,True,length
813,42.561,42.561960977000126,1.4915287589992658,ok,0.05248627699984354,0.018215422037969744,0.02766155199969944,80,346,True,length
814,42.606,42.60664946699944,1.4852719770005933,ok,0.04571421600121539,0.01822193753162802,0.02767031199982739,80,595,True,length
815,42.651,42.65265850799915,1.4862626920003095,ok,0.055461449001086294,0.018111103316440204,0.027662959999361192,80,480,True,length
816,42.696,42.6962588639999,1.476161675000185,ok,0.051558883000325295,0.018032203278484236,0.027710673999536084,80,318,True,length
817,42.74,42.74093731500034,1.4857176700006676,ok,0.06350386899976002,0.01800235668355227,0.027663969000059296,80,480,True,length
818,42.785,42.78607104299954,1.4745789009994041,ok,0.06527258499954769,0.01783902911394094,0.026533723999818903,80,589,True,length
819,42.808,42.80879469299907,1.4751646450004046,ok,0.0562984520001919,0.01796005592404981,0.02652227099861193,80,402,True,length
820,42.853,42.85370904699994,1.4609010570002283,ok,0.0495706430010614,0.017864645164542097,0.026536564000707585,80,341,True,length
821,43.05,43.05070938599965,1.465490921998935,ok,0.06514459899881331,0.017725581455711625,0.026811579999048263,80,404,True,length
822,43.101,43.10199273199942,1.452832622000642,ok,0.05187337099960132,0.01773333269621513,0.02678003499931947,80,402,True,length
823,43.177,43.177452101999734,1.4423301619990525,ok,0.05500515499988978,0.017560783848101075,0.026011486999777844,80,372,True,length
824,43.202,43.20262914399973,1.4398265440013347,ok,0.04551536300095904,0.017649134924035532,0.026010686999143218,80,593,True,length
825,43.278,43.278811365000365,1.4423176370000874,ok,0.06163105999985419,0.017476705607609628,0.026007442000263836,80,360,True,length
826,43.429,43.429175972998564,1.4276813669985131,ok,0.061001824999038945,0.017299410759503038,0.025841151998974965,80,585,True,length
827,43.454,43.45449812999868,1.4195310839986632,ok,0.051012377998631564,0.017322731734186417,0.02583819199935533,80,426,True,length
828,43.832,43.83414022699981,1.3870884379994095,ok,0.06089189099839132,0.016786963620274313,0.025835198999629938,80,589,True,length
829,44.05,44.05076636599915,1.3659387450006761,ok,0.05447637500037672,0.016600458911392408,0.025840128000709228,80,395,True,length
830,44.151,44.15115941399927,1.3668093800006318,ok,0.057870561999152415,0.016568500569623144,0.025836695000180043,80,431,True,length
831,44.252,44.253074263999224,1.3483720789990912,ok,0.0434523049989366,0.01651753549367065,0.02581986899895128,80,401,True,length
832,44.303,44.303200365999146,1.3466288630006602,ok,0.04807361700113688,0.016437070848087963,0.025832391998847015,80,599,True,length
833,44.454,44.455664101000366,1.3613935330013192,ok,0.06058712100093544,0.016465580835445713,0.025834799998847302,80,318,True,length
834,44.504,44.50471096000001,1.3448547860007238,ok,0.04952839900033723,0.016396148544313465,0.02581828999973368,80,499,True,length
835,44.605,44.60521889799929,1.3394042940017243,ok,0.05085212400081218,0.01631044683544812,0.02583750000121654,80,593,True,length
836,44.781,44.78148122799939,1.3411498450004729,ok,0.06200156799968681,0.016191463607597892,0.024731669000175316,80,400,True,length
837,44.807,44.808942380999724,1.3363557769989711,ok,0.04732571699969412,0.01631654330380622,0.0247475360010867,80,337,True,length
838,45.252,45.25248300599924,1.3560667099991406,ok,0.052153425000142306,0.016504914886066712,0.024733052998271887,80,423,True,length
839,45.454,45.454837646999295,1.3509839920006925,ok,0.04545637900082511,0.016525328797475203,0.02466580799955409,80,427,True,length
840,45.554,45.55510018899986,1.357476207000218,ok,0.04620701400017424,0.01659801111390716,0.02473429000019678,80,339,True,length
841,45.655,45.65608615999918,1.3536655360003351,ok,0.04595505500037689,0.016552965999985243,0.02472091600066051,80,365,True,length
842,45.756,45.75776730599864,1.3739361159987311,ok,0.05932235900036176,0.016640386367081317,0.024738354000874097,80,480,True,length
843,46.0,46.00019198799964,1.3947730880008748,ok,0.05823073499959719,0.016917939911406932,0.02470813399850158,80,398,True,length
844,46.101,46.102808371999345,1.4036696170005598,ok,0.05540971800110128,0.01706625472150888,0.024739704000239726,80,376,True,length
845,46.202,46.20278570899973,1.4096602760000678,ok,0.05442026800119493,0.017154597379736007,0.025923856999725103,80,591,True,length
846,46.404,46.404576355000245,1.4244480209999892,ok,0.050734485001157736,0.017388419860748676,0.02602169100100582,80,333,True,length
847,46.429,46.42924174399923,1.4150911239994457,ok,0.03992729200035683,0.017406837860752478,0.02589376699870627,80,408,True,length
848,46.454,46.45561459899909,1.424243416000536,ok,0.050419311000950984,0.017389847215194487,0.02588824699887482,80,596,True,length
849,46.529,46.52946652799983,1.4160559400006605,ok,0.04512937999970745,0.01735317254430431,0.025920651998603716,80,400,True,length
850,46.655,46.65579545299988,1.4344294309994439,ok,0.05261809699914011,0.017490972025313304,0.025895222001054208,80,389,True,length
851,46.781,46.78215036099937,1.4453874209993955,ok,0.05995987099959166,0.017536714974695212,0.025917966000633896,80,588,True,length
852,46.832,46.83290370299983,1.429983109999739,ok,0.04590466199988441,0.01751964510128081,0.025919109999449574,80,339,True,length
853,47.0,47.00130024399914,1.4385136050004803,ok,0.045180876999438624,0.017636816037983283,0.025922259999788366,80,426,True,length
854,47.076,47.076821189999464,1.4461429319999297,ok,0.054993195000861306,0.01760906330378884,0.02593556900137628,80,431,True,length
855,47.126,47.12814219599932,1.4441890500002046,ok,0.062462681000397424,0.017489907822799737,0.025935866999134305,80,404,True,length
856,47.151,47.15182921399901,1.4440195170009247,ok,0.052205236001100275,0.01761762551898214,0.025921169999492122,80,339,True,length
857,47.252,47.25308874300026,1.4481787669992627,ok,0.051976555998408,0.017673141113938313,0.025920699001289904,80,325,True,length
858,47.328,47.3284100869987,1.4425751020007738,ok,0.04821462400104792,0.017649634531648466,0.025919984000211116,80,503,True,length
859,47.379,47.379932120999,1.4471042339991982,ok,0.05818095699942205,0.01758099517723213,0.025921524998921086,80,603,True,length
860,47.404,47.40521199799878,1.4392050210008165,ok,0.05142402800083801,0.017566176215179346,0.025920587999280542,80,486,True,length
861,47.429,47.4299886459994,1.437831945999278,ok,0.04027155199946719,0.017690343278491703,0.025938180000594002,80,345,True,length
862,47.554,47.55416206799964,1.440492407999045,ok,0.058119489998716745,0.01749805100000599,0.025932983999155113,80,453,True,length
863,47.706,47.70653131799918,1.4419104019998485,ok,0.06317153199961467,0.01745206059493722,0.025888058999044006,80,358,True,length
864,47.781,47.782131399999344,1.439257500000167,ok,0.06259667300037108,0.01742554113924241,0.02593817399974796,80,366,True,length
865,48.0,48.00031813199894,1.4350072220004222,ok,0.05256383300002199,0.01749894412658918,0.025908274999892456,80,404,True,length
866,48.025,48.02545921099954,1.428695405000326,ok,0.040151684001102694,0.017576119531648008,0.02583466099895304,80,404,True,length
867,48.05,48.05029748199922,1.4421525599991583,ok,0.05338047399891366,0.01757905218987674,0.026002111999332556,80,376,True,length
868,48.177,48.177301828000054,1.4443898369991075,ok,0.050514908998593455,0.01764370067090406,0.025937581000107457,80,314,True,length
869,48.303,48.30423413899916,1.470834443000058,ok,0.059480258998519275,0.017864922519003835,0.02613171700068051,80,417,True,length
870,48.404,48.405141948000164,1.453327862000151,ok,0.04773912600103358,0.017791920797472938,0.0261291450005956,80,314,True,length
871,48.554,48.55482186500012,1.45845893600017,ok,0.060043182000299566,0.017701146417712612,0.02612705100000312,80,398,True,length
872,48.579,48.57966793599917,1.452045136000379,ok,0.04904718999932811,0.017759135582286655,0.026072462998854462,80,612,True,length
873,48.63,48.63101598999856,1.464057799001239,ok,0.05667735600036394,0.01781464224050184,0.026175561999480124,80,591,True,length
874,48.655,48.655171329999575,1.453346574000534,ok,0.0461472250008228,0.017812368417725325,0.02619102900098369,80,345,True,length
875,48.756,48.756237880999834,1.4579732160000276,ok,0.05218493800020951,0.017794440430372583,0.02607229500063113,80,399,True,length
876,48.832,48.832368534000125,1.4519998590003524,ok,0.04851865300042846,0.017765127189865976,0.02619319899895345,80,352,True,length
877,49.025,49.026138899000216,1.4771985040006257,ok,0.05928006800058938,0.017948026481002372,0.026128613000764744,80,418,True,length
878,49.05,49.051153413000065,1.4766914490010095,ok,0.04790359099933994,0.018085628379767398,0.02612648300055298,80,404,True,length
879,49.151,49.15181914200002,1.4771229430007224,ok,0.05550747199959005,0.017994830126600057,0.026129806999961147,80,376,True,length
880,49.177,49.177769781999814,1.475731184000324,ok,0.04351948299881769,0.01812896962025051,0.026127899000130128,80,603,True,length
881,49.278,49.279020586000115,1.5017929399982677,ok,0.06534329999885813,0.018182591405058724,0.027157604999956675,80,422,True,length
882,49.303,49.30407858199942,1.4894737729991903,ok,0.054425590999017004,0.01816484102532798,0.02706159400077013,80,365,True,length
883,49.353,49.3546766519994,1.4972408359990368,ok,0.06505336499867553,0.01812865360761286,0.027216120999582927,80,365,True,length
884,49.379,49.379882093999186,1.4856142630014801,ok,0.05585742600123922,0.01809790208859294,0.027054883999880985,80,504,True,length
885,49.429,49.42993958700026,1.4905894229996193,ok,0.06275294000079157,0.018073553063280814,0.02715142899978673,80,400,True,length
886,49.479,49.47962534099861,1.473913697000171,ok,0.05825020700103778,0.0179194611772098,0.02707769799962989,80,504,True,length
887,49.504,49.50493923799877,1.4661367410008097,ok,0.04683354200096801,0.017965585810111696,0.02705481399971177,80,389,True,length
888,49.605,49.60525434400006,1.4640248190007696,ok,0.06270743700042658,0.017737880924051992,0.02715220699974452,80,367,True,length
889,49.63,49.6304572809986,1.4626402160010912,ok,0.05123568400085787,0.017865582936700534,0.02705365099973278,80,417,True,length
890,49.731,49.73119512399899,1.4592278189993522,ok,0.05688509499850625,0.017750842164568435,0.027067459999670973,80,404,True,length
891,50.025,50.02565707999929,1.4579807800000708,ok,0.06954648300052213,0.017574682936689977,0.027147990000230493,80,365,True,length
892,50.05,50.051010203998885,1.44610947900037,ok,0.05732578700008162,0.01757924072152019,0.02705377899837913,80,376,True,length
893,50.151,50.15168963599899,1.447261522998815,ok,0.06295083799886925,0.01752259182278435,0.027212275999772828,80,347,True,length
894,50.278,50.27879019899956,1.4443572599993786,ok,0.06850495199978468,0.017415457772148316,0.027214789999561617,80,500,True,length
895,50.303,50.30366470300032,1.4383019029992283,ok,0.05708688899903791,0.017483472329124335,0.027056980001361808,80,416,True,length
896,50.379,50.37946501799888,1.4253529540001182,ok,0.053292585000235704,0.017367510455682626,0.027074616999016143,80,402,True,length
897,50.479,50.480533762998675,1.4303202600003715,ok,0.06057130400040478,0.01733830116454901,0.02705299700028263,80,343,True,length
898,50.605,50.6059182049994,1.4179930779991992,ok,0.06303875300000072,0.017151008227854248,0.027202045001104125,80,477,True,length
899,50.731,50.73119436699926,1.4117270080005255,ok,0.06223009800123691,0.01708192998732925,0.025646043999586254,80,418,True,length
900,50.807,50.80794500899901,1.4047352010002214,ok,0.05768579600044177,0.01705093816456645,0.024881491000996903,80,593,True,length
901,50.857,50.85729514400009,1.3884720249989186,ok,0.044151451000288944,0.0170163970253063,0.024851146001310553,80,417,True,length
902,51.05,51.050944123999216,1.4112793069998588,ok,0.06038521800110175,0.017099604531641846,0.02508163600032276,80,504,True,length
903,51.076,51.076499938999405,1.3992630479988293,ok,0.04853193700000702,0.01709756550632006,0.025076644000364468,80,431,True,length
904,51.202,51.20273495699985,1.4015683580000768,ok,0.056352685000092606,0.017027715367096134,0.02512066999952367,80,601,True,length
905,51.252,51.25262717999976,1.4044539790011186,ok,0.0599723070008622,0.017018453101259125,0.025125203999778023,80,599,True,length
906,51.429,51.42946145199858,1.4076230390001,ok,0.05410597399895778,0.017132808746846653,0.025266501999794855,80,410,True,length
907,51.454,51.45460444899982,1.3961233669997455,ok,0.042605050999554805,0.017132858582297995,0.025272078999478254,80,601,True,length
908,51.479,51.47944296700007,1.413400653998906,ok,0.05391764699925261,0.017208329924052364,0.026522545000261744,80,415,True,length
909,51.655,51.655607620999945,1.4214094400012982,ok,0.06724251600098796,0.017141008177221216,0.026517464000789914,80,480,True,length
910,51.68,51.68059449999964,1.414279123999222,ok,0.061086829999112524,0.017128650645587832,0.026514224000493414,80,431,True,length
911,51.706,51.70711078400018,1.4056580500000564,ok,0.048308422999980394,0.01718127129113989,0.026553134999630856,80,400,True,length
912,51.807,51.807294049998745,1.4196124649988633,ok,0.05046624399983557,0.017330646911386218,0.026518098999076756,80,415,True,length
913,51.857,51.857243749998815,1.4225806029990054,ok,0.053538865999144036,0.01732935567088134,0.026550006001343718,80,412,True,length
914,52.025,52.026129187999686,1.4314867369994317,ok,0.050600311000380316,0.017479201455680136,0.026551741000730544,80,381,True,length
915,52.126,52.12697515800028,1.4344200520008599,ok,0.05205809499966563,0.017497713835445777,0.026565602000118815,80,589,True,length
916,52.252,52.25313408999864,1.436816078999982,ok,0.04527749400040193,0.01761411668354136,0.026573953000479378,80,458,True,length
917,52.303,52.30360188399936,1.4368341339995823,ok,0.0479333460007183,0.01758072278481231,0.026568478000626783,80,589,True,length
918,52.379,52.38087338599871,1.4512786110008165,ok,0.0562794239995128,0.017657753329123945,0.026554313000815455,80,418,True,length
919,52.429,52.42949391699949,1.4444389420004882,ok,0.046331985999131575,0.01769726396203255,0.026553805999355973,80,348,True,length
920,52.605,52.605615211999975,1.457433609999498,ok,0.05133534900051018,0.01779830143038188,0.02655224500085751,80,442,True,length
921,52.706,52.706931101998634,1.4636623239985056,ok,0.050745719998303684,0.01788471032912501,0.026555325001027086,80,346,True,length
922,52.756,52.75643052600026,1.475205136999648,ok,0.060903969999344554,0.017902209873417507,0.026553162999334745,80,415,True,length
923,52.781,52.781247413999154,1.4644601050003985,ok,0.055933779000042705,0.017829147063291858,0.026569118999759667,80,401,True,length
924,52.807,52.80851549900035,1.4559059790008178,ok,0.04215570300038962,0.01789528724049565,0.026566828999420977,80,305,True,length
925,52.857,52.85796277400004,1.4588122250006563,ok,0.04772132800098916,0.0178616195443041,0.026130981001188047,80,418,True,length
926,53.101,53.10143407199939,1.4583575070009829,ok,0.054448656001113704,0.017770674303783724,0.026628998999512987,80,322,True,length
927,53.126,53.12720169199929,1.4508692449999216,ok,0.042559289000564604,0.017826406632893043,0.026633831999788526,80,402,True,length
928,53.151,53.15170979999857,1.4678451729996596,ok,0.061408391999066225,0.017802642936727307,0.026557158000287018,80,339,True,length
929,53.177,53.1779605849988,1.455203433000861,ok,0.04914261600060854,0.017797968341762463,0.026561100999970222,80,333,True,length
930,53.278,53.279262100999404,1.4682095650005067,ok,0.05368747399916174,0.017905017784823365,0.02662790799877257,80,431,True,length
931,53.353,53.354124047998994,1.46213046900084,ok,0.05074520400012261,0.01786529413925276,0.026559385998552898,80,344,True,length
932,53.605,53.60632596100004,1.4752806500000588,ok,0.06134014599956572,0.01789767407595557,0.026564128000245546,80,599,True,length
933,53.63,53.63016059199981,1.465009858000485,ok,0.05959632000121928,0.01778973767086657,0.026565562999167014,80,583,True,length
934,53.655,53.65548208399923,1.464094742999805,ok,0.052845191001324565,0.017863595759484305,0.026605693999954383,80,438,True,length
935,53.68,53.680171108999275,1.4526119950005523,ok,0.041583741000067675,0.017860856341779058,0.026616911000019172,80,410,True,length
936,53.756,53.756630869998844,1.464327122999748,ok,0.056608844999573193,0.01781894162024999,0.02662503499959712,80,410,True,length
937,53.832,53.83232482600033,1.4667230899995047,ok,0.0607643499988626,0.017796606759486765,0.026631868999174912,80,480,True,length
938,53.857,53.858135012000275,1.4597454129998368,ok,0.04870561600000656,0.01786098248102681,0.026626654000210692,80,333,True,length
939,54.05,54.050703823999356,1.474483895000958,ok,0.05055672200069239,0.018024066810125354,0.026619440001013572,80,288,True,length
940,54.177,54.17782199799876,1.479179247000502,ok,0.05394043900014367,0.018040688481027866,0.026620687000104226,80,360,True,length
941,54.202,54.202900890999445,1.4732793029997993,ok,0.042859371000304236,0.01810625756960793,0.026635678999809898,80,480,True,length
942,54.379,54.379551140998956,1.4902707649998774,ok,0.053593362999890815,0.018185466759480077,0.026623232999554602,80,445,True,length
943,54.479,54.480710587999056,1.4927755890003027,ok,0.06558623499950045,0.018065344873436136,0.02657700700001442,80,436,True,length
944,54.504,54.50415723500009,1.4879686250005761,ok,0.055453962999308715,0.018132810708864987,0.02654885199990531,80,427,True,length
945,54.579,54.57930959999976,1.487119347000771,ok,0.0539466980008001,0.018141077962032404,0.026533397000093828,80,401,True,length
946,54.63,54.63115197499974,1.4943230879998737,ok,0.05479781800022465,0.01822152753164671,0.026548935999016976,80,505,True,length
947,54.68,54.6807846949996,1.493873438999799,ok,0.06620333099999698,0.018071463886072604,0.026469857000847696,80,339,True,length
948,54.706,54.706154748999325,1.4869668089995685,ok,0.056181508998633944,0.01811092334178341,0.02655033599876333,80,365,True,length
949,55.025,55.02583396099908,1.4931490480012144,ok,0.05593431499983126,0.018192252405069782,0.02715297500071756,80,400,True,length
950,55.05,55.05114067199975,1.4867283229996247,ok,0.04442915299841843,0.01825666460759357,0.02709527099978004,80,455,True,length
951,55.076,55.07623038899874,1.4995032110000466,ok,0.05682207400059269,0.018261491999993856,0.027097861999209272,80,309,True,length
952,55.151,55.152082102998975,1.4937551740003983,ok,0.055071972999940044,0.018210854784816155,0.027077047001512256,80,404,True,length
953,55.177,55.178144866000366,1.4861170369986212,ok,0.042996168000172474,0.018267044518981056,0.027070306001405697,80,593,True,length
954,55.202,55.20296554499873,1.497223682999902,ok,0.05607564599995385,0.01824206968353504,0.02707038299922715,80,187,True,length
955,55.252,55.25220902199908,1.4862369139991642,ok,0.047269067999877734,0.018214485506339056,0.02709590100130299,80,339,True,length
956,55.353,55.353984346998914,1.488711025000157,ok,0.061359113999060355,0.018067445189882177,0.027188942000066163,80,477,True,length
957,55.379,55.379588292000335,1.4882000420002441,ok,0.0492117120011244,0.018214761797451823,0.027076899999883608,80,480,True,length
958,55.429,55.42922903999897,1.4894747590005863,ok,0.06177646600008302,0.018071785075968547,0.027060172000346938,80,389,True,length
959,55.454,55.4559099399994,1.4811588829998072,ok,0.05070949500077404,0.01810664484810907,0.027070056999946246,80,469,True,length
960,55.529,55.52967741999964,1.4728536479997274,ok,0.050639610999496654,0.018002385556969727,0.02709612999933597,80,398,True,length
961,55.605,55.606928848999814,1.476665944999695,ok,0.06937571900016337,0.017813454240516693,0.027071731999967596,80,346,True,length
962,55.63,55.630171662000066,1.470903202000045,ok,0.05971096299981582,0.017862886113924774,0.027095416000520345,80,404,True,length
963,55.706,55.706556344999626,1.4595451089990092,ok,0.05627362599989283,0.01776260613923678,0.02707173300041177,80,396,True,length
964,55.807,55.80734883100013,1.4694015519999084,ok,0.0625789519999671,0.017807573025308984,0.02707213400026376,80,360,True,length
965,56.0,56.00053273599951,1.4530083680001553,ok,0.04687662099968293,0.017798820443042845,0.027076517000750755,80,352,True,length
966,56.076,56.076719634000256,1.4662974980001309,ok,0.06151833900003112,0.0177816952531706,0.027077156999439467,80,346,True,length
967,56.202,56.203505120000045,1.4620278559996223,ok,0.06758894800077542,0.017650816101252794,0.027070963998994557,80,343,True,length
968,56.227,56.22781663499882,1.4550946460003615,ok,0.056669084000532166,0.01770129596203517,0.027148023000336252,80,399,True,length
969,56.303,56.30400762499994,1.444503517001067,ok,0.05993073500030732,0.017525914620254976,0.025736126000992954,80,412,True,length
970,56.328,56.32903275799981,1.436561384000015,ok,0.047906002999297925,0.01757759979747927,0.025712839000334498,80,416,True,length
971,56.454,56.45491098099956,1.445044936001068,ok,0.06391601500035904,0.01748231321519747,0.025267293000069913,80,309,True,length
972,56.529,56.529346455999985,1.4194683700006863,ok,0.046213591000196175,0.017382592202529506,0.025145980000161217,80,415,True,length
973,56.68,56.680376219999744,1.413109824001367,ok,0.05780182499984221,0.01715549259495651,0.0250189499984117,80,360,True,length
974,56.832,56.83278282900028,1.404675859001145,ok,0.05382623700097611,0.01709901887341955,0.024858725000740378,80,347,True,length
975,56.857,56.85804444299902,1.4025226409994502,ok,0.04189356099959696,0.01722286779746539,0.024802136000289465,80,415,True,length
976,57.151,57.151726805999715,1.4151346300004661,ok,0.056798672001605155,0.017193754822764726,0.024802821999401203,80,603,True,length
977,57.177,57.17746529999931,1.4085275919987907,ok,0.04493639399879612,0.017260351974683442,0.024834728001223993,80,325,True,length
978,57.202,57.20391895799912,1.4156445739990886,ok,0.055293523999353056,0.01721935311392763,0.02483633399970131,80,327,True,length
979,57.303,57.303795840998646,1.4181162089989812,ok,0.06422268799906306,0.017137592455709855,0.024757018001764663,80,402,True,length
980,57.328,57.32884247199945,1.4109824160004791,ok,0.053111467001144774,0.017187770240490886,0.024734175000048708,80,417,True,length
981,57.379,57.37926859899926,1.409829816000638,ok,0.054917254999963916,0.017150465759509126,0.02457099300045229,80,352,True,length
982,57.429,57.42964940299862,1.4145231829988916,ok,0.060855617999550304,0.017134736215183105,0.02459756899952481,80,398,True,length
983,57.579,57.579890012999385,1.3897055510005885,ok,0.04960078400108614,0.016963037354430468,0.02459167699998943,80,488,True,length
984,57.807,57.80751836499985,1.4036662180005806,ok,0.058912074000545545,0.01702189156960138,0.024593740999989677,80,505,True,length
985,58.076,58.076615702999334,1.396493754000403,ok,0.059529780999582727,0.016923288430387148,0.024591325000073994,80,480,True,length
986,58.101,58.10183535299984,1.3853308390007442,ok,0.053506320999076706,0.016858243848115375,0.024590991000877693,80,352,True,length
987,58.126,58.12688943499961,1.37717885299935,ok,0.04174219299966353,0.016903965746839472,0.024596027000370668,80,311,True,length
988,58.177,58.17903636899973,1.3901366379996034,ok,0.05872932499914896,0.016852943873426382,0.02459189100045478,80,432,True,length
989,58.227,58.22729344899926,1.3750719279996702,ok,0.0468977239997912,0.0168120400885988,0.024593113999799243,80,374,True,length
990,58.303,58.303585913999996,1.3882102739989932,ok,0.05514050700003281,0.01687392835442494,0.02736810200076434,80,589,True,length
991,58.353,58.35389810599918,1.3833136680004827,ok,0.0579846410000755,0.016775967531660323,0.027512728000147035,80,394,True,length
992,58.479,58.48010397500002,1.3789899149996927,ok,0.055045405999408104,0.01675846567089633,0.027450176999991527,80,309,True,length
993,58.504,58.505217728999924,1.3708938890013087,ok,0.04322689200125751,0.016805589708866725,0.027407907999076997,80,344,True,length
994,58.605,58.60602969199863,1.366031703999397,ok,0.049927251999179134,0.01665911136709078,0.02743776900024386,80,396,True,length
995,58.807,58.8080246669997,1.3581542490010179,ok,0.04861629400147649,0.016576059050622243,0.027435637999587925,80,593,True,length
996,59.0,59.000481852999656,1.3713996660007979,ok,0.059536704000493046,0.01660550331645844,0.02743530199950328,80,586,True,length
997,59.025,59.02647943899865,1.362440245999096,ok,0.052260029999160906,0.016584270924058613,0.027436115999080357,80,589,True,length
998,59.05,59.05081005200009,1.3561261180002475,ok,0.04190202700010559,0.016635426329115414,0.0274358980004763,80,345,True,length
999,59.126,59.1267709269996,1.3647146509993036,ok,0.05063920899920049,0.016633558316450806,0.027452291000372497,80,412,True,length
1000,59.429,59.430883040999106,1.382865622999816,ok,0.05624149499999476,0.01679242407594814,0.027435861999038025,80,399,True,length
1001,59.655,59.65576337099992,1.3700935220003885,ok,0.048350888000641135,0.016730578696204916,0.024842840999554028,80,381,True,length
1002,59.756,59.75716534899948,1.3694815750004636,ok,0.048533365999901434,0.016720541721537578,0.02491478899901267,80,589,True,length
1003,59.807,59.807918393000364,1.367934582000089,ok,0.05124130399963178,0.016666702354420602,0.024640817000545212,80,376,True,length
1004,60.101,60.10176201499962,1.3933529709993309,ok,0.047057198999027605,0.01704138117722461,0.024640867000925937,80,593,True,length
1005,60.227,60.22757327199906,1.4116083379994961,ok,0.05320231499899819,0.01719466344303915,0.02542634299970814,80,585,True,length
1006,60.278,60.27847442500024,1.4136088830000517,ok,0.0606888300007995,0.01712528145569045,0.025438109998503933,80,603,True,length
1007,60.303,60.303598312999384,1.4131601780009078,ok,0.05436717600059637,0.017199628721513524,0.02540945199871203,80,503,True,length
1008,60.328,60.32961946599971,1.4001078979999875,ok,0.04249802400045155,0.01718466473417559,0.025412810000489117,80,402,True,length
1009,60.404,60.40437542399923,1.410862372000338,ok,0.05309241800023301,0.01718665036706982,0.0254133409998758,80,469,True,length
1010,60.554,60.554191653998714,1.4053414600002725,ok,0.05192418899969198,0.017131485683536615,0.025388304000443895,80,312,True,length
1011,60.605,60.60645906799982,1.4025637590002589,ok,0.05308755599980941,0.017081654075947788,0.025412899000002653,80,399,True,length
1012,60.655,60.65610367099907,1.4025953159998608,ok,0.05609032900065358,0.017044090088612518,0.025444580000112182,80,460,True,length
1013,60.756,60.75728829400032,1.410873024000466,ok,0.05650764900019567,0.01714355258226982,0.025412125998627744,80,408,True,length
1014,60.807,60.80750423899917,1.4096471600005316,ok,0.05782667700077582,0.017111374329125524,0.02543223599968769,80,415,True,length
1015,61.076,61.07649706899974,1.4305940129997907,ok,0.05010531900006754,0.01747423334176968,0.02559541299888224,80,345,True,length
1016,61.151,61.151835441,1.447936579999805,ok,0.06655406399841013,0.017485522810142057,0.02559664999898814,80,297,True,length
1017,61.177,61.1781019150003,1.4404365989994403,ok,0.059438719999889145,0.017480679974682913,0.025598372998501873,80,327,True,length
1018,61.202,61.20247838799878,1.434382140998423,ok,0.04817307199846255,0.017546657151900878,0.025597874000595766,80,445,True,length
1019,61.252,61.253103412998826,1.4361219799993705,ok,0.05164046900063113,0.017524775303794326,0.02559729300082836,80,480,True,length
1020,61.353,61.353931468000155,1.4394987839987152,ok,0.05729417200018361,0.017495874556965347,0.025848386001598556,80,411,True,length
1021,61.379,61.379784750999534,1.4331263700005366,ok,0.04547412400097528,0.017564897898732335,0.02594143699934648,80,337,True,length
1022,61.504,61.50552570099899,1.4360565309998492,ok,0.06148612699871592,0.017399290962041764,0.02594619000046805,80,591,True,length
1023,61.579,61.579194490999726,1.4273862450008892,ok,0.06008785199992417,0.017307236189883987,0.02593184699981066,80,345,True,length
1024,61.68,61.68051847499919,1.4123618429985072,ok,0.04933542899925669,0.01725320144304291,0.02594693900027778,80,460,True,length
1025,61.756,61.75684656199883,1.4323861100001523,ok,0.05810472499979369,0.017395610607597024,0.025927207001586794,80,318,True,length
1026,62.05,62.05098730699865,1.4434497759993974,ok,0.04403314999944996,0.017713833417716,0.02677962599955208,80,396,True,length
1027,62.101,62.10147475299891,1.4437914619993535,ok,0.052606649998779176,0.017609619493669015,0.026715215999502107,80,347,True,length
1028,62.126,62.126779969999916,1.437100825998641,ok,0.04130786199857539,0.01766797877216153,0.02673578699977952,80,422,True,length
1029,62.202,62.20298699699924,1.4481690450011229,ok,0.057115333000183455,0.017607983430382234,0.026747388999865507,80,423,True,length
1030,62.227,62.2274850649992,1.4485898869988887,ok,0.045930686999781756,0.017754908253169284,0.02681927100093162,80,452,True,length
1031,62.278,62.278628500000195,1.4491165509989514,ok,0.04747997699996631,0.01774195098732889,0.026822424999409122,80,415,True,length
1032,62.328,62.32833298100013,1.4558618370010663,ok,0.05428251699959219,0.017741105113945874,0.026715066998804105,80,393,True,length
1033,62.379,62.37954176399944,1.4575044210014312,ok,0.05697305100147787,0.017727929417710182,0.026743155000076513,80,599,True,length
1034,62.504,62.50436850299957,1.4578893489997427,ok,0.06261504000030982,0.017661350506317876,0.026740426999822375,80,418,True,length
1035,62.529,62.52983932299867,1.4510600620014884,ok,0.050672563000262016,0.01772610112659348,0.026557384999250644,80,365,True,length
1036,62.756,62.75705776199902,1.463076887999705,ok,0.05558884899983241,0.017816005341771843,0.026773726000101306,80,389,True,length
1037,62.781,62.782083743999465,1.4569974570003978,ok,0.045721417000095244,0.017863964784818206,0.026781568998558214,80,371,True,length
1038,63.0,63.00203666199923,1.4965258669999457,ok,0.05696103099944594,0.018222011531662835,0.026744982000309392,80,314,True,length
1039,63.07599999999999,63.07643944299889,1.4983288419989549,ok,0.05950747200040496,0.018212611987340248,0.026746109999294276,80,439,True,length
1040,63.101,63.10311546399862,1.4902178849988559,ok,0.046216544998969766,0.01827820794937043,0.026748333000796265,80,453,True,length
1041,63.150999999999996,63.15186646700022,1.498064155000975,ok,0.050837262000641203,0.01831906370887138,0.026746924999315524,80,401,True,length
1042,63.227000000000004,63.227803656000106,1.518178712000008,ok,0.0594984259987541,0.01846398872151474,0.026818890000868123,80,404,True,length
1043,63.278000000000006,63.27885797199997,1.502973196998937,ok,0.05205478499919991,0.018365733202526942,0.02682054500110098,80,426,True,length
1044,63.303,63.303676543999245,1.496953981999468,ok,0.04131666099965514,0.01842547479747184,0.026823420001164777,80,339,True,length
1045,63.352999999999994,63.35324387699984,1.5215358269997523,ok,0.06427705799978867,0.018446014164556466,0.026821864001249196,80,401,True,length
1046,63.45399999999999,63.454819987999144,1.51333595899996,ok,0.05804724100016756,0.018421054936707267,0.025861260000965558,80,480,True,length
1047,63.479,63.47995931699916,1.5066528469997138,ok,0.05194703000051959,0.01841368472150286,0.025905549000526662,80,423,True,length
1048,63.504000000000005,63.50479788499979,1.5010867929995584,ok,0.04085966999991797,0.018483595481012357,0.025842134000413353,80,431,True,length
1049,63.629999999999995,63.630420400999355,1.5263074550002784,ok,0.06430091599941079,0.01850609622785289,0.025845598000159953,80,411,True,length
1050,63.655,63.65556451100019,1.5200666390010156,ok,0.053726195999843185,0.018560968430392677,0.025903169998855446,80,343,True,length
1051,63.706,63.70637389799958,1.5243841169994994,ok,0.05874728900016635,0.018552073278477087,0.02590635900014604,80,360,True,length
1052,63.831999999999994,63.83277208899926,1.5419508939994557,ok,0.05926502900001651,0.018767870594930645,0.02596571000140102,80,346,True,length
1053,64.025,64.02547587299887,1.5595851359994413,ok,0.06694086199968297,0.018893918278484342,0.025861071999315755,80,593,True,length
1054,64.05,64.05022202299915,1.5535065200001554,ok,0.05579709199992067,0.0189580724810081,0.02584240500073065,80,469,True,length
1055,64.126,64.12656327999866,1.5541118210003333,ok,0.06036123299963947,0.01890791017723143,0.025792346999878646,80,584,True,length
1056,64.151,64.15112151199901,1.5483788210003695,ok,0.0551411359992926,0.01890146075949147,0.025841451999440324,80,339,True,length
1057,64.177,64.17744531799872,1.5464654349998455,ok,0.042736528999739676,0.019034276113911168,0.02579185700051312,80,480,True,length
1058,64.227,64.2275601399997,1.5482323100004578,ok,0.04886846200133732,0.018978970721508618,0.025822797999353497,80,480,True,length
1059,64.278,64.27910379899913,1.5538459590006823,ok,0.052544431999194785,0.019003509683552924,0.025792536000153632,80,604,True,length
1060,64.328,64.32848153600025,1.557340284998645,ok,0.061118062998502865,0.01893918889873942,0.0257902399989689,80,458,True,length
1061,64.404,64.40492374899986,1.5502850199991371,ok,0.05676182699971832,0.018905023164561614,0.025823466001384077,80,480,True,length
1062,64.504,64.5041850409998,1.538758925998991,ok,0.05177095900035056,0.018822336772142147,0.025755067999853054,80,347,True,length
1063,64.579,64.57927250099965,1.5454982219998783,ok,0.051589738999609835,0.01890992874684309,0.02600527300091926,80,401,True,length
1064,64.63,64.63120607499877,1.5511953850000282,ok,0.06284420200063323,0.018839245670888783,0.026048612000522553,80,418,True,length
1065,64.655,64.65577958999893,1.5420805590001692,ok,0.05386196399922483,0.018837943962030812,0.025998457000241615,80,464,True,length
1066,64.781,64.78194419799911,1.5445591409988992,ok,0.0564138819991058,0.018836969886090432,0.026396059000035166,80,422,True,length
1067,64.857,64.85806735299957,1.5446840540007543,ok,0.05702607899911527,0.018830791240511242,0.026392707999548293,80,595,True,length
1068,65.0,65.00124054200023,1.5407101229993714,ok,0.05952789000002667,0.01874882512656538,0.026405589998830692,80,410,True,length
1069,65.05,65.05049962999874,1.5358073150000564,ok,0.050344134999249945,0.01880302674684963,0.026409647000036784,80,585,True,length
1070,65.101,65.1020593180001,1.5332618819993513,ok,0.055081025000617956,0.018710852329098124,0.02640819000043848,80,343,True,length
1071,65.177,65.17783841399978,1.528146069000286,ok,0.05326137100018968,0.0186691108987292,0.026398691999929724,80,505,True,length
1072,65.227,65.22815417200036,1.5306215389991848,ok,0.06585278300008213,0.018541080063290725,0.026401416000226163,80,502,True,length
1073,65.252,65.2529762209997,1.524457933001031,ok,0.06128611500025727,0.018520841607593715,0.02641016999950807,80,298,True,length
1074,65.278,65.27851339799963,1.523721873998511,ok,0.054697010999007034,0.018594946012658337,0.02639895300126227,80,362,True,length
1075,65.303,65.30441980099931,1.5115165850002086,ok,0.044933246999789844,0.018564056075958915,0.026468331001524348,80,438,True,length
1076,65.328,65.32848065299913,1.5249075680003443,ok,0.06681943400144519,0.018456332974662322,0.026348950999818044,80,597,True,length
1077,65.353,65.35358464699857,1.517969083000935,ok,0.058299190999605344,0.018476580810127853,0.026394873999379342,80,401,True,length
1078,65.404,65.40607380599977,1.5183976869993785,ok,0.0633851959992171,0.018417570746846017,0.026390815000922885,80,344,True,length
1079,65.454,65.45417755499875,1.5066589420002856,ok,0.05416973700084782,0.018385650949347087,0.026400946000649128,80,333,True,length
1080,65.504,65.50507909399857,1.5050097319999622,ok,0.06047236100130249,0.0182849671772014,0.026347933999204542,80,401,True,length
1081,65.579,65.58023658299862,1.4947349980011495,ok,0.0633898340001906,0.018117985202548835,0.026390340999569162,80,434,True,length
1082,65.68,65.68092080499991,1.4870003190007992,ok,0.05825110000114364,0.018085089088598107,0.026345539999965695,80,460,True,length
1083,65.756,65.75636412699896,1.477151232000324,ok,0.05762331599908066,0.017968379354448488,0.0263981980006065,80,422,True,length
1084,66.025,66.02530677599862,1.4692775260009512,ok,0.05754559600063658,0.017869720797465606,0.026399726999443374,80,445,True,length
1085,66.076,66.07725861200015,1.4722615509999741,ok,0.06093148500076495,0.01786458855697018,0.026404938000268885,80,480,True,length
1086,66.126,66.1261813000001,1.4630143869999301,ok,0.05649075799919956,0.017803781455687742,0.026398739999422105,80,415,True,length
1087,66.151,66.15252031499949,1.4499359580004239,ok,0.04545425000105752,0.017777932063283885,0.026403902998936246,80,455,True,length
1088,66.252,66.2523198910003,1.4617162060003466,ok,0.05845278600099846,0.017762534177206902,0.026093190999745275,80,380,True,length
1089,66.278,66.27964111700021,1.4479562080014148,ok,0.04652982600055111,0.017739306974696854,0.026009712000814034,80,346,True,length
1090,66.353,66.35398628099938,1.4621020459999272,ok,0.06181939899943245,0.017724761898730495,0.025424384000871214,80,318,True,length
1091,66.429,66.43033382799877,1.4522054700009903,ok,0.058273241000279086,0.017644376810126174,0.025270715999795357,80,412,True,length
1092,66.529,66.53008020999914,1.43331636000039,ok,0.056182964999607066,0.017431497873433188,0.025289748000432155,80,257,True,length
1093,66.554,66.55430015399907,1.4263838350016158,ok,0.045210169000711176,0.017482894924048392,0.025268831001085346,80,480,True,length
1094,66.756,66.7579208119987,1.4248566109999956,ok,0.057494478998705745,0.0173080412911491,0.02508291000049212,80,480,True,length
1095,66.807,66.80750207799974,1.4084060869990935,ok,0.04596411499915121,0.017245765468355267,0.02526230100011162,80,423,True,length
1096,67.076,67.07631200600008,1.4004039890005515,ok,0.05186842800139857,0.017069695202528375,0.02525529699960316,80,317,True,length
1097,67.126,67.12650502500037,1.399685899999895,ok,0.05364351499883924,0.017038177860763715,0.02523620600004506,80,372,True,length
1098,67.177,67.17831991599996,1.3966486040008022,ok,0.05501239600016561,0.016982398658231583,0.02525688500099932,80,298,True,length
1099,67.278,67.27823300699856,1.4010843689993635,ok,0.06205591300022206,0.016949416822770423,0.02523491900137742,80,288,True,length
1100,67.303,67.30321269999877,1.3934595299997454,ok,0.053339672998845344,0.016963199835451713,0.02523664500040468,80,500,True,length
1101,67.479,67.47948364900003,1.3869354149992432,ok,0.05137162100072601,0.016904961708860355,0.025316678000308457,80,432,True,length
1102,67.554,67.55490873399867,1.3766921569986152,ok,0.04773645699970075,0.016821904316444328,0.025254565000068396,80,601,True,length
1103,67.63,67.63162919199931,1.3810956809993513,ok,0.06261694499880832,0.01668927370885769,0.025319058999230037,80,480,True,length
1104,67.655,67.65577956000016,1.374003012000685,ok,0.0583039880002616,0.016654112670879885,0.025236241999664344,80,358,True,length
1105,67.68,67.68048942600035,1.3664886209990073,ok,0.047168331999273505,0.01669996394936984,0.025236467001377605,80,422,True,length
1106,67.781,67.78149863900035,1.3671198030006053,ok,0.047479906999797095,0.016703971202528183,0.02501362600014545,80,187,True,length
1107,67.832,67.83231778399931,1.3642519710010674,ok,0.050033056000756915,0.016635355189867404,0.025012713000251097,80,348,True,length
1108,68.076,68.07629236299908,1.389927563999663,ok,0.05336800899931404,0.016918138708873973,0.02457574100117199,80,380,True,length
1109,68.126,68.12657875500008,1.3893284700006916,ok,0.05646872000033909,0.0168713180253091,0.02459848600119585,80,480,True,length
1110,68.379,68.38002566099931,1.385273447000145,ok,0.047492828000031295,0.016933605658225503,0.024697311000636546,80,417,True,length
1111,68.605,68.60583655600021,1.3834989150000183,ok,0.059431896999740275,0.016759977810119082,0.024696899999980815,80,369,True,length
1112,68.63,68.63206458599961,1.3753714329996,ok,0.04756901699875016,0.01680730563292613,0.024697338998521445,80,389,True,length
1113,68.68,68.68083377699986,1.3751461530009692,ok,0.051306486000612495,0.01675715536708318,0.024702882999918074,80,253,True,length
1114,68.731,68.73120448400005,1.3799861129991768,ok,0.05373375599992869,0.016787655278469312,0.024867038999218494,80,432,True,length
1115,69.076,69.0765734839988,1.3921936629994889,ok,0.053922663999401266,0.01693981832912972,0.024919881001551403,80,347,True,length
1116,69.202,69.20283185399967,1.3814449969995621,ok,0.04502531199977966,0.01691638170885636,0.025036242999703973,80,504,True,length
1117,69.252,69.25307298499865,1.386569567001061,ok,0.05291475500052911,0.01688134397469023,0.02490577000025951,80,327,True,length
1118,69.278,69.27907708400016,1.3740271229999053,ok,0.0407538180006668,0.016876589443038742,0.025098792000790127,80,589,True,length
1119,69.303,69.30409372499889,1.382505386000048,ok,0.05295541400118964,0.016829417772136875,0.025023284999406314,80,327,True,length
1120,69.353,69.35391290799998,1.3855856360005419,ok,0.06173990900060744,0.01675723087342542,0.02503096500004176,80,410,True,length
1121,69.379,69.38005558899931,1.3771766509998997,ok,0.05528235199926712,0.016732513670888956,0.025032040999576566,80,399,True,length
1122,69.404,69.40598349900029,1.3685135770010675,ok,0.04275963899999624,0.016781432556957885,0.025033940999492188,80,589,True,length
1123,69.554,69.55464554100035,1.3693761189988436,ok,0.051630561998535995,0.01668000941772564,0.025036507999175228,80,480,True,length
1124,69.579,69.57958351199886,1.3615176639996207,ok,0.040468340999723296,0.01672186608862554,0.025034554000740172,80,376,True,length
1125,70.076,70.0767499679987,1.3863322130000597,ok,0.053141439999308204,0.016875492784826827,0.024995387000672054,80,415,True,length
1126,70.101,70.10174062799888,1.3789492880005128,ok,0.04187436800020805,0.016924702797455844,0.025017216001288034,80,486,True,length
1127,70.126,70.12677857999915,1.38718388199959,ok,0.05344562599930214,0.016882465974694116,0.024996055999508826,80,325,True,length
1128,70.328,70.3282405889986,1.391339465000783,ok,0.048117233000084525,0.017002464632909484,0.025080756000534166,80,344,True,length
1129,70.379,70.37967847599975,1.389392119999684,ok,0.04973513000004459,0.016957361734184124,0.025020070999744348,80,343,True,length
1130,70.429,70.42954451199876,1.3947208440004033,ok,0.0524589950000518,0.0169903338607548,0.02500766599951021,80,587,True,length
1131,70.479,70.47926452699903,1.3918880500004889,ok,0.05531325000083598,0.01691834412656446,0.02500879699982761,80,505,True,length
1132,70.605,70.60527287999867,1.3784930799993163,ok,0.04806985600043845,0.01684046396202794,0.025020864999532932,80,404,True,length
1133,70.68,70.68050683900037,1.3848433200000727,ok,0.05894167400037986,0.016783232506308587,0.02501801600010367,80,327,True,length
1134,70.807,70.80740360500022,1.3788889890001883,ok,0.05103756100106693,0.016807858822786226,0.024994587000037427,80,422,True,length
1135,71.05,71.0501419029988,1.39424963700003,ok,0.059334129000490066,0.01689712470885487,0.02501705699978629,80,358,True,length
1136,71.076,71.07624308300001,1.3915498749993276,ok,0.04701851599929796,0.017019013481008705,0.025018644000738277,80,604,True,length
1137,71.177,71.17730701799883,1.385448181999891,ok,0.05291350300103659,0.016867233746837237,0.024989237999761826,80,305,True,length
1138,71.202,71.20225156000015,1.3834617030006484,ok,0.04137714300122752,0.016988136227846094,0.02498681100041722,80,376,True,length
1139,71.227,71.2272661879997,1.389800479000769,ok,0.05446744800065062,0.016902671898732697,0.024971415999971214,80,383,True,length
1140,71.278,71.27891083800023,1.394868879000569,ok,0.055746992000422324,0.016950615164562265,0.024637853999593062,80,346,True,length
1141,71.554,71.55482813999879,1.4018855370013625,ok,0.06562484800087987,0.016914362974683725,0.0246469129997422,80,399,True,length
1142,71.579,71.57975984400036,1.394213753999793,ok,0.06003122699985397,0.01688808751898734,0.02457451800000854,80,369,True,length
1143,71.605,71.60518420599874,1.3861403639984928,ok,0.0485843409987865,0.016930794303795054,0.02463189900117868,80,400,True,length
1144,71.781,71.78129593799895,1.394621046998509,ok,0.05604335399948468,0.016943664354435388,0.024733353000556235,80,416,True,length
1145,72.076,72.07661296799961,1.3994145639990165,ok,0.06285097900035908,0.016918207468354266,0.024737748000916326,80,412,True,length
1146,72.101,72.10197761299969,1.3923732780003775,ok,0.05125340300037351,0.016975879227842758,0.024735667000641115,80,395,True,length
1147,72.202,72.20247542499965,1.404565079999884,ok,0.05886968699996942,0.017033779518989163,0.024635583000417682,80,360,True,length
1148,72.227,72.22745879499962,1.3984651859991573,ok,0.05432419600037974,0.017014125164551624,0.024735741999393213,80,418,True,length
1149,72.252,72.25306436400024,1.3897466609996627,ok,0.0408160669994686,0.017074729860781453,0.024731835001148283,80,415,True,length
1150,72.278,72.27883132900024,1.3977870579983573,ok,0.0517792089995055,0.017037781265813304,0.024735933000556543,80,346,True,length
1151,72.429,72.42969791500036,1.3974788729992724,ok,0.05127265900046041,0.017040249556954178,0.025293405999036622,80,410,True,length
1152,72.554,72.55511429800026,1.3896474439989106,ok,0.04405353099900822,0.01703251313925717,0.025463422000029823,80,331,True,length
1153,72.605,72.60544539799957,1.3890461869996216,ok,0.05437179900036426,0.016894279215170793,0.02552250400003686,80,313,True,length
1154,72.63,72.63132441000016,1.3803604349996021,ok,0.04251985700102523,0.01693439725314892,0.025483879000603338,80,402,True,length
1155,72.655,72.65588436599865,1.3892268830004468,ok,0.054996361999656074,0.016888676974683877,0.025535474998832797,80,415,True,length
1156,72.706,72.70730043999902,1.3901883369999268,ok,0.05686057100137987,0.016877275240495933,0.02535660099965753,80,318,True,length
1157,73.101,73.10121081599937,1.4279923470003268,ok,0.06104464200143411,0.01730277440505164,0.026212360000499757,80,346,True,length
1158,73.126,73.1279823219993,1.4204811899999186,ok,0.04768457899990608,0.01737682036706891,0.026036866000140435,80,455,True,length
1159,73.353,73.35359570199944,1.4519966469997598,ok,0.04918139999972482,0.017756771354424352,0.026137453000046662,80,502,True,length
1160,73.404,73.40506254299908,1.4586012019990449,ok,0.05668646899903251,0.01774545400000039,0.02613353499873483,80,583,True,length
1161,73.429,73.42938792899986,1.452888169000289,ok,0.0465540429995599,0.017801427531663604,0.02613208000002487,80,333,True,length
1162,73.479,73.47932245700031,1.4615149040000688,ok,0.05764097599967499,0.01777024864557323,0.02613451800061739,80,358,True,length
1163,73.504,73.50459029999911,1.4549964249999903,ok,0.0453083920001518,0.017843858405043808,0.026165704000959522,80,395,True,length
1164,73.529,73.52972496300026,1.465860463998979,ok,0.058727170999191,0.017811513113918386,0.02618748900022183,80,365,True,length
1165,73.756,73.7570118299991,1.4659681649991398,ok,0.05353906699929212,0.017878524556975587,0.026239004999297322,80,480,True,length
1166,73.807,73.80759534599929,1.4768079519999446,ok,0.055991059000007226,0.017984499025306497,0.0262450930003979,80,347,True,length
1167,74.05,74.05037280999932,1.4898092359999282,ok,0.047248288999981014,0.018259921607589408,0.026305737001166563,80,331,True,length
1168,74.101,74.10188452500006,1.4970196350004699,ok,0.053670672999942326,0.01826994336710114,0.02628494300006423,80,589,True,length
1169,74.126,74.12665600499895,1.487535106998621,ok,0.042445002998647396,0.018291980455707076,0.02625829400130897,80,475,True,length
1170,74.151,74.15121948699925,1.4988498430011532,ok,0.060839859001134755,0.018202374506322887,0.026285582998752943,80,601,True,length
1171,74.177,74.17778443799943,1.4972436120006023,ok,0.04800425200119207,0.018344512278463874,0.026315623999835225,80,403,True,length
1172,74.278,74.27911236699947,1.4967475989997183,ok,0.04765547100032563,0.018342585759478714,0.026257805000568624,80,299,True,length
1173,74.328,74.32910262099904,1.5041967380002461,ok,0.051503693000995554,0.018388180670868517,0.02628603399898566,80,380,True,length
1174,74.379,74.38069277300019,1.5045274210006028,ok,0.055032939999364316,0.01834768794937121,0.026286405998689588,80,415,True,length
1175,74.479,74.48015299799954,1.5089998849998665,ok,0.06856171499930497,0.01823292049367767,0.02624810800080013,80,398,True,length
1176,74.504,74.5045682179989,1.5031779909986653,ok,0.05710438499954762,0.018304395240492443,0.02628825800093182,80,406,True,length
1177,74.554,74.55509817599886,1.5054767250003351,ok,0.06806494900047255,0.01819475326581458,0.02628851200097415,80,327,True,length
1178,74.579,74.5792512199987,1.4989297590000206,ok,0.06423065199851408,0.018160406202546657,0.026289077999535948,80,438,True,length
1179,74.605,74.60574018399893,1.4897888939995028,ok,0.056263161000970285,0.018145571088604776,0.026288772000043537,80,438,True,length
1180,74.63,74.63050262199977,1.4822192840001662,ok,0.04533577099937247,0.018188049873429066,0.0262887970002339,80,402,True,length
1181,74.655,74.65584497599957,1.4904207309991762,ok,0.0576366320001398,0.018136150518975103,0.02625774099942646,80,325,True,length
1182,74.731,74.7314662129993,1.4884067689999938,ok,0.05525942399981432,0.018140770354438233,0.026311138999517425,80,480,True,length
1183,74.807,74.80724966999878,1.4894148630010022,ok,0.056600735000756686,0.018136603430367024,0.02631369899972924,80,370,True,length
1184,74.857,74.85799806499926,1.4896449329989991,ok,0.06384995599910326,0.018047722873418506,0.026286992000677856,80,593,True,length
1185,75.0,75.00099206199957,1.4705872899994574,ok,0.04971792899959837,0.017985376000000587,0.026315056999010267,80,402,True,length
1186,75.227,75.22743609099962,1.4677464730011707,ok,0.056783035999615095,0.017859946367094336,0.025898641000821954,80,383,True,length
1187,75.252,75.25346361599986,1.4592326900001353,ok,0.04442927699892607,0.017908623202545847,0.025900249000187614,80,314,True,length
1188,75.328,75.32854156499889,1.465698470999996,ok,0.061444339000445325,0.01777503424052122,0.025942665999536985,80,503,True,length
1189,75.404,75.40449843299939,1.4608223830000497,ok,0.066401780999513,0.01765057505064208,0.02589892499963753,80,586,True,length
1190,75.429,75.42987854999956,1.454851628999677,ok,0.056688525999561534,0.017697973240501597,0.025952076000976376,80,426,True,length
1191,75.554,75.55448628699924,1.440161132999492,ok,0.06011698699876433,0.01746856768355267,0.025878106998789008,80,591,True,length
1192,75.63,75.63067926199983,1.4285837239985995,ok,0.058169001998976455,0.017346680354433062,0.025873641001453507,80,398,True,length
1193,75.781,75.78151834199889,1.4173513059995457,ok,0.051600193000922445,0.0172876987721505,0.025068572998861782,80,365,True,length
1194,76.126,76.12725446999866,1.4269020060000912,ok,0.06179916799919738,0.017279311759506803,0.02524289100074384,80,404,True,length
1195,76.151,76.1517927269997,1.4206723919996875,ok,0.05028913999922224,0.017346260683552828,0.025296552001236705,80,418,True,length
1196,76.227,76.22724967899921,1.4236959560003015,ok,0.04555913500007591,0.017444455569614235,0.025246005001463345,80,423,True,length
1197,76.252,76.25411039699975,1.4352949849999277,ok,0.061673145999520784,0.017387126607589586,0.025241972000003443,80,389,True,length
1198,76.278,76.27902998100035,1.4342616319991066,ok,0.050704811999821686,0.017513108037977114,0.025243595000574715,80,599,True,length
1199,76.353,76.3539130829995,1.4261243900000409,ok,0.045705557999099256,0.017473332050641045,0.02524570200148446,80,477,True,length
1200,76.429,76.43002045899993,1.4450641190014721,ok,0.060916581000128645,0.01752054510127235,0.02542254899890395,80,330,True,length
1201,76.454,76.45501342999887,1.433389490999616,ok,0.05505997999898682,0.01744665948102966,0.02542057000027853,80,369,True,length
1202,76.479,76.47987379000006,1.4268162150001444,ok,0.04347717400014517,0.0175103515696178,0.025431388001379673,80,455,True,length
1203,76.832,76.83272704499905,1.4487510320013826,ok,0.051655488001415506,0.01768442183543535,0.02612730299915711,80,404,True,length
1204,76.857,76.85766198700003,1.4424275860001217,ok,0.039915919998747995,0.01775298659493826,0.026127248998818686,80,587,True,length
1205,77.076,77.0764537899995,1.4684862679987418,ok,0.05104471699996793,0.017941944987347896,0.026113129999430384,80,477,True,length
1206,77.151,77.15282368800035,1.4888679519990546,ok,0.06523801499861293,0.018020339151894115,0.026128700001208927,80,379,True,length
1207,77.177,77.17781143399952,1.4886140979997435,ok,0.06008237000060035,0.01808237853164647,0.026122262999706436,80,325,True,length
1208,77.202,77.20215283200014,1.477536672999122,ok,0.05414240800018888,0.01801738818986577,0.026109286000064458,80,347,True,length
1209,77.227,77.2283284969999,1.4702507750007499,ok,0.042284511000616476,0.018075245468359834,0.026122834999114275,80,399,True,length
1210,77.252,77.25308113999927,1.489868997998201,ok,0.060008607999407104,0.01809916987341366,0.02610920600091049,80,330,True,length
1211,77.278,77.27879870600009,1.477670622000005,ok,0.047894298999381135,0.018098146139246762,0.026123155999812298,80,589,True,length
1212,77.379,77.37948223799867,1.4806331849995331,ok,0.05349151200061897,0.01806477126581141,0.026125018999664462,80,593,True,length
1213,77.554,77.5543252059997,1.4816912120004417,ok,0.06391927900040173,0.017946146860767724,0.026203940999039332,80,585,True,length
1214,77.579,77.58005118799883,1.4746486409985664,ok,0.05158964199836191,0.018013108139251627,0.026121451999642886,80,438,True,length
1215,77.63,77.63051052999981,1.4771875099995668,ok,0.05878228199981095,0.01795418403797825,0.026120877999346703,80,593,True,length
1216,77.68,77.6806637310001,1.4601632649992098,ok,0.04602947400053381,0.017900111417705526,0.02612185500038322,80,333,True,length
1217,77.807,77.80724656599887,1.4796086129990726,ok,0.06763424299970211,0.017872736810123926,0.02612171600048896,80,415,True,length
1218,77.832,77.83247065099931,1.472335682999983,ok,0.0555038880011125,0.017934271316450198,0.026112495001143543,80,427,True,length
1219,78.0,78.0010869229991,1.4706392770003731,ok,0.05351365500064276,0.017937921544285883,0.02611085199896479,80,320,True,length
1220,78.05,78.05165747799947,1.467069182999694,ok,0.06551581600069767,0.01774085926580817,0.02604037600031006,80,309,True,length
1221,78.076,78.0763704609999,1.4594715370003541,ok,0.06023285599985684,0.017711564316460347,0.026046811000924208,80,314,True,length
1222,78.101,78.10149953499968,1.4516572039992752,ok,0.048586856999463635,0.017760095468359775,0.026050808000945835,80,438,True,length
1223,78.151,78.15129916499973,1.4605592589996377,ok,0.05587345299863955,0.017780525126598355,0.026065665000714944,80,593,True,length
1224,78.202,78.20298108899988,1.455903922998914,ok,0.05974987899935513,0.017672556113936908,0.026046738999866648,80,352,True,length
1225,78.429,78.42962903599982,1.4605303030002688,ok,0.06224565499906021,0.017699414936711795,0.026046503999168635,80,340,True,length
1226,78.529,78.52970349299903,1.4410600249993877,ok,0.053287032000298495,0.01756642046833965,0.026047102001029998,80,417,True,length
1227,78.579,78.57997241399971,1.4407722220003052,ok,0.061997318000067025,0.01745250398735037,0.024948382000729907,80,469,True,length
1228,78.63,78.63080958899991,1.4234427960000176,ok,0.04900513600114209,0.017397601189869317,0.02493372099888802,80,415,True,length
1229,78.68,78.6810448289998,1.422184119001031,ok,0.06202694000057818,0.01721683401265642,0.024948837999545503,80,298,True,length
1230,78.706,78.70676862399887,1.413854196000102,ok,0.04929350400016119,0.017272607746845903,0.024951180999778444,80,369,True,length
1231,78.832,78.83387093999954,1.4319001399999252,ok,0.0643587109989312,0.017310353189886767,0.02492866399916238,80,591,True,length
1232,79.151,79.15209607199904,1.4122601460003352,ok,0.06400169500011543,0.01706627255695326,0.024949054000899196,80,400,True,length
1233,79.177,79.17795392199878,1.4097427500000776,ok,0.059836665001057554,0.017087115531651334,0.025043661999006872,80,586,True,length
1234,79.202,79.20259893199909,1.3986429639990092,ok,0.0484341149985994,0.017091002746843813,0.024935048999395804,80,401,True,length
1235,79.429,79.42961796999953,1.417601477000062,ok,0.05519021699910809,0.017245401531655734,0.02526149000004807,80,346,True,length
1236,79.554,79.55465987899879,1.4118917460000375,ok,0.05722897300074692,0.01714725222783399,0.025272466000387794,80,368,True,length
1237,79.579,79.57957250199979,1.4055544179991557,ok,0.045646135999049875,0.01721369946836269,0.02527600000030361,80,604,True,length
1238,79.68,79.68099919299857,1.4072184650012787,ok,0.05298892700011493,0.017141860379743325,0.02525884600072459,80,595,True,length
1239,79.706,79.70714726699953,1.399699387999135,ok,0.03993588199955411,0.017211910645562944,0.025274531000832212,80,601,True,length
1240,79.731,79.73204266100038,1.411976526998842,ok,0.052823504998741555,0.01720416224051854,0.025130624000667012,80,399,True,length
1241,79.807,79.8072649329988,1.4054726109989133,ok,0.04669271399870922,0.017199415734179224,0.025244512000426766,80,417,True,length
1242,80.126,80.12692065499868,1.4152425000011135,ok,0.04604922600083228,0.0173311911392467,0.025843130999419373,80,480,True,length
1243,80.177,80.17722658399907,1.421336766999957,ok,0.048707741998441634,0.017374748582277548,0.027662866999889957,80,480,True,length
1244,80.227,80.22718762099976,1.4301592459996755,ok,0.05700730900025519,0.017381377455686686,0.027705673999662395,80,469,True,length
1245,80.252,80.2523073100001,1.420585984000354,ok,0.045679110999117256,0.017403513898737205,0.02758916700076952,80,393,True,length
1246,80.404,80.4047529569998,1.4493088500003068,ok,0.06365447600001062,0.017539610962028492,0.027706814000339364,80,400,True,length
1247,80.429,80.42972009699952,1.4434068880000268,ok,0.05231217800064769,0.017608484405069316,0.027657271000862238,80,327,True,length
1248,80.554,80.55495425200024,1.4388756670014118,ok,0.0462045570002374,0.017628422645568114,0.027658635000989307,80,402,True,length
1249,80.655,80.6558915200003,1.4501906049990794,ok,0.0459828959992592,0.017774462708869957,0.02765518200067163,80,393,True,length
1250,80.706,80.70621346799999,1.4492809459989076,ok,0.048722543999247137,0.01772826797469527,0.02765783500035468,80,585,True,length
1251,80.781,80.78159559300002,1.466891136000413,ok,0.06552043599913304,0.01773856750634555,0.027582742999584298,80,352,True,length
1252,80.807,80.80809413499992,1.4598259569993388,ok,0.05811518899827206,0.017742884848107505,0.02770344899909105,80,369,True,length
1253,80.832,80.83235316599894,1.449056481000298,ok,0.04749947700111079,0.017740951734180548,0.027707334000297124,80,455,True,length
1254,81.05,81.05073670299862,1.4599591120004334,ok,0.05639052300102776,0.01776636740504716,0.027706423001291114,80,589,True,length
1255,81.076,81.0778749809997,1.4514181800004735,ok,0.04244777299936686,0.01783475339240645,0.027663372000461095,80,415,True,length
1256,81.101,81.10247243099911,1.4659997550006665,ok,0.05457359399952111,0.017865812316468013,0.027658234001137316,80,372,True,length
1257,81.177,81.17767522899885,1.4643121040007827,ok,0.04811474099915358,0.017926264898741915,0.02769527099917468,80,584,True,length
1258,81.379,81.37950443399859,1.4976564600001439,ok,0.061279499999727705,0.01818152467088031,0.027661199999784003,80,504,True,length
1259,81.429,81.42931095399945,1.4834994689990708,ok,0.049313706998873386,0.018153886607596856,0.02769428700048593,80,455,True,length
1260,81.479,81.47986400399896,1.4854000699997414,ok,0.062357970000448404,0.018012849645568662,0.02758498200091708,80,345,True,length
1261,81.504,81.50506928199866,1.4787220759990305,ok,0.0496076939998602,0.018089766202517895,0.027694335998603492,80,480,True,length
1262,81.554,81.55478766699889,1.4822498759986047,ok,0.05796234899935371,0.01802864760758917,0.026467126999705215,80,505,True,length
1263,81.605,81.60590622699965,1.467721029999666,ok,0.051386735000050976,0.0179279851265763,0.026306743999157334,80,320,True,length
1264,81.63,81.63036729699888,1.4604400249991158,ok,0.0425613589995919,0.01794753749368571,0.02627433599991491,80,504,True,length
1265,81.68,81.68057945500004,1.4667530699989584,ok,0.04724013699888019,0.017968176962036706,0.026288643000953016,80,341,True,length
1266,81.731,81.73145680699963,1.462775985000917,ok,0.05201620300067589,0.017857353012649457,0.02625926799919398,80,480,True,length
1267,82.05,82.05047506299888,1.4468716680003126,ok,0.05569638999986637,0.017609507227853444,0.026301903000785387,80,475,True,length
1268,82.076,82.07628423099959,1.444601106999471,ok,0.043067089000032865,0.017740662101264033,0.0263070279997919,80,399,True,length
1269,82.202,82.20260737900026,1.4575181770014751,ok,0.06503879400042933,0.01762597116456025,0.026302902999304933,80,480,True,length
1270,82.227,82.22774893499991,1.451086901999588,ok,0.05389576699963072,0.01768565426582542,0.026310007999200025,80,480,True,length
1271,82.278,82.27826273499886,1.4494366529997933,ok,0.060101314998973976,0.017586199101267855,0.02630234400021436,80,587,True,length
1272,82.529,82.52945350399932,1.4225825329995132,ok,0.052508265000142273,0.017342362708853826,0.026304005999918445,80,454,True,length
1273,82.579,82.5800280709991,1.4216308819995902,ok,0.061847934000979876,0.01721207869619159,0.026273150999259087,80,418,True,length
1274,82.605,82.60712283799876,1.4118889649998891,ok,0.05360200500035717,0.01719317465821278,0.02630896599839616,80,394,True,length
1275,82.63,82.63164135399893,1.404651267999725,ok,0.042683791998570086,0.017239790468356428,0.02630196200152568,80,432,True,length
1276,82.655,82.6562994750002,1.413405134999266,ok,0.05626481499893998,0.017178699594941338,0.02630488199974934,80,376,True,length
1277,82.756,82.75702098999864,1.4190357240004232,ok,0.06277942399901804,0.017167461810136564,0.025436497999180574,80,344,True,length
1278,82.807,82.80780535399936,1.4121673899990128,ok,0.049894682999365614,0.017243635455709904,0.0253826329990261,80,480,True,length
1279,83.025,83.02711488800014,1.3958864839987655,ok,0.04609642499963229,0.017085629164561213,0.025401868000699324,80,589,True,length
1280,83.101,83.10215243399944,1.4072536980002042,ok,0.05797826700108999,0.01707901886075439,0.025425347999771475,80,411,True,length
1281,83.227,83.22783175400036,1.3939253000007739,ok,0.05065086000104202,0.017003145417715408,0.02538388299944927,80,341,True,length
1282,83.404,83.40421950400014,1.421261372999652,ok,0.06004786899939063,0.017230119886070372,0.026158906999626197,80,503,True,length
1283,83.429,83.42935127899909,1.4097578930013697,ok,0.049006287999873166,0.017224395468370925,0.02606837800158246,80,603,True,length
1284,83.479,83.47966283699861,1.4179423500008852,ok,0.059914190000199596,0.017189915683554283,0.0261382489989046,80,597,True,length
1285,83.504,83.50465306499973,1.4064502849996643,ok,0.04862120200050413,0.017187415468343497,0.02622220500052208,80,480,True,length
1286,83.605,83.60568528600015,1.403336228999251,ok,0.05469654599983187,0.017071092303795703,0.026192258999799378,80,380,True,length
1287,84.05,84.05078205899918,1.462554531000933,ok,0.06215857100141875,0.01772621127846706,0.026223303000733722,80,453,True,length
1288,84.076,84.07698180099942,1.4610318249997363,ok,0.04931408699849271,0.0178695631139253,0.02622066300136794,80,593,True,length
1289,84.151,84.1515225309995,1.4768838309992134,ok,0.06862839199857262,0.017825691835448968,0.02621805799935828,80,380,True,length
1290,84.177,84.17729163900003,1.4701222500007134,ok,0.061667875001148786,0.017828226126571107,0.02622164600143151,80,442,True,length
1291,84.202,84.20317291699939,1.4631311160010227,ok,0.04911727400030941,0.01789858843037535,0.026219523999316152,80,376,True,length
1292,84.278,84.27850159899936,1.4796370660005778,ok,0.05828999500045029,0.017991261506319425,0.026406531000247924,80,418,True,length
1293,84.353,84.35402554899883,1.473832981000669,ok,0.05157225000039034,0.018002965531632994,0.02623403699908522,80,311,True,length
1294,84.404,84.40569790799964,1.474495864000346,ok,0.05374359900088166,0.017983849607591328,0.026223876000585733,80,404,True,length
1295,84.63,84.63210921300015,1.4934297939998942,ok,0.0644123669990222,0.01808849615190411,0.026282385999365943,80,432,True,length
1296,84.655,84.65584227299951,1.4936129179986892,ok,0.054445616999146296,0.018216992810128525,0.026411928000015905,80,415,True,length
1297,84.706,84.70674186699944,1.492994660999102,ok,0.062343550998775754,0.018109183898743622,0.026279306001015357,80,480,True,length
1298,84.731,84.73167894499966,1.4866837469999155,ok,0.05213258600088011,0.018158555987334877,0.026244829999996,80,376,True,length
1299,84.781,84.78165708599954,1.489534521000678,ok,0.0576901660006115,0.01812429684809725,0.026248468000630965,80,394,True,length
1300,84.832,84.83309149399975,1.5016848309987836,ok,0.06469675699918298,0.018189412632913262,0.026232387999698403,80,398,True,length
1301,84.857,84.8571650619997,1.4905698799993843,ok,0.05371406999984174,0.01818773929111949,0.026244871000017156,80,505,True,length
1302,85.0,85.0007884409988,1.496205673998702,ok,0.044302810998487985,0.018378207746847487,0.02644344899999851,80,485,True,length
1303,85.05,85.05048849999912,1.4977977159996954,ok,0.0535288720002427,0.018281534683548577,0.026435941999807255,80,389,True,length
1304,85.076,85.07641790599882,1.4964866379996238,ok,0.04358163399956538,0.01839090767088571,0.026484623998840107,80,366,True,length
1305,85.101,85.10146034399986,1.50356395199924,ok,0.057102764998489874,0.018309340430393225,0.026489580000998103,80,339,True,length
1306,85.151,85.15175303599972,1.5086368930005847,ok,0.06157143500058737,0.01831661327847956,0.026435384999786038,80,423,True,length
1307,85.202,85.2024173789996,1.493592811999406,ok,0.05115485299938882,0.01825838510127671,0.02648994599985599,80,591,True,length
1308,85.252,85.25237323299916,1.4963767690005625,ok,0.05655143100011628,0.01869866410388922,0.052694612999403034,78,310,True,length
1309,85.328,85.32872765299908,1.4858361879996664,ok,0.055371754000589135,0.01810680567087971,0.026438192999194143,80,587,True,length
1310,85.404,85.40470470400032,1.4779240820007544,ok,0.05244842700085428,0.01804365415188806,0.02626997999868763,80,394,True,length
1311,85.454,85.45482264499879,1.4768911139999545,ok,0.058288972000809736,0.017956651164551453,0.026437413000166998,80,294,True,length
1312,85.504,85.50505183899986,1.4601503310004773,ok,0.054053601999839884,0.01779838346836969,0.026435350000610924,80,521,True,length
1313,85.529,85.5297434490003,1.4526179390013567,ok,0.04541301400058728,0.01781243665821801,0.026487138000447885,80,432,True,length
1314,85.68,85.68092441199951,1.4542032820008899,ok,0.05859151100048621,0.017665511924054886,0.026490725000257953,80,399,True,length
1315,86.025,86.02613895799914,1.4427461979994405,ok,0.06295451499863702,0.017465411911399328,0.02648930599934829,80,427,True,length
1316,86.101,86.1014240659988,1.433740561000377,ok,0.061448982000001706,0.01737046773416319,0.026503995000894065,80,453,True,length
1317,86.252,86.2523077829992,1.411232521999409,ok,0.062137478998920415,0.01707678911393314,0.026440211000590352,80,604,True,length
1318,86.278,86.27847569999903,1.4027379959989048,ok,0.05642945999898075,0.017041584962038243,0.02649075699991954,80,318,True,length
1319,86.303,86.30372174199874,1.3947784660012985,ok,0.044342303001030814,0.017093866227846373,0.026504738001676742,80,505,True,length
1320,86.379,86.37921992699921,1.4057640409992018,ok,0.0581278569989081,0.0170583759240511,0.02650402600011148,80,368,True,length
1321,86.454,86.45481112299967,1.3987452769997617,ok,0.06072571700133267,0.01693663651897197,0.025687844999993104,80,454,True,length
1322,86.479,86.48086041900024,1.3901147790002142,ok,0.048786178000227665,0.016978373139242154,0.025689815998703125,80,344,True,length
1323,86.529,86.5297344899991,1.3950216640005237,ok,0.056237396000142326,0.01694633987341448,0.025689496000268264,80,347,True,length
1324,86.605,86.60529956999926,1.3846186470000248,ok,0.055545848999827285,0.016823393189894623,0.024927992000812083,80,345,True,length
1325,86.832,86.83314702899952,1.3789962210012163,ok,0.04929199500111281,0.016831377506329046,0.02482963100010238,80,454,True,length
1326,87.0,87.00048225499995,1.379484285998842,ok,0.051289576998897246,0.016812252126581807,0.02451698099866917,80,408,True,length
1327,87.227,87.22741544400014,1.3808570269993652,ok,0.05415007900046476,0.01679338092405568,0.02448412600097072,80,402,True,length
1328,87.404,87.40467961099966,1.3850901489986427,ok,0.06427466799868853,0.016718771493690873,0.024679621999894152,80,423,True,length
1329,87.429,87.42970332199911,1.3770263839996915,ok,0.05785058599940385,0.016697997746851347,0.024679198999365326,80,594,True,length
1330,87.454,87.45505134499945,1.3747344939984032,ok,0.046219836998716346,0.016816227962040044,0.024676258999534184,80,426,True,length
1331,87.706,87.70713312099906,1.3868460510002478,ok,0.05992154799969285,0.016796098810130076,0.024680426000486477,80,427,True,length
1332,87.807,87.80772683899886,1.3716958709992468,ok,0.0455592339985742,0.016785675569632143,0.024677303999851574,80,339,True,length
1333,87.857,87.8578511759988,1.3708126799992897,ok,0.049360351000359515,0.01672681075949266,0.02468140599921753,80,594,True,length
1334,88.05,88.05063408000024,1.3871255710000696,ok,0.053510657000515494,0.016880898721520002,0.02468125300038082,80,379,True,length
1335,88.101,88.10187945699909,1.3960868260001007,ok,0.05455525799879979,0.016981102227850608,0.024679375999767217,80,404,True,length
1336,88.177,88.17772920399875,1.3941680419993645,ok,0.047370357999170665,0.01704778305063399,0.02467841900033818,80,431,True,length
1337,88.227,88.22730535799928,1.3965805670013651,ok,0.04996459500034689,0.01704548539241899,0.024678927999048028,80,460,True,length
1338,88.303,88.30356875500001,1.416226851000829,ok,0.058840825000515906,0.017181810822784187,0.025788200999159017,80,404,True,length
1339,88.529,88.52946138100015,1.4228449980000732,ok,0.0454332000008435,0.017435131113911033,0.028345609000098193,80,584,True,length
1340,88.731,88.73252819200025,1.448298393001096,ok,0.05679931300073804,0.017613588898723408,0.028370726000503055,80,431,True,length
1341,88.781,88.78216811600032,1.4599318170003244,ok,0.06100006599990593,0.017707686215210662,0.02837063300103182,80,367,True,length
1342,88.832,88.83248248599921,1.4415663509989827,ok,0.047427761999642826,0.017646994417709377,0.028369260000545182,80,418,True,length
1343,89.025,89.02547947200037,1.4690758100005041,ok,0.05015924400140648,0.01796063334176658,0.028393404998496408,80,410,True,length
1344,89.076,89.07715972400001,1.470088673000646,ok,0.052920289001122,0.01793847668352699,0.028394281000146293,80,460,True,length
1345,89.252,89.2537357479996,1.4893877490012528,ok,0.05918069000108517,0.018103561974673044,0.0283723030006513,80,339,True,length
1346,89.303,89.30332041899965,1.4757560390007711,ok,0.047916065999743296,0.018073601012670398,0.028483037000114564,80,387,True,length
1347,89.353,89.35352691799926,1.4790094920008414,ok,0.050149475000580424,0.018086506594943187,0.02839328599839064,80,341,True,length
1348,89.429,89.4300232659989,1.4722547649998887,ok,0.04439006299980974,0.018073914417706147,0.028395441000611754,80,438,True,length
1349,89.454,89.45508129999871,1.4829487780007184,ok,0.056219727999632596,0.01805952808860604,0.028396354000506108,80,595,True,length
1350,89.504,89.50426097499985,1.4669677190013317,ok,0.04377949199988507,0.018014712329123897,0.028393574999427074,80,343,True,length
1351,89.529,89.5306070939987,1.4741928650000773,ok,0.061135167999964324,0.01788647407595852,0.02839646499887749,80,397,True,length
1352,89.554,89.55433773999903,1.468084539001211,ok,0.0558462140015763,0.017875704341764227,0.028366552000079537,80,586,True,length
1353,89.579,89.58013695699992,1.4597468680003658,ok,0.04382439099936164,0.017922750177235627,0.028371383999910904,80,480,True,length
1354,89.605,89.60603892899962,1.4669283430012001,ok,0.054647633000058704,0.017876679430398175,0.028393575999871246,80,422,True,length
1355,89.68,89.68110632099888,1.4655481339996186,ok,0.05181953699866426,0.017894993392405058,0.02834872299899871,80,365,True,length
1356,89.731,89.73202840599879,1.4736144290000084,ok,0.06324612200114643,0.017852472759473072,0.02839635499913129,80,418,True,length
1357,89.756,89.75678025900015,1.4623364479994052,ok,0.05321640900001512,0.017836670784807995,0.02837001199986844,80,372,True,length
1358,89.832,89.83267551899917,1.461896737000643,ok,0.05137143000138167,0.01785437281011317,0.026158999999097432,80,593,True,length
1359,90.05,90.05110023700036,1.4592267000007269,ok,0.05911767699944903,0.01772249550634149,0.02615477200015448,80,337,True,length
1360,90.177,90.17790966499888,1.458635259001312,ok,0.06427932800033886,0.017649723240515124,0.026156836000154726,80,353,True,length
1361,90.202,90.20272306599873,1.4508116039996821,ok,0.05260088900104165,0.017698562443036258,0.0261588949997531,80,379,True,length
1362,90.303,90.3044163859995,1.4464156009998987,ok,0.05936791800013452,0.017557207291132196,0.026155637000556453,80,426,True,length
1363,90.353,90.35329003100014,1.4306735919999483,ok,0.048614979001285974,0.017493990797447623,0.026158661999943433,80,599,True,length
1364,90.429,90.42949645299996,1.4356879260012647,ok,0.0646163860001252,0.017354986746841525,0.02577030499924149,80,368,True,length
1365,90.554,90.55452021099882,1.4127704260008613,ok,0.050280433000807534,0.017246354189870843,0.02483799900073791,80,585,True,length
1366,91.05,91.05110764799974,1.410610341001302,ok,0.058583379999618046,0.01711389256962332,0.026171952000368037,80,394,True,length
1367,91.101,91.10207592799998,1.3949769170012587,ok,0.044688718000543304,0.017091920670880632,0.026137229000596562,80,431,True,length
1368,91.151,91.15195738799957,1.4041719749984622,ok,0.053629380998245324,0.01709507734177592,0.0261819879997347,80,398,True,length
1369,91.177,91.17780651300018,1.3915202890002547,ok,0.04120825499921921,0.017092272620255797,0.026022695999927237,80,589,True,length
1370,91.202,91.20312237500002,1.3998508839995338,ok,0.05191646499952185,0.01706217444304077,0.026139229999898816,80,368,True,length
1371,91.252,91.25217175800026,1.4002686089988856,ok,0.05530240699954447,0.017024607329115992,0.026138958000956336,80,339,True,length
1372,91.303,91.30513289499868,1.4011365930000466,ok,0.05515066800035129,0.01703748567089423,0.02602106599988474,80,594,True,length
1373,91.353,91.35405231899858,1.401801333999174,ok,0.0591793889998371,0.016994910012657828,0.02617849399939587,80,415,True,length
1374,91.504,91.50609673500003,1.3999564180012385,ok,0.0559249110010569,0.01701273250631558,0.026166842000748147,80,372,True,length
1375,91.554,91.55470063899884,1.3845867540003383,ok,0.04444230400076776,0.016963511430385783,0.02602075999857334,80,404,True,length
1376,91.579,91.57932591899953,1.3931661370006623,ok,0.05702952499996172,0.01691278616456231,0.026175782000791514,80,400,True,length
1377,91.857,91.85792161899917,1.3850724589992751,ok,0.043825017999552074,0.016977520772136042,0.026127769000595436,80,394,True,length
1378,92.126,92.12671313499959,1.4119504949994734,ok,0.05708907400003227,0.017149772772139426,0.026122859000679455,80,504,True,length
1379,92.151,92.15187633299865,1.4054375539999455,ok,0.04603882099945622,0.017207289227855332,0.026183576999756042,80,412,True,length
1380,92.227,92.22734016999857,1.4109142990000691,ok,0.05533578700124053,0.017158906291126784,0.02613788100097736,80,587,True,length
1381,92.278,92.27950596299888,1.4081779770003777,ok,0.055925987000591704,0.01711680178480872,0.026184346999798436,80,358,True,length
1382,92.328,92.32914449300006,1.408356227000695,ok,0.05929949100027443,0.017076339468364,0.02602212600140774,80,469,True,length
1383,92.404,92.40470430599999,1.402358245999494,ok,0.057134986000164645,0.01702781883545004,0.02549089400054072,80,341,True,length
1384,92.504,92.50433405900003,1.3953399620004348,ok,0.05184250999991491,0.017005964518991473,0.025488037999821245,80,401,True,length
1385,92.529,92.52948979499888,1.3877085919993988,ok,0.03986514699863619,0.01706101636708912,0.02549269799965259,80,339,True,length
1386,92.63,92.6319595240002,1.3981492830007483,ok,0.056605896999826655,0.01698110221518676,0.025495247999060666,80,432,True,length
1387,92.756,92.75705041199944,1.4021342520009057,ok,0.05205043299974932,0.01708935325317541,0.02548820799893292,80,341,True,length
1388,93.0,93.00145606200022,1.4009848189998593,ok,0.06163894900055311,0.016953401569618925,0.02542120899852307,80,404,True,length
1389,93.025,93.02534709099928,1.4009178380001686,ok,0.05113639199953468,0.017085551379762053,0.025490176998573588,80,453,True,length
1390,93.101,93.10170826099966,1.4153577750003024,ok,0.059839604000444524,0.017158153316456804,0.025492017999567906,80,593,True,length
1391,93.227,93.22732922199975,1.3992330229993968,ok,0.0516238499985775,0.017058025518997943,0.025327477998871473,80,452,True,length
1392,93.353,93.35409251300007,1.4018230620004033,ok,0.06376281800112338,0.016937156987331014,0.025493750001260196,80,404,True,length
1393,93.379,93.38006277400018,1.392899058999319,ok,0.05120435900062148,0.01698315446833764,0.02542924400040647,80,422,True,length
1394,93.454,93.45484428700001,1.3879977939996024,ok,0.05126243599988811,0.016920375645584705,0.0254819719993975,80,587,True,length
1395,93.479,93.47992008399888,1.380099728001369,ok,0.040173814000809216,0.016960766227856753,0.025488454000878846,80,480,True,length
1396,93.756,93.7564422180003,1.3836075439994602,ok,0.0505370179998863,0.016873979708870588,0.025120836000496638,80,325,True,length
1397,93.807,93.80723039300028,1.3820726190006098,ok,0.05904963400098495,0.016746805962013035,0.02512214399939694,80,401,True,length
1398,93.832,93.83294970299903,1.3736570390010456,ok,0.05267702499986626,0.016720969075967207,0.025122175999058527,80,347,True,length
1399,93.857,93.85774518200014,1.366174320999562,ok,0.042008370999610634,0.01676131941772676,0.025122547998762457,80,394,True,length
1400,94.025,94.02569800099991,1.3923481890014955,ok,0.057361961000424344,0.016898220303809917,0.02512140900034865,80,585,True,length
1401,94.076,94.07714938000026,1.3901917629991658,ok,0.057829208999464754,0.016865030518993424,0.02512115600075049,80,438,True,length
1402,94.126,94.12668827699963,1.3774371269992116,ok,0.045375264999165665,0.016861197886077827,0.025113730000157375,80,389,True,length
1403,94.202,94.2026836039986,1.3916013950001798,ok,0.05489743300131522,0.016919981873406525,0.025121042999671772,80,341,True,length
1404,94.379,94.37917837599889,1.3972739599994384,ok,0.05975602299986349,0.016930285025306215,0.025235832999896957,80,591,True,length
1405,94.429,94.42957127499903,1.3848971349998465,ok,0.04684554999948887,0.01693700734176673,0.025120271999185206,80,339,True,length
1406,94.479,94.47970044899921,1.3874433719993249,ok,0.050064146000295295,0.016928500113909315,0.02502598899991426,80,585,True,length
1407,94.781,94.78132992700012,1.399353623000934,ok,0.06159166299948993,0.016933313860757648,0.025008283000715892,80,400,True,length
1408,95.025,95.02546189799978,1.4006343219989503,ok,0.05144147200007865,0.017078088873410096,0.025677992000055383,80,404,True,length
1409,95.05,95.0503576029987,1.4003051159997995,ok,0.040336529000342125,0.017214503126593582,0.025657796000814415,80,402,True,length
1410,95.227,95.22816616899945,1.4160229480003181,ok,0.05440496399933181,0.01723536545570731,0.025656959998741513,80,480,True,length
1411,95.252,95.25311995599986,1.4048877290006203,ok,0.04320218000066234,0.01723625202531723,0.02568024299944227,80,410,True,length
1412,95.278,95.2790297270003,1.414658513998802,ok,0.06005146200004674,0.01714663508859234,0.025656181998783723,80,423,True,length
1413,95.303,95.30363634099922,1.4073875899994164,ok,0.04924245899928792,0.017191429962023698,0.02565699700062396,80,309,True,length
1414,95.454,95.45507290800015,1.4060453469992353,ok,0.049364267999408185,0.017172848240516955,0.025645333000284154,80,597,True,length
1415,95.504,95.50452524199864,1.4059157610008697,ok,0.05856642999970063,0.01705472960759524,0.025656423000327777,80,396,True,length
1416,95.529,95.52957403999972,1.3980277700011357,ok,0.04702509700109658,0.01710099436708264,0.025656785001046956,80,369,True,length
1417,95.731,95.73141486999884,1.4139844330002234,ok,0.05914725799993903,0.017149222582276386,0.025658274000306847,80,595,True,length
1418,95.781,95.78193218699926,1.4013029859997914,ok,0.04540161399927456,0.01716301302532216,0.025657300000602845,80,415,True,length
1419,95.832,95.83254824399955,1.4005338520000805,ok,0.04754547599986836,0.017126079721515742,0.025640513998951064,80,380,True,length
1420,96.0,96.00082339300025,1.414391133999743,ok,0.05959813499976008,0.01759436553248787,0.04745181299949763,78,326,True,length
1421,96.101,96.10179820399935,1.4261520389991347,ok,0.06515538999883574,0.017227499898742477,0.02565729200068745,80,417,True,length
1422,96.126,96.12669703000029,1.41944089000026,ok,0.05365694700049062,0.017288067341769995,0.025640843001383473,80,410,True,length
1423,96.177,96.17725204700037,1.4161358950004796,ok,0.05653273499956413,0.017209544772159933,0.025781071999517735,80,345,True,length
1424,96.278,96.27896551899903,1.4174556839989236,ok,0.055323468999631586,0.01724185012656712,0.025659150000137743,80,395,True,length
1425,96.328,96.32816259399988,1.4155920909997803,ok,0.06149759800064203,0.017140111683550494,0.025646573998528766,80,402,True,length
1426,96.404,96.40505473799931,1.4091944539995893,ok,0.058641144998546224,0.017095245240507442,0.025645681000241893,80,402,True,length
1427,96.579,96.57922366799903,1.3956507660004718,ok,0.06509038500007591,0.016842201025323033,0.024940827001046273,80,604,True,length
1428,96.605,96.60544863799987,1.38676499200119,ok,0.052339047000714345,0.016891146240503745,0.02493999500075006,80,346,True,length
1429,96.756,96.75696869700005,1.39117768899996,ok,0.05475063999983831,0.016916478316465765,0.02494119799848704,80,417,True,length
1430,97.086,97.08640996000031,1.3896720369994,ok,0.058879181000520475,0.016845137797461093,0.024887670999305556,80,404,True,length
1431,97.115,97.11548814199887,1.3782363080008508,ok,0.04367133900086628,0.016892907506327808,0.024897932999010663,80,398,True,length
1432,97.144,97.14551162099997,1.3815955520003627,ok,0.05620466700020188,0.016776782354433716,0.024790422001387924,80,311,True,length
1433,97.173,97.17336903199975,1.3708330009994825,ok,0.04214219899949967,0.016818548189861112,0.02478909399906115,80,379,True,length
1434,97.23,97.23021037800027,1.38403856199875,ok,0.0555928710000444,0.016815465658210894,0.024879983999198885,80,585,True,length
1435,97.402,97.40260779299933,1.3890904349991615,ok,0.049217411999052274,0.016960095759506796,0.025004667000757763,80,585,True,length
1436,97.46,97.46212262900008,1.392499385001429,ok,0.06561986199994863,0.016795590025324172,0.02499980399988999,80,325,True,length
1437,97.488,97.48911194799985,1.382861898999181,ok,0.05733671400048479,0.016778489556945483,0.025048964998859446,80,583,True,length
1438,97.517,97.51747290499952,1.3716263709993655,ok,0.042131786000027205,0.016828762607589472,0.025004806000652025,80,358,True,length
1439,97.661,97.66213228699962,1.3762144120009907,ok,0.04753841999990982,0.016818323329131045,0.024939887998698396,80,415,True,length
1440,97.719,97.72019048199945,1.3844672089999221,ok,0.060649527000350645,0.016756864518989643,0.02505198700055189,80,431,True,length
1441,98.029,98.02994326399858,1.3891028210000513,ok,0.0467683049992047,0.016991280772160708,0.025010286999531672,80,410,True,length
1442,98.115,98.11575112900027,1.392388262998793,ok,0.04552396399958525,0.017048589506332434,0.02524919400093495,80,342,True,length
1443,98.23,98.23036237199995,1.401714710998931,ok,0.04746667499966861,0.01714206313924559,0.025399498001206666,80,394,True,length
1444,98.316,98.31711274499867,1.4072426250004355,ok,0.0463519240001915,0.017226138556964806,0.02559886800008826,80,305,True,length
1445,98.546,98.54660260799938,1.4291779229988606,ok,0.0499428959992656,0.01745835064558159,0.026689718999477918,80,299,True,length
1446,98.632,98.63316700799987,1.429361971999242,ok,0.049288766998870415,0.01746894441774064,0.026692899000408943,80,480,True,length
1447,98.69,98.69089591699958,1.424245117999817,ok,0.044493997000245145,0.01746484529113458,0.026685143000577227,80,593,True,length
1448,98.747,98.7478428309987,1.4435500029994728,ok,0.0572257339990756,0.01754789077216329,0.02668771599928732,80,399,True,length
1449,99.0,99.0003353129996,1.4576471489999676,ok,0.05112964900035877,0.01780360348102131,0.026655049001419684,80,425,True,length
1450,99.058,99.05886554399876,1.451990528999886,ok,0.045839984000849654,0.017799013227851924,0.02669114700074715,80,360,True,length
1451,99.115,99.11594888599939,1.4754770460003783,ok,0.056711462000748725,0.017958754443026023,0.02666977499939094,80,408,True,length
1452,99.173,99.17385090599964,1.4689032719998067,ok,0.05106931699992856,0.017946988253150935,0.02665864899972803,80,348,True,length
1453,99.23,99.23073304699938,1.4697230649999256,ok,0.047198067000863375,0.01800634060759588,0.02667035800004669,80,469,True,length
1454,99.287,99.28812101999938,1.4876329210001131,ok,0.05893898999966041,0.018084421063289068,0.02665655999953742,80,599,True,length
1455,99.373,99.37395173199911,1.4957499590000225,ok,0.06469589100015583,0.018114267696189557,0.02668484800051374,80,376,True,length
1456,99.402,99.40222263400028,1.4856784500007052,ok,0.04958589400121127,0.018178061886057455,0.02668466300019645,80,587,True,length
1457,99.46,99.46216198899856,1.4958525210004154,ok,0.06605256500006362,0.018098407886088665,0.026689242000429658,80,404,True,length
1458,99.488,99.48908840799959,1.4875114689984912,ok,0.057040380999751505,0.01810692370885521,0.026686254999731318,80,453,True,length
1459,99.517,99.51847083499888,1.4764749280002434,ok,0.04182182099975762,0.018159885063302877,0.02669229099956283,80,398,True,length
1460,99.575,99.57552910699997,1.4841199290003715,ok,0.05667016000006697,0.018068666822797196,0.026670049999665935,80,587,True,length
1461,99.632,99.63231725199876,1.4765559769984975,ok,0.05567112599965185,0.017985515822791842,0.026800081999681424,80,344,True,length
1462,99.776,99.77636298099969,1.4665211449992057,ok,0.060492556000099285,0.017797503227852816,0.02610475899928133,80,389,True,length
1463,99.804,99.80562690399893,1.4610094569998182,ok,0.045052744999338756,0.01792314256962976,0.026106826999239274,80,603,True,length
1464,99.833,99.8332941890003,1.464449130000503,ok,0.05500847800067277,0.017840711810129483,0.026174330998401274,80,595,True,length
1465,100.144,100.14551324700005,1.4508094689990685,ok,0.06440067199946498,0.01754914008862342,0.02617225900030462,80,431,True,length
1466,100.173,100.1735162169989,1.4404767960004392,ok,0.05203188400082581,0.017574937037974036,0.026175439999860828,80,503,True,length
1467,100.316,100.31620851699881,1.4406086409999261,ok,0.051261774000522564,0.017586250518986702,0.02715438199993514,80,427,True,length
1468,100.373,100.37388593499963,1.4289183609998872,ok,0.0483678439995856,0.01747501367088584,0.02722827999969013,80,415,True,length
1469,100.517,100.51729884299857,1.419232184000066,ok,0.04906377000042994,0.01734357877216144,0.027234690000113915,80,365,True,length
1470,100.546,100.54624982399946,1.4236312150005688,ok,0.06021894500008784,0.01725807772152022,0.027229589999478776,80,583,True,length
1471,100.632,100.63297242599947,1.4015178819990979,ok,0.04853465799897094,0.01712601065824119,0.027225170000747312,80,345,True,length
1472,100.69,100.69171118200029,1.391571282998484,ok,0.04614728699925763,0.01703037873416685,0.02720597400002589,80,393,True,length
1473,100.719,100.71966409999914,1.3961813500009157,ok,0.05626989899974433,0.016960619835451406,0.027227647000472643,80,404,True,length
1474,100.776,100.7771032949986,1.397096104999946,ok,0.05592644399985147,0.016976504227835604,0.027222873000937398,80,368,True,length
1475,101.086,101.08656679199885,1.3899487210001098,ok,0.05904794000161928,0.016846524139221896,0.027231783000388532,80,318,True,length
1476,101.23,101.23089285399874,1.3856129739997414,ok,0.048725143999035936,0.01692232802532642,0.027228891998674953,80,505,True,length
1477,101.287,101.28784834599901,1.3750122760011436,ok,0.04685652099942672,0.01681178224051892,0.027198122001209413,80,591,True,length
1478,101.345,101.3461370519999,1.3876966030002222,ok,0.05762067800060322,0.016836122075951206,0.027230699999563512,80,343,True,length
1479,101.604,101.60484856499897,1.3776019680008176,ok,0.046343847001480754,0.01685101751897917,0.02723294700081169,80,431,True,length
1480,101.719,101.72011309200025,1.3747449689999485,ok,0.04857381900001201,0.01678661096202286,0.024613836998469196,80,347,True,length
1481,101.804,101.80509514299956,1.371039263000057,ok,0.05005964899828541,0.0167207842278694,0.0246125839985325,80,604,True,length
1482,102.115,102.11597500399876,1.3616943979995995,ok,0.05827701599991997,0.016498624860750044,0.0245231610006158,80,401,True,length
1483,102.144,102.14475172899984,1.349915876000523,ok,0.042326474000219605,0.016551426493652464,0.024475503001667676,80,612,True,length
1484,102.23,102.23188645099981,1.3639831519994914,ok,0.0545467270003428,0.01657480596201557,0.024451774999761255,80,402,True,length
1485,102.345,102.34518832199865,1.3674634880007943,ok,0.06326312800047162,0.016508490265827094,0.024475100999552524,80,593,True,length
1486,102.373,102.37490161599999,1.3548692339991248,ok,0.04711397999926703,0.01655353006330349,0.02447781899900292,80,342,True,length
1487,102.402,102.40324883799985,1.3632623480007169,ok,0.055628688000069815,0.016552003417732348,0.024479400999553036,80,327,True,length
1488,102.488,102.48876445099995,1.3617084969991993,ok,0.05640753599982418,0.01652247193671912,0.024988650000523194,80,604,True,length
1489,102.575,102.57544985200002,1.354128798999227,ok,0.053771210999912,0.016459906000012712,0.024992295999254566,80,589,True,length
1490,102.69,102.69182793399887,1.3484741289994417,ok,0.055262810999920475,0.016369448189869195,0.024989888001073268,80,398,True,length
1491,102.747,102.74722754199865,1.3523374060005153,ok,0.05333360199983872,0.01644276124050843,0.024972637998871505,80,412,True,length
1492,102.804,102.80484006599909,1.3404819990009855,ok,0.049081187000410864,0.016346493721518723,0.024991694999698666,80,358,True,length
1493,103.517,103.51747792700007,1.3581221559998085,ok,0.04523396999866236,0.01661835778480664,0.02499278399955074,80,432,True,length
1494,103.632,103.63229614099873,1.35521885000162,ok,0.047060423999937484,0.016558489240519003,0.024921879999965313,80,505,True,length
1495,103.719,103.72007278599995,1.348143577000883,ok,0.046469255999909365,0.01647640456961003,0.024989188999825274,80,453,True,length
1496,103.804,103.80493165999906,1.3430881509993924,ok,0.04557183100041584,0.01642389149365735,0.02460630499990657,80,603,True,length
1497,104.029,104.029930581999,1.3598281609993137,ok,0.04645124699891312,0.016624668240505736,0.02460419199996977,80,504,True,length
1498,104.058,104.0595899839991,1.3601757699998416,ok,0.05296956500023953,0.016546629860754423,0.024784057999568176,80,298,True,length
1499,104.173,104.17401136099943,1.3637543990007543,ok,0.05401739700027974,0.016578621962022984,0.024821421000524424,80,480,True,length
1500,104.287,104.2880424599989,1.366877010999815,ok,0.05458642400117242,0.016610951949368877,0.024810756998704164,80,426,True,length
1501,104.402,104.40259636399969,1.3704402889998164,ok,0.054392078000091715,0.016658505265822205,0.02460722099931445,80,402,True,length
1502,104.46,104.46033197999895,1.3670867660002841,ok,0.04942118200051482,0.0166790062405106,0.024816028999339323,80,404,True,length
1503,104.575,104.575966426999,1.3689157769986195,ok,0.049107457998616155,0.016706103455707985,0.024802943000395317,80,402,True,length
1504,104.661,104.66158099899985,1.3638400360014202,ok,0.04769834900071146,0.016659682417722955,0.02460568100104865,80,298,True,length
1505,104.804,104.80512813899986,1.3687447990014334,ok,0.05239217800044571,0.016662360696201074,0.02433527100038191,80,583,True,length
1506,105.173,105.17374021700016,1.3905013670009794,ok,0.05741672399926756,0.016874165721536067,0.025678074000097695,80,599,True,length
1507,105.259,105.26037049200022,1.390870241999437,ok,0.060774186000344343,0.01683632170886396,0.025645794999945792,80,398,True,length
1508,105.287,105.28810863099898,1.3769341080005688,ok,0.04631557399989106,0.016842964417736753,0.0256751990000339,80,589,True,length
1509,105.345,105.34568580700034,1.3917916810005408,ok,0.05623976400056563,0.01690541264556659,0.02570439499868371,80,379,True,length
1510,105.402,105.40311647599992,1.3836259440013237,ok,0.05276464800044778,0.01684599718987268,0.02573129099982907,80,379,True,length
1511,105.517,105.51785938799912,1.3814054770009534,ok,0.056219455000245944,0.016774184443028955,0.025705857999128057,80,397,True,length
1512,105.69,105.69061400099963,1.368659805999414,ok,0.04805972600115638,0.01671608613922885,0.0257301270012249,80,389,True,length
1513,105.747,105.74743103499895,1.3767471230003139,ok,0.062230475999967894,0.016639135734179415,0.02573184500033676,80,438,True,length
1514,105.804,105.80428250099976,1.3746262089989614,ok,0.05968122500053141,0.01664456448099971,0.025732490999871516,80,480,True,length
1515,106.058,106.05868839399955,1.3721509919996606,ok,0.050257607001185534,0.01673250749367002,0.025674147998870467,80,419,True,length
1516,106.173,106.17403104699952,1.3690768409996963,ok,0.05173108999952092,0.01667490378483158,0.02572660599980736,80,320,True,length
1517,106.316,106.31627993799884,1.370826110998678,ok,0.05783585799872526,0.016619761063292906,0.02573167199989257,80,589,True,length
1518,106.373,106.37434529999882,1.3689517620005063,ok,0.058454345000427566,0.01658823783543971,0.025203744999089395,80,343,True,length
1519,106.402,106.40343456099981,1.3574339559982036,ok,0.04317243499826873,0.016635837645584548,0.025202971999533474,80,404,True,length
1520,106.488,106.48823684299896,1.3785060949994659,ok,0.058491116998993675,0.016708726518993012,0.025227262000043993,80,593,True,length
1521,106.604,106.60512617699897,1.3737024770016433,ok,0.06002266200084705,0.016628528392405466,0.025189975000103004,80,404,True,length
1522,106.661,106.66173821099983,1.3658054110001103,ok,0.0621590760001709,0.01650154036710601,0.025222296999345417,80,431,True,length
1523,106.69,106.6902690679999,1.3542253890009306,ok,0.04712040199956391,0.01654533296204124,0.02522694099934597,80,591,True,length
1524,107.144,107.14487131900023,1.356237186000726,ok,0.047372242999699665,0.016567601746840098,0.025225716999557335,80,475,True,length
1525,107.23,107.2301667569991,1.3609669690013106,ok,0.046456946000034804,0.01663893212659061,0.025211103000401636,80,438,True,length
1526,107.345,107.34525401999963,1.36415752999892,ok,0.04833472499922209,0.016655337772147193,0.024856482001268887,80,594,True,length
1527,107.373,107.37435970499973,1.3716733349992865,ok,0.05634504800036666,0.01664944564555886,0.024900291000449215,80,333,True,length
1528,107.661,107.66285859599884,1.3797567980000167,ok,0.06659931500144012,0.016621913746832112,0.02485583899942867,80,380,True,length
1529,107.69,107.69046871599858,1.3654828010003257,ok,0.05312823100030073,0.016611787303789448,0.024856079000528553,80,415,True,length
1530,107.776,107.77678847199968,1.365374774000884,ok,0.058269033001124626,0.016545267607593988,0.025091356999837444,80,432,True,length
1531,107.804,107.80581681299918,1.349804816998585,ok,0.04316600599850062,0.016539438430380513,0.024949058999482077,80,603,True,length
1532,108.1,108.1002399379995,1.373452403000556,ok,0.05827491299896792,0.0166474773291214,0.024855819001459167,80,465,True,length
1533,108.167,108.1687636609986,1.3701720019998902,ok,0.05783081000117818,0.016611531810126565,0.02508196899907489,80,393,True,length
1534,108.433,108.43355762899955,1.365393807000146,ok,0.04996266800117155,0.016650682949366915,0.02492244599852711,80,587,True,length
1535,108.5,108.5012653599988,1.3623201079990395,ok,0.05267545999959111,0.016577392835447253,0.024909914000090794,80,346,True,length
1536,108.533,108.5351347830001,1.3613973450010235,ok,0.05589437500020722,0.016524980784807564,0.02489774500099884,80,410,True,length
1537,108.6,108.6013609269994,1.3594504150005378,ok,0.05804334800086508,0.0164731398227916,0.024945385999672,80,345,True,length
1538,108.7,108.70050281799922,1.3394268619995273,ok,0.045597444999657455,0.01637726200001625,0.024574353001298732,80,416,True,length
1539,108.733,108.73371396400034,1.3389005930002895,ok,0.04794625600152358,0.016340860531640886,0.02461675399899832,80,379,True,length
1540,109.0,109.00027701599902,1.3483228979985142,ok,0.05558609099898604,0.016363459000003095,0.024533548999897903,80,418,True,length
1541,109.1,109.10047290299917,1.348609459000727,ok,0.05535329600024852,0.016369998721518043,0.024530136999601382,80,431,True,length
1542,109.3,109.30044375899888,1.3365718059994833,ok,0.049877768999067484,0.01628694835443052,0.02452867200008768,80,452,True,length
1543,109.367,109.36753087099896,1.3391011849998904,ok,0.05168511899864825,0.016296057215197522,0.024411448999671848,80,475,True,length
1544,109.4,109.40036143399993,1.3371615129999554,ok,0.05568445300013991,0.016220880822782165,0.02441110700056015,80,423,True,length
1545,109.633,109.63332505499966,1.322579654999572,ok,0.05265979899922968,0.01607456232912089,0.024099917000057758,80,399,True,length
1546,110.233,110.23383496099996,1.3420287810004083,ok,0.04628386900003534,0.016401411341760222,0.024778364000667352,80,458,True,length
1547,110.267,110.26748353599942,1.3418479710016982,ok,0.04792251800063241,0.016803755987008093,0.04398462900098821,78,326,True,length
1548,110.333,110.33357063899894,1.3462261780005065,ok,0.05140004100030637,0.01638989101266367,0.024784709999948973,80,387,True,length
1549,110.667,110.66716666399952,1.348676665000312,ok,0.05279355499988014,0.01640327963291441,0.024782991999018122,80,589,True,length
1550,111.033,111.03322342199863,1.3691869850008516,ok,0.05146166499980609,0.016679458620251063,0.024783247001323616,80,458,True,length
1551,111.067,111.0674901659986,1.3684575219995168,ok,0.05345987600048829,0.016645212405048276,0.02478221799901803,80,367,True,length
1552,111.133,111.1331857969999,1.3673076249997393,ok,0.05496779299937771,0.016611519898739244,0.02477862500018091,80,480,True,length
1553,111.2,111.2004879369997,1.365312100000665,ok,0.055853912999737076,0.016574984784814593,0.024783308001133264,80,591,True,length
1554,111.267,111.26758878299916,1.3676395249985944,ok,0.06337902099949133,0.016509310924056646,0.024536517001251923,80,400,True,length
1555,111.3,111.30105620299946,1.3515033939984278,ok,0.04351958299957914,0.016556452354420857,0.024621704000310274,80,387,True,length
1556,111.433,111.43328285899952,1.3683333030003269,ok,0.06360798199966666,0.016515174721519806,0.024582445999840274,80,418,True,length
1557,111.467,111.4676995739992,1.3504551909991278,ok,0.04292335699938121,0.01655069949366764,0.024619109999548527,80,480,True,length
1558,111.633,111.6339979989989,1.3562410739996267,ok,0.0587086339983216,0.016424136367093042,0.024229448001278797,80,480,True,length
1559,111.8,111.80050869499973,1.352677302000302,ok,0.05509585500112735,0.016424730177219963,0.024228601001595962,80,426,True,length
1560,112.0,112.00018200100021,1.3521294809997926,ok,0.05179143399982422,0.016459652506317164,0.024539928001104272,80,305,True,length
1561,112.079,112.07925557599992,1.358692281999538,ok,0.05634352100059914,0.01648506036708798,0.02459776400064584,80,480,True,length
1562,112.158,112.15831830899879,1.3462959379994572,ok,0.046293782001157524,0.016455374531630432,0.02454155899977195,80,395,True,length
1563,112.276,112.27752230799888,1.3528896940006234,ok,0.05906636700092349,0.016377162240512663,0.024566414000219083,80,432,True,length
1564,112.553,112.5540771699998,1.332066554999983,ok,0.047639788999731536,0.016258197265829673,0.02453676399818505,80,415,True,length
1565,112.632,112.6322182189997,1.3332999659996858,ok,0.0564395000001241,0.016162431430380313,0.02456995700049447,80,310,True,length
1566,113.0,113.00050719399951,1.3531836239999393,ok,0.05700743099987449,0.016406971987324347,0.024569748999056173,80,345,True,length
1567,113.158,113.15847055999984,1.3360932069990668,ok,0.0464916799992352,0.016323743291143764,0.02456812099990202,80,343,True,length
1568,113.276,113.27629242500007,1.3441861490009614,ok,0.05864488000042911,0.016272338683548594,0.02458236299935379,80,376,True,length
1569,113.395,113.396430331999,1.3346420360012416,ok,0.054716163000193774,0.016201266873418097,0.024539747000744683,80,402,True,length
1570,113.434,113.43468528199992,1.3289617490008823,ok,0.05273216200112074,0.01615449817721508,0.024533978999897954,80,345,True,length
1571,113.632,113.63276251599927,1.3195059199988464,ok,0.049790415998359094,0.01607201877215883,0.02458004800064373,80,369,True,length
1572,114.079,114.07915768099883,1.325151917999392,ok,0.04657060899990029,0.01618418310126684,0.024503194999851985,80,399,True,length
1573,114.158,114.15838193499985,1.3261608649991103,ok,0.0509039099997608,0.016142180810134108,0.024540016000173637,80,350,True,length
1574,114.197,114.19784228400022,1.3226004949992785,ok,0.04793231499934336,0.01613472489872395,0.024503495000317344,80,402,True,length
1575,114.237,114.23722726099913,1.3156494590002694,ok,0.0452197900012834,0.01608106198732515,0.02441814400117437,80,431,True,length
1576,114.316,114.31648773899906,1.3152957980000792,ok,0.04992756899991946,0.016016975670890467,0.024101581000650185,80,368,True,length
1577,115.048,115.0489991329996,1.2991240920000564,ok,0.047431163999135606,0.015843725088623476,0.024100277998513775,80,425,True,length
1578,115.143,115.14331128799859,1.2988445790015248,ok,0.0517179650014441,0.015786076265808507,0.024100503000227036,80,423,True,length
1579,115.333,115.33367413199994,1.3005993910010147,ok,0.05354624000028707,0.015785162759498293,0.023794151000402053,80,389,True,length
1580,115.476,115.47664419299872,1.2864037819999794,ok,0.043942431000687066,0.01572700520253282,0.02379513300002145,80,402,True,length
1581,116.0,116.00053498200032,1.2931598559989652,ok,0.051319176998731564,0.015719107569623966,0.023791154999344144,80,389,True,length
1582,116.524,116.52510451299895,1.2888142539995897,ok,0.04554207799992582,0.01573726898733426,0.023820480000722455,80,504,True,length
1583,116.619,116.61927488699985,1.288675913001498,ok,0.04925660300068557,0.015688524164551947,0.023782033000316005,80,327,True,length
1584,117.19,117.19188821699936,1.3031916549989546,ok,0.05346774799909326,0.015818973860761986,0.023920752999401884,80,417,True,length
1585,117.476,117.47694582700024,1.3158921020003618,ok,0.052623334999225335,0.01599039031645612,0.02402066699869465,80,595,True,length
1586,117.572,117.5730251699988,1.3141471070011903,ok,0.05317303400079254,0.01596137469620967,0.024014589998841984,80,311,True,length
1587,118.048,118.04850774999977,1.3060053820008761,ok,0.047987358000682434,0.015923961430382428,0.024016973000470898,80,327,True,length
1588,118.143,118.14408540099976,1.3105192269995314,ok,0.04917168599968136,0.015966019025309156,0.024016121999011375,80,334,True,length
1589,118.428,118.42869960999997,1.3114753589998145,ok,0.04933880599855911,0.015975960962039813,0.02402656500089506,80,401,True,length
1590,118.476,118.47631251100029,1.3120385420006642,ok,0.05437977700057672,0.015919385113918424,0.02401813299911737,80,480,True,length
1591,118.572,118.57219220299885,1.3104997489990637,ok,0.0575216109991743,0.01586011202532144,0.02390571599971736,80,360,True,length
1592,118.619,118.61923133100026,1.2958106580008462,ok,0.046491958000842715,0.01581376963290898,0.0239034599999286,80,325,True,length
1593,119.389,119.38943031099916,1.2951225730012084,ok,0.04756896500111907,0.01579147312657346,0.023701908001385164,80,404,True,length
1594,119.444,119.44420823899964,1.2881128299995908,ok,0.046206535000237636,0.015719978924055255,0.023700693000137107,80,359,True,length
1595,120.111,120.11201287800031,1.3019844779992127,ok,0.05115440800000215,0.015832888632907778,0.02430069000001822,80,334,True,length
1596,120.222,120.22273677699923,1.3014752959988982,ok,0.05383780499869317,0.015792508405083245,0.02427958999942348,80,591,True,length
1597,120.444,120.44502900899897,1.2962137909999,ok,0.051387899000474135,0.01575694297467704,0.024298276999616064,80,325,True,length
1598,121.0,121.00106054299977,1.2808000649984024,ok,0.04446998099956545,0.01564939258227978,0.02429990300151985,80,465,True,length
1599,121.278,121.27824692099966,1.2862307729992608,ok,0.050858394999522716,0.015637246696188194,0.02429581800060987,80,480,True,length
1600,121.333,121.33336497599885,1.2783424129993364,ok,0.04801387500083365,0.015573394797453908,0.023799820000931504,80,400,True,length
1601,122.444,122.44458198599932,1.2781687799997599,ok,0.056318855999052175,0.015466060291146277,0.02361743499932345,80,419,True,length
1602,123.0,123.00197233499966,1.2851452189988777,ok,0.05266343699986464,0.015600634607582396,0.023773000999426586,80,596,True,length
1603,123.2,123.20171561799907,1.2880831040001794,ok,0.05707618599990383,0.015582003443042492,0.023774813000272843,80,585,True,length
1604,124.0,124.00093753599867,1.2690784620008344,ok,0.047980306000681594,0.015456578177207443,0.023748081001031096,80,415,True,length
1605,124.2,124.20085889199981,1.264094632000706,ok,0.05355597800007672,0.015322884620252785,0.0187550939990615,80,436,True,length
1606,125.6,125.60035036299996,1.2407910809997702,ok,0.02988355300112744,0.015327545999983308,0.02403000399863231,80,583,True,length
1607,125.8,125.80022382399875,1.250980503999017,ok,0.04589874900011637,0.015253812531642048,0.018117543000698788,80,404,True,length
1608,134.2,134.20156117799888,1.2484136990005936,ok,0.029544385000917828,0.01542835948101681,0.02364969899826974,80,314,True,length
1609,134.8,134.80041245599932,1.271915708999586,ok,0.052039686001080554,0.015441114924042383,0.024045591999311,80,475,True,length
1610,135.6,135.60076074300014,1.2670641050008271,ok,0.05085150900049484,0.015394731379734666,0.024075925000943244,80,603,True,length
1611,135.8,135.8009788290001,1.261698050000632,ok,0.05407001200001105,0.015286033746829334,0.01807841500158247,80,325,True,length
